framenr,kanji,keyword,public,last_edited,story
1,一,"one",0,2025-02-15 16:14:02,"One line"
2,二,"two",0,2025-02-15 16:14:10,"Two lines"
3,三,"three",0,2025-02-15 16:14:18,"Three lines"
4,四,"four",0,2025-02-15 16:14:26,"A table has four legs."
5,五,"five",0,2025-02-15 16:14:41,"Italic I + a chair"
6,六,"six",0,2025-02-15 16:14:49,"A starfish is not a roku (rock)."
7,七,"seven",0,2025-02-15 16:15:10,"This kanji is good old seven, turned upside down."
8,八,"eight",0,2025-02-15 16:15:21,"1 + 7 = 8"
9,九,"nine",0,2025-02-15 16:15:29,"looks like N from NINE"
10,十,"ten",0,2025-05-11 17:39:39,"The X of the Romans is now a cross, but they're both ten nonetheless."
11,口,"mouth",0,2025-02-15 16:11:19,"A  mouth, open."
12,日,"day",0,2025-02-15 16:16:15,"Pictograph of the sun (with a cloud passing in front)"
13,月,"month",0,2025-02-15 16:16:26,"A month is longer than a day."
14,田,"rice field",0,2025-02-15 16:17:00,"*Ten* (*{十}*) rice fields can feed many *mouths* (*{口}*)."
15,目,"eye",0,2025-02-15 16:17:09,"The eye has two eyelids and the eyeball, so there are three sections."
16,古,"old",0,2025-05-11 17:39:56,"You get old fast if you have *ten* (*{十}*) open *mouths* (*{口}*) to feed."
17,吾,"I",0,2025-08-18 18:34:44,"I have two eyes, nose, two ears = *5* (*{五}*) plus one *mouth* (*{口}*)."
18,冒,"risk",0,2025-03-01 10:11:22,"Don't look at the *sun* (*{日}*) directly with your *eyes* (*{目}*), it's risky!"
19,朋,"companion",0,2020-10-21 02:08:26,"2 *months* (*{月}*) at least until someone becomes a companion."
20,明,"bright",0,2025-02-25 16:47:35,"The *sun* (*{日}*) makes the *moon* (*{月}*) bright."
21,唱,"chant",0,2020-10-10 17:19:57,"Someone chanting with their *mouth* (*{口}*) open for two consecutive *days* (*{日}*)."
22,晶,"sparkle",0,2012-05-22 15:04:03,"Twinkle, twinkle... little stars. (Three, interestingly enough, is the minimum required to convey ""many""-ness.)"
23,品,"goods",0,2024-03-06 17:33:37,"*Three boxes* of goods are devoured by the hungry *mouths* (*{口}*) of waiting consumers."
24,呂,"spine",0,2025-02-15 16:22:25,"The spine kanji looks like one section of the spinal column bone."
25,昌,"prosperous",0,2012-05-03 01:20:57,"If you work from Sun UP to Sun DOWN you will be #prosperous#."
26,早,"early",0,2025-05-11 17:40:15,"Early,  is when you have to start your *day* (*{日}*) before *10* (*{十}*) ..."
27,旭,"rising sun",0,2012-07-27 17:00:29,"9am carries with it the rising *sun*."
28,世,"generation",0,2020-10-21 02:12:07,"20 (*{廿}*) plus 10 (*{十}*) plus 1 (*{一}*), 31, is a generation."
29,胃,"stomach",0,2025-02-24 10:19:04,"The *rice field* (*{田}*) is harvested once a *month* (*{月}*) to get food for our #stomach#"
30,旦,"nightbreak",0,2025-03-02 18:32:56,"The *sun* (*{日}*) is rising from the floor at nightbreak."
31,胆,"gall bladder",0,2020-10-21 02:13:36,"The *moon* (*{月}*) has a lot of gall sticking around after *nightbreak* (*{旦}*)."
32,亘,"span",0,2024-02-20 15:49:11,"The *sun* (*{日}*) spans from horizon to horizon in a day."
33,凹,"concave",0,2012-05-02 01:13:29,"the letter ""U"" is #concave#ly written"
34,凸,"convex",0,2025-02-15 16:22:46,"convex"
35,旧,"olden times",0,2020-10-21 02:14:32,"Age 18 = olden times"
36,自,"oneself",0,2025-05-11 17:38:48,"*Eye* (*{目}*) *drops* (*{丶}*) are applied by oneself."
37,白,"white",0,2024-02-20 15:50:54,"A *drop* (*{丶}*) of *sun* (*{日}*) (on the water on a sunny day) looks white, it is so bright."
38,百,"hundred",0,2024-02-20 15:52:01,"*One* (*{一}*) *drop* (*{丶}*) of *sun* (*{日}*) can travel a hundred light years"
39,中,"in",0,2024-02-20 15:52:57,"It's hard to put food in your *mouth* (*{口}*) with only *one* (*{一}*) chopstick"
40,千,"thousand",0,2025-03-02 18:33:55,"It takes many *drops* (*{丶}*) of *ten* (*{十}*) to get to a thousand."
41,舌,"tongue",0,2016-11-30 05:24:53,"What is in a *mouth* (*{口}*) that permits it to speak a *thousand* (*{千}*) things? Yes, a #tongue#."
42,升,"measuring box",0,2025-03-02 18:34:41,"It is a *thousand* (*{千}*) or *ten* (*{十}*)? I need my #measuring box#."
43,昇,"rise up",0,2020-11-10 02:56:18,"See the *sun* (*{日}*) rise up by using a *measuring box* (*{升}*)."
44,丸,"round",0,2025-02-26 14:29:47,"*nine* (*{九}*) plus a drop (*{丶}*) rounds it off to (*{十}*)!"
45,寸,"measurement",0,2025-03-02 18:35:22,"The decimal system uses *drops* (*{丶}*) of *ten* (*{十}*) as a measurement."
46,専,"specialty",0,2025-02-10 09:49:34,"After you have chosen your *10* (*{十}*) *fields* (*{田}*) of study, *measure* (*{寸}*) how good you are at each to find out your specialty."
47,博,"Dr.",0,2025-03-02 18:35:54,"*Ten* (*{十}*) *specialties* (*{専}*) grants you the title of Dr. with a drop (*{丶}*)."
48,占,"fortune-telling",0,2025-03-02 18:36:44,"Fortune-telling: using a *mouth* (*{口}*) as a *divining rod* (*{卜}*)."
49,上,"above",0,2025-02-15 16:23:21,"A plant is above the ground."
50,下,"below",0,2025-02-15 16:23:27,"Roots are below the ground"
51,卓,"eminent",0,2022-08-29 16:03:26,"The most #eminent# magician is he who learned to use his *magic wand* (*{卜}*) *early* (*{早}*) in life."
52,朝,"morning",0,2025-03-02 18:37:39,"In the morning, god picks the *sun* (*{日}*) up to the sky with two *needles* (*{十}*) (because it's too hot to touch by hands) to replace the *moon* (*{月}*)."
53,只,"only",0,2025-03-02 18:37:58,"Imagine an animal with only a *mouth* (*{口}*) and *leg*s."
54,貝,"shellfish",0,2025-02-24 10:09:25,"una conchiglia è un *occhio* (*{目}*)  con le gambe."
55,貞,"upright",0,2025-03-01 10:24:53,"A *magic wand* (*{卜}*) is needed to make a *shellfish* (*{貝}*) stand upright."
56,員,"employee",0,2025-03-01 10:25:51,"An employee has to *clam* (*{貝}*) up his *mouth* (*{口}*)  if he wants keep the job!"
57,見,"see",0,2025-03-02 18:39:28,"*Eye*s (*{目}*) and *human legs* (*{儿}*) are all you need to see the world."
58,児,"newborn babe",0,2025-03-02 18:39:56,"In the *olden times* (*{旧}*), a newborn babe came out *leg*s (*{儿}*) first."
59,元,"beginning",0,2025-03-02 18:40:23,"In the beginning there were just *two* (*{二}*) who walked on *human legs* (*{儿}*)."
60,頁,"page",0,2025-03-02 18:40:41,"A *shellfish* (*{貝}*) carrying a page balanced on its *head*."
61,頑,"stubborn",0,2025-02-21 15:56:23,"A stubborn person in the *beginning* (*{元}*) gets something into their *head* (*{頁}*) and can't change their mind."
62,凡,"mediocre",0,2025-03-01 10:20:55,"A *drop* (*{丶}*) of breeze is naught but a mediocre *wind* (*{几}*)"
63,負,"defeat",0,2025-04-19 02:25:32,"*Bound up* (*{勹}*), the *shellfish* (*{貝}*) had to accept defeat!"
64,万,"ten thousand",0,2025-02-15 16:24:56,"Ten thousand has 5 digits, which looks like the kanji for it."
65,句,"phrase",0,2024-02-22 13:58:45,"A *bound up* (*{勹}*) *mouth* (*{口}*) cannot utter a single phrase."
66,肌,"texture",0,2020-10-21 07:11:39,"The *moon*'s (*{月}*) lack of *wind* (*{几}*) preserves its texture."
67,旬,"decameron",0,2025-05-11 17:40:59,"Hesig should be *bound up* (*{勹}*) for 10 *days* (*{日}*) for calling this Kanji decameron. See (*{殉}*)"
68,勺,"ladle",0,2024-02-22 14:01:21,"A ladle can *bind up* (*{勹}*) a drop of (丶)  soup"
69,的,"bull's eye",0,2024-02-22 14:04:44,"I managed to hit the bull's eye by throwing my *white* (*{白}*) *ladle* (*{勺}*)."
70,首,"neck",0,2025-04-15 05:18:27,"One has a strong neck if one can carry *horns* (䒑) on *oneself* (*{自}*)."
71,乙,"fish guts",0,2025-02-15 16:25:23,"""Knife goes in, guts come out"" (-Bart Simpson's mantra as he guts fish in ""30 Minutes Over Tokyo"")."
72,乱,"riot",0,2024-02-23 13:54:40,"A *tongue* (*{舌}*) with a *hook* (*{乚}*) can cause a riot."
73,直,"straightaway",1,2024-02-23 14:20:54,"I caught a *ten* (*{十}*) -*eyed* (*{目}*)  freak  on my fish *hook* (*{乚}*), so I chucked (""ちょくed"") it back straightaway."
74,具,"tool",0,2020-10-16 17:16:14,"Keep an *eye* (*{目}*) on your tools while you work at the *table*."
75,真,"true",0,2020-10-16 17:15:22,"You need at least *10* (*{十}*) *tools* (*{具}*) to become a true craftsman"
76,工,"craft",0,2020-10-31 08:08:15,"I-beams are used to craft skyscrapers."
77,左,"left",0,2025-05-11 17:41:19,"The left *side* of my brain *posesses* the faculties needed for logical *crafts*, like engineering"
78,右,"right",0,2025-02-15 16:26:06,"The right *side* of my brain is for *speaking*."
79,有,"possess",0,2024-02-23 14:23:37,"Possessed by the Earth's gravity, the *moon* (*{月}*) stays by its side."
80,賄,"bribe",0,2024-02-23 14:25:01,"With all these *shellfish* (*{貝}*) in my *possession* (*{有}*) I can bribe anyone."
81,貢,"tribute",0,2024-02-23 14:25:30,"This next song is a tribute to my pet shellfish (*{貝}*) who was crushed by a falling I beam."
82,項,"paragraph",0,2024-02-23 14:26:30,"To write a paragraph is the *craft* (*{工}*) of grouping sentences on a *page* (*{頁}*)."
83,刀,"sword",0,2025-05-11 17:42:09,"This sword is so sharp, it cut off the top part of カ off in 刀タナ."
84,刃,"blade",0,2024-02-24 02:38:55,"The part of a *sword* (*{刀}*) where a *drop* (*{丶}*) of blood can usually be found is the blade."
85,切,"cut",0,2017-02-14 14:04:59,"Each of the *seven* (*{七}*) samurai used his *sword* (*{刀}*) to cut an opponent."
86,召,"seduce",0,2024-02-23 14:29:03,"To seduce is to make a *sword* of one's *mouth*."
87,昭,"shining",0,2024-02-23 14:29:33,"Shining is the *sun*'s (*{日}*) *seduction* (*{召}*)."
88,則,"rule",0,2024-02-23 14:30:45,"When you have both *money* (*{貝}*) and the power of the *sword* (*{刂}*), you can make the #rules#."
89,副,"vice-",0,2024-02-23 14:32:19,"The *wealthy* (*{畐}*) guy with the *sword* (*{刂}*): that's the #vice#-roy."
90,別,"separate",0,2024-02-24 02:40:08,"I don't know about you but to me this seems like someone's head is about to be separated from his body by a *sword* (*{刂}*). You can see he's kneeling and his mouth is wide open gasping for the last breath he will ever take."
91,丁,"street",0,2023-03-24 19:22:26,"The street ends at a t-junction."
92,町,"town",0,2025-02-15 16:27:35,"A *rice field* (*{田}*) and a *street* (*{丁}*) makes a town."
93,可,"can",0,2025-02-26 14:31:53,"Can you *speak* (*{口}*) *street* (*{丁}*)?"
94,頂,"place on the head",0,2012-05-01 01:30:35,"If I put a *street sign* on my *head* what do I get ?  A #place on the head# !"
95,子,"child",0,2025-02-15 16:28:06,"A child who is *ten* (*{十}*) will still ask for his *ma* (top looks a bit like katakana ma)"
96,孔,"cavity",0,2025-02-26 14:31:16,"I warned him about #cavities#, but the *child* (*{子}*) is still *hooked* (*{乚}*) on sweets."
97,了,"complete",0,2024-02-24 02:44:33,"Don't be tempted to write another stroke and make 子. This kanji, 了, is already complete."
98,女,"woman",0,2024-02-24 02:45:49,"To remember the order of strokes, remember a female ninja is called a ""kunoichi"" (くノ一). That is, く(hiragana)  ノ(katakana)  一(kanji, いち=one)."
99,好,"fond",0,2020-11-17 03:18:19,"It's hard to imagine being more fond of something than a *woman* (*{女}*) is of her *child* (*{子}*)."
100,如,"likeness",0,2020-11-05 18:17:15,"*Women* (*{女}*) share a common #likeness#.  Their *mouth*s (*{口}*) are always open."
101,母,"mama",0,2025-02-15 16:29:57,"the sun has two drops called ma & ma"
102,貫,"pierce",0,2020-11-05 18:19:02,"the  *employee* (*{員}*) was fired for pierceing his nose with a needle (*{十}*)."
103,兄,"elder brother",0,2012-07-19 15:55:00,"My elder brother was basically a *mouth* on *human legs* when he was a teenager."
104,克,"overcome",0,2020-11-05 18:20:16,"*Ten* (*{十}*) *elder brothers* (*{兄}*) can overcome anything."
105,小,"little",0,2013-09-08 03:38:12,"A little penguin with its wings at its side."
106,少,"few",0,2024-02-24 02:47:41,"Few usually refers to three. To emphasise three, we underline the three drops in *little* (*{小}*)."
107,大,"large",0,2020-11-05 18:21:07,"A person stretching their arms and legs to look large and scare a bear away."
108,多,"many",0,2020-11-05 18:21:35,"Two *evenings* (*{夕}*) too many!"
109,夕,"evening",0,2024-02-24 02:48:15,"When I come back home from work in the evening I say タダイマ."
110,汐,"eventide",0,2020-11-05 18:23:21,"Eventide is just another word for *evening* (*{夕}*), and it has the word tide in it which we associate with *water* (*{氵}*)."
111,外,"outside",0,2025-02-12 06:42:31,"A young magician likes to practice outside in the *evening* (*{夕}*) with his *magic wand* (*{卜}*)."
112,名,"name",0,2024-02-24 02:49:55,"In the *evening* (*{夕}*), her sweet *mouth* (*{口}*) whispered my name."
113,石,"stone",0,2025-02-26 14:32:26,"a *mouth* (*{口}*) open beneath a *cliff* (*{厂}*) is bound to swallow some stone."
114,肖,"resemblance",0,2024-02-24 02:50:51,"This kanji bears a resemblance to sparks on a candle. (I always remember the primitive, but never the original keyword.)"
115,硝,"nitrate",0,2024-02-24 02:52:10,"Salpetre is the common name for Nitrate coming from Latin ""sal petrae"" or *stone* (*{石}*) salt.  It is also a component of gun powder so including a *candle* (*{肖}*) in this kanji can be quite explosive!"
116,砕,"smash",0,2024-02-24 02:53:06,"To smash a *stone* (*{石}*) you need to hit it *nine* (*{九}*) or *ten* (*{十}*) times."
117,砂,"sand",0,2024-02-24 02:53:43,"Here's how I remember that *stone* is on the left. This is because sand starts as *stones* (*{石}*), and only later they become *few* (*{少}*)."
118,削,"plane",0,2024-02-24 02:55:19,"The carpenter's plane *resembles* (*{肖}*) a *saber* (*{刂}*)."
119,光,"ray",0,2024-02-24 02:57:08,"#Ray# is *little* (*{小}*) *legs* (*{儿}*) of *light*..."
120,太,"plump",0,2024-02-24 02:57:58,"A *large* (*{大}*) person with a big *drop* (*{丶}*) of sweat dripping off of him because he is so plump."
121,器,"utensil",0,2024-02-25 08:40:23,"Imagine four hungry *mouths* (*{口}*) all sitting around the table.  They are all banging their #utensils# on the table waiting for a *large* (*{大}*) meal to be placed in the centre."
122,臭,"stinking",0,2024-02-25 08:42:42,"*I* (*{自}*) have just done a *large* (*{大}*) one.  It`s really #stinking#."
123,妙,"exquisite",0,2025-05-11 17:42:35,"Exquisite *women* (*{女}*) are *few* (*{少}*) and far between."
124,省,"focus",0,2024-02-25 08:43:43,"You #focus# by putting *few*er (*{少}*) things on your *eye* (*{目}*)."
125,厚,"thick",0,2024-02-25 08:51:45,"The #thick# *cliff* (*{厂}*)  walls protected the *children* (*{子}*) from the *sun* (*{日}*)."
126,奇,"strange",0,2022-07-07 09:20:12,"*Large* (*{大}*) things *can* (*{可}*) be strange."
127,川,"stream",0,2012-05-06 11:01:08,"There are *three* default I/O #streams# in UNIX: stdin, stdout and stderr."
128,州,"state",0,2024-02-25 08:52:58,"There were 3 *little* (*{小}*)  islands in the *stream* (*{川}*) who all decided to set themselves up as independent #states#."
129,順,"obey",0,2024-02-25 08:53:36,"Obey the orders *stream*ing (*{川}*) down from *head* (*{頁}*) office."
130,水,"water",0,2024-02-25 08:54:24,"It costs *7* *K* to buy a large amount of #water#."
131,氷,"icicle",0,2024-02-25 08:54:59,"#Icicle#s start with 1 frozen *drop* (*{丶}*) of *water* (*{水}*)."
132,永,"eternity",0,2024-02-25 08:55:26,"it would take an eternity to count every *one* of these *droplets* (*{丶}*) in the *water* (*{水}*)."
133,泉,"spring",0,2020-11-10 02:17:50,"A #spring# is *white* (*{白}*) *water* (*{水}*)."
134,原,"meadow",0,2025-05-11 17:43:07,"Under the *cliff* (*{厂}*) you will find a *little* (*{小}*), *white* (*{白}*) meadow."
135,願,"petition",0,2024-02-25 08:56:16,"Let's petition to save that beautiful *meadow* (*{原}*) from over-development by signing on this *page* (*{頁}*)."
136,泳,"swim",0,2024-02-25 08:56:59,"If you don't know how to swim, you'll be in that *water* (*{氵}*) for an *eternity* (*{永}*)."
137,沼,"marsh",0,2024-02-25 08:57:34,"A marsh is where *water* (*{氵}*) is *seduced* (*{召}*) into the ground."
138,沖,"open sea",0,2024-02-25 08:58:08,"*Water* (*{氵}*) in the *middle* (*{中}*) of the ocean is referred to as open sea."
139,江,"creek",0,2020-10-31 08:06:58,"A creek is a small trail of *water* (*{氵}*) easily *craft*ed (*{工}*) with a stick."
140,汁,"soup",0,2024-02-25 08:58:41,"To make soup you just take *water* (*{氵}*) and *add* *ten* (*{十}*) tasty ingredients."
141,潮,"tide",0,2024-02-25 08:59:01,"#Tide# is *water* (*{氵}*) in the *morning* (*{朝}*)."
142,源,"source",0,2024-02-25 08:59:35,"The *water* (*{氵}*) that flows from the *meadow* (*{原}*) is the #source# of life for the wild antelope."
143,活,"lively",0,2024-02-25 09:00:11,"Even a few drops of *water* (*{氵}*) on my *tongue* (*{舌}*) would make me feel more lively."
144,消,"extinguish",0,2024-02-25 09:01:14,"If you see something that *resembles* (*{肖}*)  fire, throw *water* (*{氵}*)  at it to extinguish it!"
145,況,"but of course",0,2024-02-25 09:01:58,"If you ask your *elder brother* (*{兄}*) if what he's drinking is *water* (*{氵}*) (and not Vodka), he will answer ""#but of course#""."
146,河,"river",0,2024-02-25 09:02:30,"Only *water* (*{氵}*) a #river# *can* (*{可}*) make."
147,泊,"overnight",0,2024-02-25 09:02:57,"Please supply a guest who stays overnight with *water* (*{氵}*) and *white* (*{白}*) sheets."
148,湖,"lake",0,2024-02-25 09:03:30,"*Water* (*{氵}*) reflects the *old* (*{古}*) *moon* (*{月}*) in the lake."
149,測,"fathom",0,2024-02-25 09:03:47,"A #fathom# is the unit you use when checking *water*'s (*{氵}*) depth with a *rule* (*{則}*)."
150,土,"soil",0,2024-02-25 09:04:09,"Soil is neither positive nor negative."
151,吐,"spit",0,2024-02-25 09:04:41,"Spit goes from my *mouth* (*{口}*) to the *ground* (*{土}*)."
152,圧,"pressure",0,2020-09-25 07:29:04,"The *soil* (*{土}*) at the base of a *cliff* (*{厂}*) must suffer from enormous pressure."
153,埼,"cape",0,2024-02-27 02:22:17,"This refers to *land* (*{土}*) (e.g. Cape of Good Hope), not the *strange* (*{奇}*) gear superheroes wear."
154,垣,"hedge",0,2025-07-09 16:21:09,"Before the Great Wall of China, there was a soil (*{土}*) hedge that *span*ned (*{亘}*) across."
155,圭,"squared jewel",0,2025-05-24 05:36:59,"Diamonds (which can be fashioned into a squared jewel) are made under pressure. In this case the pressure of a lot of *soil* (*{土}*) ... a lot of *soil* (*{土}*)."
156,封,"seal",0,2024-02-27 02:24:26,"*Squared jewels* (*{圭}*) with the right *measure*ments (*{寸}*) receive the jeweler's  #seal# of approval."
157,涯,"horizon",0,2024-02-27 02:25:27,"From the *water* (*{氵}*), I can see the *ivy*-clad-*cliffs* (*{厂}*) on the horizon."
158,寺,"Buddhist temple",0,2024-02-27 02:26:02,"To be allowed to join the Buddhist temple, imagine an aspiring monk being asked to stand still in the *soil* (*{土}*) for a long time in a *measurement* (*{寸}*) of his resolve."
159,時,"time",0,2024-02-27 02:26:36,"You can spend an entire *day* (*{日}*)  in the *Buddhist temple* (*{寺}*), contemplating time."
160,均,"level",0,2024-02-27 02:27:26,"*Soil* (*{土}*) is scooped up into a *ladle* (*{勺}*). The extra *drop* (*{丶}*) is brushed off to make it level."
161,火,"fire",0,2024-02-27 02:28:14,"For some reason, this kanji reminds me of a person (*{人}*) running, her arms (the two drops (*{丶}*)) raised up,  because she caught on fire!"
162,炎,"inflammation",0,2024-02-27 02:28:38,"To fight *fire* (*{火}*) with *fire* would just #inflame# a situation."
163,煩,"anxiety",0,2020-10-10 18:15:57,"Imagine the #anxiety# a librarian would feel seeing *fire* (*{火}*) near the *pages* (*{頁}*) of the books."
164,淡,"thin",0,2021-05-08 17:18:39,"drink *water* (*{氵}*) and *burn (*{火}*) twice* as many calories as you eat ... you'll definitely get #thin#."
165,灯,"lamp",0,2020-09-02 04:49:34,"A lamp is *fire* (*{火}*) you can hang from a nail in the *street* (*{丁}*)."
166,畑,"farm",0,2012-05-08 09:56:15,"Create a #farm# by setting *FIRE* to the *FIELDS*.

(Remember, *fire* NOT *burning flames*)"
167,災,"disaster",0,2024-02-27 02:30:46,"What a disaster! First a *fire* (*{火}*), then on top of it came *floods* (*{巛}*)."
168,灰,"ashes",0,2024-02-27 02:31:18,"The *fire* (*{火}*) underneath the *cliff* (*{厂}*) will eventually turn everything above to ashes."
169,点,"spot",0,2024-02-27 02:32:30,"The *fortune teller* (*{占}*) was burned by *flames* (*{灬}*) on the spot because she was accused of being a witch."
170,照,"illuminate",0,2025-08-21 16:36:44,"*Shining* (*{昭}*) *flames* (*{灬}*) illuminate!"
171,魚,"fish",0,2024-02-27 02:36:13,"When I think of *bound up* (*{勹}*)  rice (*{田}*) with *fire below* (*{灬}*) - i.e. cooked, it makes me think of sushi, which in turn brings to mind fish."
172,漁,"fishing",0,2024-02-27 02:36:52,"You need *water* (*{氵}*) and *fish* (*{魚}*) for fishing."
173,里,"ri",0,2024-02-27 02:37:30,"The ri is a Japanese way of measuring the area of the *soil* (*{土}*) underneath a *rice field* (*{田}*)."
174,黒,"black",0,2024-02-27 02:38:02,"*computer* (*{里}*) on *fire* (*{灬}*) went #black#"
175,墨,"black ink",0,2024-02-27 02:38:36,"Black ink comes from *black* (*{黒}*) *soil* (*{土}*)."
176,鯉,"carp",0,2016-10-27 16:11:29,"Japanese #carp# are *fish* (*{魚}*) that grow *RI*-ly (*{里}*) big!"
177,量,"quantity",0,2017-10-07 04:24:29,"I did such a #quantity# of work that when *NIGHT BREAK* (*{旦}*) came, I was asleep on the *COMPUTER* (*{里}*)."
178,厘,"rin",0,2013-06-04 02:07:13,"I threw my Rindows *computer* off a *cliff* because it kept crashing. Now, after its last crash, it's worth less than a rin."
179,埋,"bury",0,2025-02-27 15:15:23,"I put *soil* (*{土}*) over my *computer* (*{里}*) to #bury# it."
180,同,"same",0,2024-03-12 17:31:18,"Imagine monks wandering around the monastery.  Covered in their *hoods* (*{冂}*) and chanting as if with *one* (*{一}*) *mouth* (*{口}*) they all look the same !"
181,洞,"den",0,2020-10-30 19:32:24,"All the animals in the den share the *same* (*{同}*) *water* (*{氵}*)."
182,胴,"trunk",0,2024-03-12 17:32:01,"When you chop off everything but the trunk. All the dead *flesh* looks the *same* (*{同}*)."
183,向,"yonder",0,2025-02-15 15:07:11,"The astronaut died screaming, his *mouth* (*{口}*) wide open, as the last *drop* (*{丶}*) of oxygen escaped his *space helmet* (*{冂}*), fading into the wild, blue #yonder#."
184,尚,"esteem",0,2025-02-15 15:07:55,"An especially esteemed alien has three antennae on his *helmet* (*{冂}*)."
185,字,"character",0,2024-03-12 17:33:40,"*Children* (*{子}*) learn Kanji characters underneath a *house* (*{宀}*)."
186,守,"guard",0,2024-03-12 17:34:50,"A guard provides a *measure* (*{寸}*) of security to those under a *roof* (*{宀}*)."
187,完,"perfect",0,2024-03-12 17:35:53,"Upon entering a Japanese *home* (*{宀}*), make the perfect impression in the *beginning* (*{元}*) by removing your shoes ."
188,宣,"proclaim",0,2020-11-12 10:35:01,"You can proclaim your opinions from the comfort of your *house* (*{宀}*) and have it *span* (*{亘}*) the entire globe these days via The Internet."
189,宵,"wee hours",0,2025-04-20 13:46:28,"In my *house* (*{宀}*) I burn the *candle* (*{肖}*) until the wee hours reviewing the kanji!"
190,安,"relax",0,2024-03-12 17:36:36,"You can only relax, when under the *roof* (*{宀}*) you have a *woman* (*{女}*) to do all chores."
191,宴,"banquet",0,2023-05-06 15:50:34,"In the *house* (*{宀}*), all *day* (*{日}*) the *woman* (*{女}*) prepared the #banquet#"
192,寄,"draw near",0,2025-05-10 12:05:39,"If something in your *house* (*{宀}*) is really *strange* (*{奇}*), your neighbours will draw near."
193,富,"wealth",0,2025-07-09 16:22:07,"A *rice field* is a unit of #wealth# as it can produce enough to feed all the *mouth*s in *one* *house*. (Also see (*{畐}*))."
194,貯,"savings",0,2021-01-15 03:26:13,"It takes a lot more than one *clam* (*{貝}*) of savings to buy a *house* (*{宀}*) on a *street* (*{丁}*)."
195,木,"tree",0,2025-02-15 16:31:17,"Pictograph of a tree."
196,林,"grove",0,2025-02-15 15:10:45,"A grove has at least two *trees* (*{木}*)."
197,森,"forest",0,2024-03-13 08:25:20,"Another *tree* (*{木}*) planted within a *grove* (*{林}*) turns it into a forest."
198,桂,"Japanese Judas-tree",0,2012-05-01 01:39:55,"A *tree* covered in poison *ivy* will quickly betray you, thus the name #JAPANESE JUDAS-TREE#"
199,柏,"oak",0,2024-03-13 08:26:39,"An #oak# *tree* (*{木}*) is *white* (*{白}*), from left to right!"
200,枠,"frame",0,2012-05-01 01:41:15,"A #frame# is *wood* at *90* [9 * 10] degrees."
201,梢,"treetops",0,2024-03-18 17:41:31,"To the right of the *tree* (*{木}*) stands a gigantic *candle* (*{肖}*), the flame rising higher than the treetops."
202,棚,"shelf",0,2024-03-18 17:42:12,"A shelf is a *wooden* (*{木}*) *companion* (*{朋}*) to books."
203,杏,"apricot",0,2020-10-11 18:07:35,"From the *tree* (*{木}*) straight into the *mouth* (*{口}*) is the best way to eat an #apricot#!"
204,桐,"paulownia",0,2020-10-11 18:08:20,"#Paulownia# is a Japanese *tree* (*{木}*) which looks *same* (*{同}*) as any other tree."
205,植,"plant",0,2017-08-23 02:46:25,"A #plant# doesn't become a *tree* (*{木}*) *straightaway* (*{直}*)."
206,枯,"wither",0,2020-10-11 18:09:04,"A *tree* (*{木}*) #wither#s away as it gets *old* (*{古}*)."
207,朴,"crude",0,2025-04-18 03:34:56,"*Wooden* (*195*) *wands* (*{卜}*) are the most crude."
208,村,"village",0,2025-05-01 11:11:27,"*Trees* (*{木}*) are *measured* (*{寸}*) to build a village."
209,相,"inter-",0,2025-02-16 05:13:06,"To avoid INTER-acting with people, I climbed a *tree* (*{木}*) and kept an *eye* (*{目}*) out for anyone coming near."
210,机,"desk",0,2024-03-18 17:44:19,"My *wooden* (*{木}*) #desk# is so messy, it looks like a strong *wind* (*{几}*) blew my things all over it."
211,本,"book",0,2022-09-24 04:44:43,"*one* (*{一}*) *tree*  (*{木}*) can make many books."
212,札,"tag",0,2024-03-18 17:45:00,"Botanists like to identify *trees* (*{木}*)  by *hooking* (*{乚}*) #tags# on them."
213,暦,"calendar",0,2025-02-16 05:14:23,"Use a #calendar# to count the number of *days* (*{日}*)  it takes to grow a *grove* (*{林}*) under a *cliff* (*{厂}*)."
214,案,"plan",0,2017-07-17 04:00:33,"I #plan# to *relax* (*{安}*) on top of that *tree* (*{木}*)."
215,燥,"parch",0,2020-11-01 11:07:41,"It's been so #parch#ed recently that *fire* (*{火}*) consumes your *furniture* (*{喿}*)."
216,未,"not yet",0,2025-02-16 05:15:32,"The *tree*'s (木) *extremities* (末) are not yet (未) the colour of *vermillion* (朱), since it's not autumn yet!"
217,末,"extremity",0,2025-02-16 05:15:43,"Remember as a set:

The *TREE*'s (木) EXTREMITY (末) is *NOT YET* (未) *VERMILLION* (朱)."
218,沫,"splash",0,2025-02-16 05:16:15,"The *extremity* (*{末}*) of a wave of *water* (*{氵}*) is the splash."
219,味,"flavor",0,2024-03-14 17:04:00,"To enjoy a food's #flavour# it must be  in one's *mouth* (*{口}*) but *not yet* (*{未}*) swallowed."
220,妹,"younger sister",0,2024-03-18 17:49:26,"My #younger sister# is a *woman* (*{女}*) but *not yet* (*{未}*)  fully grown."
221,朱,"vermilion",0,2025-02-16 05:17:22,"Remember these as a set: The *tree* (*{木}*) is not yet (*{未}*) vermilion."
222,株,"stocks",0,2020-11-01 16:58:30,"Which *tree* (*{木}*) would you buy stocks in? The healthy one on the left, or the one with only one *vermilion* (*{朱}*) leaf remaining on the right?"
223,若,"young",0,2025-02-16 05:18:29,"The #young# girl held a cute *flower* (*{艹}*) in her *right* (*{右}*)  hand."
224,草,"grass",0,2024-03-18 17:52:11,"#Grass# grows *earlier* (*{早}*) than *flowers* (*{艹}*)."
225,苦,"suffering",0,2024-03-18 17:52:39,"*Flowers* (*{艹}*) for the *old* (*{古}*) man #suffering# in the hospital."
226,寛,"tolerant",0,2024-03-19 17:44:00,"A #tolerant# person will ignore *see*ing (*{見}*) *grass* (*{艹}*) in the *house* (*{宀}*)."
227,薄,"dilute",0,2020-10-27 16:37:41,"A *Dr.* (*{博}*) missing his needle can only use dilute *flower* (*{艹}*) *water* (*{氵}*) for medicine."
228,葉,"leaf",0,2020-10-27 16:35:55,"The *flower* (*{艹}*) *generation* (*{世}*) spent far too much time up *trees* (*{木}*) trying to smoke #leaves#."
229,模,"imitation",0,2024-03-19 17:45:05,"The #imitation# *tree* (*{木}*) looked like a *big* (*{大}*) *sun* (*{日}*) *flower* (*{艹}*)."
230,漠,"vague",0,2024-03-19 17:47:33,"The precise locations of sailors who end up in a *water*y (*{氵}*) *graveyard* (*{莫}*) are vague."
231,墓,"grave",0,2024-03-19 17:48:24,"The *soil* (*{土}*) under a *graveyard* (*{莫}*) is full of #graves#"
232,暮,"livelihood",0,2024-03-19 17:49:15,"He made a #livelihood# out of robbing *graveyards* (*{莫}*)  in broad *day*light (*{日}*)."
233,膜,"membrane",0,2024-03-19 17:49:42,"The membranes in your *flesh* (*{月}*) rot when placed in the *graveyard* (*{莫}*)."
234,苗,"seedling",1,2024-03-19 17:50:21,"If you plant #seedlings# in a *field* (*{田}*) eventually there will be *flowers* (*{艹}*) above."
235,兆,"portent",0,2012-05-02 16:52:06,"A bad #portent# makes the hairs on your legs stand."
236,桃,"peach tree",0,2024-03-19 17:50:49,"#PEACH TREE# is the *tree* (*{木}*) that has *HAIRY* fruits"
237,眺,"stare",0,2024-03-19 17:51:13,"People #stared# *eyes* (*{目}*) wide, at the girl with the *hairy legs*!"
238,犬,"dog",0,2021-03-04 05:38:29,"A person (*{人}*) throwing a stick for his best friend: a dog."
239,状,"status quo",0,2024-06-21 17:35:33,"if a *turtle* (*{丬}*)  and a *dog* (*{犬}*) are room mates you'll always know the status quo: peace."
240,黙,"silence",0,2024-03-19 17:52:59,"The *computer* (*{里}*) beeps, the *dog* (*{犬}*) barks: *burning flames* (*{灬}*) will bring #silence#."
241,然,"sort of thing",0,2024-03-19 17:53:43,"The *flesh* (*{月}*) of a *dog* (*{犬}*) roasting over *flames* (*{灬}*). Gross.  I'd never want to eat that #sort of thing#."
242,荻,"reed",0,2024-03-19 17:55:55,"The *wild dogs* (*{犭}*) barked at the *fire* (*{火}*) underneath the #reed# *flowers * (*{艹}*)."
243,狩,"hunt",0,2024-03-19 17:56:34,"When #hunt#ing it may be a good idea to use a *wild dogs* (*{犭}*) as your *guard* (*{守}*)."
244,猫,"cat",0,2024-03-19 17:57:26,"The #cat# hid from the *wild dog* (*{犭}*) in the *flowers* (*{艹}*) of the *field* (*{田}*)."
245,牛,"cow",0,2025-02-17 16:55:44,"A #cow# bleeds *vermilion* (*{朱}*) when you cut off two of its legs."
246,特,"special",0,2024-03-19 17:58:35,"#special# *cows* (*{牛}*) are left in a *temple* (*{寺}*)."
247,告,"revelation",1,2020-10-27 03:12:02,"A #revelation# straight from the *cow*'s (*{牛}*) *mouth* (*{口}*)."
248,先,"before",0,2025-05-01 17:30:49,"I've never seen a *cow* (*{牛}*) with *human legs* (*{儿}*) before!"
249,洗,"wash",0,2024-03-19 18:00:13,"In Japan, you always #wash# with *water* (*{氵}*) from the shower *before* (*{先}*) you enter the bathtub."
250,介,"jammed in",0,2012-05-05 16:07:23,"The two strokes at the bottom look like a J and I, which stands for #jammed in#."
251,界,"world",0,2024-03-20 04:40:00,"Put the #world# into a *rice field* (*{田}*) and they would be *jammed in* (*{介}*)."
252,茶,"tea",0,2024-03-20 04:40:55,"I drink *flower* (*{艹}*) #tea# under a *parasol*.  If it's too hot I go ""ho, ho, ho !!"" (katakana ホ)"
253,合,"fit",0,2020-10-22 04:21:57,"This *umbrella* is so small only *one* (*{一}*) *mouth* (*{口}*) #fit#s under it."
254,塔,"pagoda",0,2023-04-16 17:21:46,"There's so much *dirt* (*{土}*)!  How will the *flowers* (*{艹}*) *fit* (*{合}*) into that #pagoda#?"
255,王,"king",0,2024-03-20 04:42:10,"To be #king# you have to be a real *craft*y (*{工}*) *one* (*{一}*) !"
256,玉,"jewel",0,2025-02-18 03:00:16,"Of all the *king*'s (*{王}*) treasures, the jewel is merely a *drop* (*{丶}*) in the ocean."
257,宝,"treasure",0,2024-03-20 04:43:16,"Put a *roof* (*{宀}*) on your *jewels* (*{玉}*) and you've got a #treasure# chest."
258,珠,"pearl",0,2024-03-20 04:43:54,"the #pearl# of *king*s (*{玉}*) is *vermilion* (*{朱}*)."
259,現,"present",0,2020-10-17 15:42:51,"The *king* (*{王}*) *saw* (*{見}*) and thus was #present#."
260,狂,"lunatic",0,2024-03-20 04:44:40,"A *pack of dogs* (*{犭}*) has bitten the *king* (*{王}*).  He has turned into a rabid #lunatic#!"
261,皇,"emperor",0,2024-03-20 04:45:28,"Emperor Palpatine from Star Wars is the *white* (*{白}*) stormtrooper *king* (*{王}*)."
262,呈,"display",0,2024-03-20 04:46:10,"The *mouth* (*{口}*) of the *king* (*{王}*) is #display#ing his bling."
263,全,"whole",0,2024-03-20 04:46:29,"The *king* (*{王}*) takes up the #whole# space under his *umbrella*."
264,栓,"plug",1,2024-03-20 04:47:01,"A *tree* (*{木}*) that fills the *whole* (*{全}*) hole is a #plug#."
265,理,"logic",0,2024-03-20 04:47:38,"The *king* (*{王}*) of #LOGIC# is the *computer* (*{里}*)."
266,主,"lord",0,2020-10-25 11:44:26,"A #lord# is a little *drop* (丶) from *king* (*{王}*) in hierarchy."
267,注,"pour",0,2025-02-18 03:01:52,"""*Water* (*{氵}*), my *Lord* (*{主}*) ? I'll #pour#."""
268,柱,"pillar",0,2024-03-20 04:48:57,"#Pillar#s should be made from *trees* (*{木}*) and not *lords* (*{主}*)."
269,金,"gold",0,2025-02-26 14:34:50,"The *king* (*{王}*) walks under the *umbrella* with a *drop* (*{丶}*) of gold on each side"
270,銑,"pig iron",0,2024-03-20 04:49:52,"*Gold* (*{金}*), *before* (*{先}*) an alchemist touches it, is #pig iron#."
271,鉢,"bowl",0,2015-02-02 15:43:40,"A #bowl# made of *gold* (*{金}*) sits next to my *book* (*{本}*)."
272,銅,"copper",0,2024-03-20 04:50:35,"*Gold* (*{金}*) is not the *same* (*{同}*) as #copper#."
273,釣,"angling",0,2024-03-20 04:51:00,"The *gold*en (*{柱}*) *ladle* (*{勺}*) was perfect for #angling#."
274,針,"needle",0,2025-02-18 03:04:17,"The #needle# should not be made from *gold* (*{金}*) as it will be *ten* (*{十}*) times weaker."
275,銘,"inscription",0,2025-02-18 03:04:47,"An #inscription# is *gold* (*{金}*) with a *name* (*{名}*) carved on it."
276,鎮,"tranquilize",0,2024-03-20 04:52:38,"#Tranquillizers# use *gold* (*{柱}*) to get the *truth* (*{真}*) out of anyone."
277,道,"road-way",0,2024-03-20 04:56:02,"At rush-hour, all the traffic bottle-*necks* (*{首}*) and clogs the #road-way#."
278,導,"guidance",0,2024-03-20 04:58:10,"For #guidance# on the *road-way* (*{道}*), *glue* (*{寸}*) a GPS unit to your car."
279,辻,"crossing",0,2025-03-10 13:52:26,"A #crossing# is a *road* (*{辶}*) *junction* (*{十}*)."
280,迅,"swift",0,2024-05-07 15:46:17,"The car went too #swift#ly through the *crossing* (*{辻}*), *flying rapidly* (*{卂}*) and was *hook*ed (*{乚}*) by the cops."
281,造,"create",0,2025-06-02 07:16:09,"The *road* (*{辶}*) to #create#/creation starts with a *revelation* (*{告}*)."
282,迫,"urge",0,2025-03-02 18:30:28,"Resist the #urge# on the *road* (*{辶}*) to cross the *white* (*{白}*) line."
283,逃,"escape",0,2025-03-10 13:53:11,"#Escape# down the *road* (*{辶}*) when you receive a *portent* (*{兆}*) warning of danger."
284,辺,"environs",0,2025-03-10 13:53:25,"To protect the #environs# around the village, people would travel the *road*s (*{辶}*) with *swords* (*{刀}*)."
285,巡,"patrol",0,2025-06-04 14:15:37,"Sergeants (*{巛}*) #patrol# the *road* (*{辶}*).
                                                                                                              
(More #patrol#s needed as the *road* is *flooded*)."
286,車,"car",0,2024-03-20 05:02:54,"My #car# is so fast it can go through *ten* (*{十}*) *rice fields* (*{田}*) in *ten* (*{十}*) minutes."
287,連,"take along",1,2025-06-02 07:17:03,"#take along# a few friends when you go on the *road* (*{辶}*) with your *car* (*{連}*)."
288,軌,"rut",0,2024-03-20 05:03:40,"My *car* (*{車}*) got stuck in a #rut# and needed *nine* (*{九}*) people to push it out."
289,輸,"transport",0,2025-02-19 12:51:47,"The *vehicle* (*{車}*) #transports# animals for a *meeting with the butcher* (*{俞}*)."
290,前,"in front",0,2025-04-13 14:20:17,"If you stand in front of a bull's *horns* (䒑), you are asking for your *flesh* (*{月}*) to be *cut* (*{切}*) (or *butchered* (*{刖}*) if you prefer)."
291,各,"each",0,2024-03-20 05:09:29,"#Each# person is gifted with a *mouth* (*{口}*) to get us into trouble and a pair of *walking legs* (*{夂}*) to get us out!"
292,格,"status",1,2020-11-24 03:37:19,"A *tree* (*{木}*) of *each* (*{各}*) kind gives you #status#."
293,略,"abbreviation",0,2024-03-20 05:10:23,"Landing *fields* (*{田}*) *each* (*{各}*) have their own #abbreviation#."
294,客,"guest",0,2024-03-20 05:11:10,"Under my *roof* (*{宀}*), *each* (*{各}*) person is treated as a #guest#."
295,額,"forehead",1,2016-12-12 08:48:29,"The *guest* (*{客}*) signs the visitor's book *page* (*{頁}*) with his #forehead#."
296,夏,"summer",0,2025-06-09 10:26:58,"In the heat of summer, it is better to keep *oneself* (*{自}*) under the shade of a *ceiling* (*{一}*) than be outside using your *walking legs* (*{夂}*)."
297,処,"dispose",0,2020-10-27 16:54:42,"Use those *walking legs* (*{夂}*) to #dispose# of a nasty bit of *wind* (*{几}*)."
298,条,"twig",0,2025-02-19 12:57:00,"Using your *walking legs* (*{夂}*) in a *tree* (*{木}*) is sure to break many #twig#s."
299,落,"fall",0,2021-02-23 05:28:48,"*Water* (*{氵}*) *each* (*{各}*) *flower* (*{艹}*) or the petals will #fall#."
300,冗,"superfluous",0,2024-03-20 05:14:05,"A *crown* (*{冖}*) for the *wind* (*{風}*) would just be #superfluous#."
301,軍,"army",0,2020-10-28 03:31:34,"British #army# *cars* (*{車}*) are at the service of the *crown* (*{冖}*)."
302,輝,"radiance",0,2024-03-20 05:14:45,"#Radiance# isn't just a few *rays* (*{光}*), but a whole *army* (*{軍}*) of them."
303,運,"carry",0,2025-03-02 18:30:49,"*Roads* (*{辶}*) #carry# *armies* (*{軍}*)."
304,冠,"crown",0,2024-03-20 05:16:14,"A #crown#, from the *beginning* (*{元}*) of the new monarch's life, is *glued* (*{寸}*) to him."
305,夢,"dream",0,2024-03-20 05:17:34,"Last night's date with Miss Sweden was like a #dream#.  She even laid *flowers* (*{艹}*) over my *eyes* (*{罒}*) to *crown* (*{冖}*) the perfect *evening* (*{夕}*)."
306,坑,"pit",0,2025-03-01 15:39:53,"All the *soil* (*{土}*) was thrown to the left as the Tasmanian Devil's *whirlwind* (*{亢}*) swirled out a #pit#."
307,高,"tall",0,2024-04-03 11:00:36,"Two little aliens in a trenchcoat and *top hat* (*{亠}*), trying to look tall.  The bottom one, in the glass helmet, is under the coat.  The top one has his top hat pulled down in disguise, so all you can see is his *mouth* (*{口}*)."
308,享,"receive",0,2025-02-20 07:41:01,"put a *lid* (*{亠}*) on your *mouth* (*{口}*), *child* (*{子}*); or you won't receive any sweets"
309,塾,"cram school",0,2024-04-03 11:03:21,"Welcome to our cram school: you will *receive* (*{享}*) a *rounded* (*{丸}*) education on our *soil* (*{土}*)."
310,熟,"mellow",0,2024-04-03 11:03:59,"Imagine *tall children* sitting *round* (*{丸}*) the *burning flames* (*{灬}*) toasting marsh-#mellow#s."
311,亭,"pavilion",0,2025-02-20 07:42:55,"The *tall*est #Pavilion# *crowns* (*{冖}*) the *street* (*{丁}*)"
312,京,"capital",0,2024-04-03 11:04:49,"In the #capital#, men in *top hats* (*{亠}*) open their *mouths* (*{口}*) but do *little* (*{小}*)."
313,涼,"refreshing",0,2025-02-26 14:35:51,"The *water* (*{氵}*) from the *capital* (*{京}*) of Japan, Tokyo, is so #refreshing#!"
314,景,"scenery",0,2024-04-03 11:05:36,"Imaging the *sun* (*{日}*) rising over the *capital* (*{京}*) -- classic picture-postcard scenery."
315,鯨,"whale",0,2024-04-03 11:06:18,"If *fish* (*{魚}*) were cities, the whale would surely be the *capital* (*{京}*)."
316,舎,"cottage",0,2024-04-03 11:07:32,"I call it my cottage, but it's really just an *umbrella* over *ground* (*{土}*) with a *hole* (*{口}*) in it."
317,周,"circumference",0,2024-04-03 11:08:28,"When the *ground* (*{土}*) has a hole (*{口}*) in it, you need to cover the entire circumference or you will fall in."
318,週,"week",0,2025-03-10 13:55:44,"Imagine a *road* (*{辶}*) built so well that it takes only a week to travel the *circumference* (*{周}*) of the earth."
319,士,"gentleman",0,2012-05-09 14:23:57,"A gentleman has broad shoulders and doesn't soil himself."
320,吉,"good luck",0,2022-09-18 05:05:25,"if a *samurai* (*{士}*) gives you a *kiss (mouth)* (*{口}*) instead of slicing you, then consider it good luck..."
321,壮,"robust",0,2025-02-20 07:44:20,"The robust but slow-like-a-*turtle* (⺦) *gentleman* (*{士}*) could take many blows"
322,荘,"villa",0,2020-12-18 05:35:03,"The villa had a *flower* garden protected by the *robust* (*{壮}*) *turtle* (⺦) *gentleman* (*{士}*) samurai."
323,売,"sell",0,2024-04-03 11:13:37,"Selling himself is something a *samurai* (*{士}*) would never do even for all the *crowns* (*{冖}*) his *human legs* (*{儿}*) could carry"
324,学,"study",0,2024-04-03 11:14:50,"A *child* (*{子}*) in a *schoolhouse* (龸) studying. His brain is sparkling with knowledge!"
325,覚,"memorize",0,2020-12-18 06:00:58,"You'll never memorize all the kanji by *seeing* (*{見}*) them in a *school house* (龸).  You need Heisig and RtK!"
326,栄,"flourish",0,2024-04-03 11:15:26,"The *trees* (*{木}*) FLOURISH in the *classroom* (龸), a little too much perhaps, there's no room for the students any more."
327,書,"write",0,2024-04-03 11:16:57,"Make sure you #write# kanji for practice with a *brush* (*{聿}*) every *day* (*{日}*) before the *sun* (*{日}*) goes down."
328,津,"haven",1,2024-04-03 11:17:25,"*Water* (*{氵}*) on a *brush* (*{聿}*) is a #haven# for bacteria."
329,牧,"breed",0,2024-04-03 11:18:28,"*Cows* (*{牛}*) are brought by the *Taskmaster* (*{攵}*) to Breed"
330,攻,"aggression",0,2024-04-03 11:18:50,"A well-honed *craft* (*{工}*) for any decent *taskmaster* (*{攵}*) is aggression."
331,敗,"failure",0,2024-04-03 11:19:15,"If you end up in #failure#, you give *money* (*{貝}*) to the *taskmaster* (*{攵}*) to train you."
332,枚,"a sheet of",0,2023-12-22 16:26:06,"A sheet of paper is made from *tree* (*{木}*) at the hand of a skilled *taskmaster* (*{攵}*)."
333,故,"happenstance",0,2024-04-03 11:19:37,"An *old* (*{古}*) *taskmaster* (*{攵}*) is no happenstance."
334,敬,"awe",1,2024-04-03 11:20:24,"*Flower*y (*{艹}*) *phrases* (*{句}*) hold *taskmasters* (*{攵}*) in #awe#."
335,言,"say",0,2024-04-03 11:20:51,"A pictogram of someone #saying# a *four* letter word from their *mouth* (*{口}*) after the censors have gotten a hold of it."
336,警,"admonish",0,2024-04-03 11:21:22,"To admonish is to use *awe* (*{敬}*) over *words* (*{言}*)."
337,計,"plot",0,2024-04-03 11:21:42,"A good plot put to *word*s (*{言}*) should be summed up in *ten* (*{十}*) sentences."
338,獄,"prison",0,2024-04-03 11:22:27,"Prison is where *wild dogs* (*{犭}*) use *words* (*{言}*) on *dogs* (*{犬}*)."
339,訂,"revise",0,2024-04-03 11:22:54,"You must revise your *speech* (*{言}*) until you've *nail*ed (*{丁}*) it."
340,討,"chastise",0,2024-04-03 11:23:33,"I said some bad *words* (*{言}*) and mum *glue*d (*{寸}*) my mouth shut to chastise me."
341,訓,"instruction",0,2024-04-03 11:24:04,"Listen carefully to the *words* (*{言}*) of instruction before you try swimming in the *stream* (*{川}*)."
342,詔,"imperial edict",0,2024-04-03 11:24:40,"An imperial edict uses *words* (*{言}*) to *seduce* (*{召}*) the people."
343,詰,"packed",0,2025-02-21 15:27:17,"*words* (*{言}*) of *good luck* (*{吉}*) are packed into fortune cookies."
344,話,"tale",0,2024-04-03 11:25:35,"A tale is told saying *words* (*{言}*) with your *tongue* (*{舌}*)."
345,詠,"recitation",0,2024-04-03 11:26:02,"If you study some *words* (*{言}*) for a recitation, there is a good chance they will be stuck in your memory for all *eternity* (*{永}*)."
346,詩,"poem",0,2024-04-03 11:26:36,"This holy poem is *words* (*{言}*) for the *temple* (*{寺}*)."
347,語,"word",0,2015-11-15 06:26:11,"Word *say* (*{言}*) *I* (*{吾}*)."
348,読,"read",0,2025-03-21 18:42:20,"People will *say* (*{言}*) almost anything to make a *sale* (*{売}*); don't believe everything you read."
349,調,"tune",0,2022-01-20 16:26:50,"To tune an old-fashioned radio and hear what the announcers *say* (*{言}*), you turn the dial the full range of the *circumference* (*{周}*)."
350,談,"discuss",0,2024-04-03 11:27:58,"Internet discussions often involve *say* (*{言}*)ing words of *inflammation* (*{炎}*). A flame war!"
351,諾,"consent",0,2024-04-03 11:28:36,"The *words* (*{言}*) of the *young* (*{若}*) are useless without consent from their elders."
352,諭,"rebuke",0,2025-02-21 15:55:42,"A PETA activist *speaks* (*{言}*) at a *meeting of butchers* (*{俞}*) to rebuke them."
353,式,"style",0,2024-04-03 11:30:32,"Each *I*ndian tribe *crafts* (*{工}*) their *arrows* (*{弋}*) in a certain style."
354,試,"test",0,2024-04-03 11:31:00,"The Japanese oral exam was a #test# of my *speaking* (*{言}*) and my *style* (*{式}*)."
355,弐,"II (two)",0,2024-04-03 11:32:04,"After shooting *one* (*{一}*) *arrow* (*{弋}*) (the dash top left),  I have 2 (*{二}*) arrows left in my quiver (bottom left)."
356,域,"range",0,2024-04-03 11:34:44,"When the *land* (*{土}*) was within #range#, the pirates *kissed the deck* and had a *fiesta* (*{戈}*)."
357,賊,"burglar",0,2024-04-03 11:35:37,"The burglar stole our money (*clams* (*{貝}*)) during the *fiesta* (*{戈}*), probably picking the lock with a *needle* (*{十}*)!"
358,栽,"plantation",0,2024-04-03 11:36:16,"All *ten* (*{十}*) *trees* (*{木}*) at the plantation rebelled and destroyed their human owners. They then had a *fiesta* (*{戈}*) to celebrate their new found freedom."
359,載,"load",0,2024-04-03 11:37:09,"*Dirt* (*{土}*) made the *car* (*{車}*) spin out of control crashing into a *fiesta* (*{戈}*)."
360,茂,"overgrown",0,2025-04-28 05:24:11,"Overgrown hair appears the most in a *flower* (*{艹}*) power *parade* (*{戊}*) (of the hippies in the late 60's)."
361,成,"turn into",0,2024-04-05 15:57:54,"It only takes a single stroke of a *dagger* (*{刀}*)  for a *parade* (*{戊}*) to turn into a bloodbath."
362,城,"castle",0,2020-10-25 02:32:41,"Take *soil* (*{土}*) and make it *turn into* (*{成}*) a castle."
363,誠,"sincerity",0,2021-01-30 09:38:50,"Sincerity is when what you *say* (*{言}*) actually *turns into* (*{成}*) something."
364,威,"intimidate",0,2025-05-22 15:07:07,"The *march* (*{戌}*) of *women* (*{女}*) - against #intimidation# in the workplace -  is pretty #intimidating# in itself!"
365,滅,"destroy",0,2025-03-04 17:25:59,"*Water* (*{氵}*) flows down to destroy the *march* (*{戌}*) of *fire* (*{火}*)."
366,減,"dwindle",0,2025-03-04 17:26:10,"When *water* (*{氵}*) was tossed on the protestors (a *march* (*{戌}*) of *mouths* (*{口}*)), the numbers began to dwindle."
367,桟,"scaffold",0,2024-04-05 16:01:52,"Japanese festival *floats* (㦮) are often so tall they need *wood* (*{木}*) #scaffolds# to be completed. (http://www.japan-guide.com/e/e5909.html)"
368,銭,"coin",0,2020-10-30 19:16:50,"Political hopefuls in Rome threw *gold* (*{金}*) coins from *floats* (㦮) when they were campaigning for office."
369,浅,"shallow",0,2024-04-05 16:02:18,"The *water* (*{氵}*) can't be too SHALLOW if you expect to *float* (㦮)."
370,止,"stop",0,2025-05-26 03:12:54,"Stop by the *walking stick* (*{丨}*) stuck into the floor next to that *magic wand* (*{卜}*)."
371,歩,"walk",0,2024-04-05 16:03:02,"When you take a walk you should *stop* (*{止}*) a *few* (*{少}*) times to smell the roses."
372,渉,"ford",0,2020-10-28 03:33:38,"A ford is a place where *water* (*{氵}*) can be *walk*ed (*{歩}*) through; a place only a few footsteps deep."
373,頻,"repeatedly",0,2025-06-17 03:26:50,"Working the printer at my job, I repeatedly have to *walk* (*{歩}*) copied *pages* (*{頁}*) back and forth."
374,肯,"agreement",0,2024-04-05 16:03:56,"Vegetarians are in agreement about *stop*ping (*{止}*) the *flesh* (*{月}*) trade."
375,企,"undertake",0,2024-04-05 16:04:20,"In Resident Evil, you UNDERTAKE a mission: *UMBRELLA* must be *stop*ped (*{止}*) from infecting the country with the T-Virus."
376,歴,"curriculum",0,2024-04-05 16:04:57,"A CURRICULUM is a *calendar* (*{暦}*) that replaces days with reasons to *stop* (*{止}*) having fun."
377,武,"warrior",0,2024-04-05 16:05:42,"*One* (*{一}*) *arrow* (*{弋}*) can *stop* (*{止}*) a warrior."
378,賦,"levy",0,2024-04-05 16:06:22,"*Shells* (*{貝}*) are collected by a *warrior* (*{武}*) as a #levy# for any who want to pass."
379,正,"correct",0,2024-04-05 16:06:41,"If you do it #correct#ly on the *first* (*{一}*) attempt you can *stop* (*{止}*)."
380,証,"evidence",0,2016-09-02 09:51:38,"Every thing you *say* (*{言}*) must be absolutely *correct* (*{正}*) if you plan to give evidence."
381,政,"politics",0,2024-04-05 16:07:07,"Those involved in politics are always trying to elect the *correct* (*{正}*) *taskmaster* (*{攵}*)."
382,定,"determine",0,2024-04-05 16:08:05,"In The Karate Kid, the boy must prove his #determination# by *correcting* (*{正}*) his teacher's *house* (*{宀}*) in various ways."
383,錠,"lock",0,2024-04-05 16:08:43,"Even if you lock up your *gold* (*{金}*), a *determine*d (*{定}*) thief will get it in the end."
384,走,"run",0,2012-05-22 15:29:26,"If you run *10* miles, you will need to *mend* your socks!

Hint: This kanji is NOT *soil* on top of *mend*, as Heisig claims - that would duplicate one of the strokes.  Instead, it is *10* on top of *mend*."
385,超,"transcend",0,2024-04-05 16:09:40,"A successful marathon *run*ner (*{走}*) needs to be able to transcend *seductions* (*{召}*), such as the possibility of rest, shelter from the rain, or a cold beer."
386,赴,"proceed",0,2024-04-05 16:10:37,"""Don't *run* (*{走}*) into trouble,"" Dumbledore tells Harry. ""#Proceed# with caution with your *wand* (*{卜}*) out."""
387,越,"surpass",0,2024-04-05 16:11:15,"The person in charge of *running* (*{走}*) the *parade* (*{戊}*) surpassed all our expectations (by just a extra drop...)"
388,是,"just so",0,2024-04-05 16:11:55,"'Sun' 'Mend' -

It just so happens that *sun*shine (*{日}*) can *correct* (*{正}*) your gloomy spirits."
389,題,"topic",0,2024-04-05 16:12:33,"a topic describes something *just so* (*{是}*) your *head* (*{頁}*) can understand it better."
390,堤,"dike",0,2015-01-07 06:53:07,"The *soil* (*{土}*) settled *just so* (*{是}*), forming a dike."
391,建,"build",0,2024-04-05 16:14:10,"A construction worker`s classic morning.  *Stretch* (*{廴}*), *brush* (*{聿}*) his teeth, and then start to build."
392,延,"prolong",0,2024-04-05 16:14:36,"To prolong your life you should *stretch* (*{廴}*) *correct*ly (*{正}*)."
393,誕,"nativity",0,2025-02-21 15:35:05,"Nativity can cause you to *say* (*{言}*) things that *prolong* (*{延}*) the birth."
394,礎,"cornerstone",0,2021-02-15 17:41:40,"Features like a *stone* (*{石}*) and a *grove* (*{林}*) are the cornerstones of a happy *zoo* (*{疋}*)."
395,婿,"bridegroom",0,2024-04-05 16:16:03,"How did the eccentric bridegroom convince the *woman* (*{女}*) to marry him? He built a *zoo* (*{疋}*) on the surface of the *moon* (*{月}*) just for her!"
396,衣,"garment",0,2024-04-05 16:18:19,"The only garments allowed in this club are *top hat* (*{亠}*) and *scarf*."
397,裁,"tailor",0,2020-10-31 15:38:29,"The tailor was hard at work making sure all *ten* (*{十}*) pilgrims were dressed in their best *garments* (*{衣}*) for *thanksgiving* (*{戈}*)."
398,装,"attire",0,2020-12-03 16:05:55,"The *turtle* (⺦) *samurai* (*{士}*) needs special *garment*s (*{衣}*) for his ATTIRE since his body is much more *robust* (*{壮}*)  than others."
399,裏,"back",0,2022-06-23 18:21:04,"Looking back, the *top hat* (*{亠}*) on the *computer* (*{里}*) , which carefully dressed up in *garments* (*{衣}*) to look human, was just a bit too much."
400,壊,"demolition",0,2025-02-22 05:18:48,"If you stand too close to a DEMOLITION site, the dust might sting you like *needles* (*{十}*) in your *eyes* (*{罒}*) and get your *garment* (*{衣}*) all dirty."
401,哀,"pathetic",0,2025-02-26 06:57:05,"One of my friends with a crazy sense of fashion loves to wear a *top hat* (*{亠}*) and a *scarf* so that you can't see his whole face but only his *mouth* (*{口}*). He thinks it's cool. I think it's pathetic."
402,遠,"distant",0,2025-03-10 13:56:24,"when traveling to a distant land, what better way of keeping warm on the *road* (*{辶}*) is there than carrying a warm *lidded crock* and wearing a *shawl*? [(*{袁}*)]"
403,猿,"monkey",0,2025-02-26 06:58:25,"To catch a #monkey#, chase him with *wild dogs* (*{犭}*) into a *lidded crock*, then tie it with a *scarf*."
404,初,"first time",0,2024-04-10 13:10:51,"From the #first time# on you should put a *cloak* (*{衤}*) on your *sword* (*{刀}*)."
405,布,"linen",0,2020-10-27 18:09:27,"The first rule of the *Hitch-Hiker's Guide to the Universe* is ""DON'T PANIC!"" The second rule, of course, is to always have by your *side* (ナ) a *towel* (*{巾}*). Personally, I prefer the linen sort."
406,帆,"sail",0,2025-02-26 07:00:51,"When stranded at sea, we needed a sail.  The best we had was a *towel* (*{巾}*), which was *mediocre* (*{凡}*) at best, only catching a *drop* (*{丶}*) of wind (*{几}*)."
407,幅,"hanging scroll",0,2025-02-26 07:01:50,"Hanging scrolls: the *towels* (*{巾}*) of those with  *wealth* (*{畐}*)."
408,帽,"cap",0,2024-04-10 13:15:59,"Originally the first cap was a turban which was a *towel* (*{巾}*) wrapped around the head to avoid the *risk* (*{冒}*) of *sun* (*{日}*) in the *eyes* (*{目}*)."
409,幕,"curtain",0,2024-04-10 13:16:53,"There is a *graveyard* (*{莫}*) outside my house that scares me, so I put a huge *towel* (*{巾}*) over the window to serve as a curtain so I can get a good night's sleep."
410,幌,"canopy",0,2024-04-10 13:17:32,"A canopy is a *towel* (*{巾}*) to block the *sun*'s (*{日}*) *rays* (*{光}*)."
411,錦,"brocade",0,2020-11-25 05:52:15,"Brocade is the art of sewing *gold* (*{金}*) on a *white* (*{白}*) *towel* (*{巾}*)."
412,市,"market",0,2024-04-10 13:18:31,"My recurring nightmare: Walking through the market, and suddenly realizing that I'm wearing only a *top hat* (*{亠}*) ...and a *towel* (*{巾}*)."
413,姉,"elder sister",0,2024-04-10 13:19:58,"Unlike the *younger sister* (*{妹}*), who is *not yet* old enough to date... the elder sister is on the *market* (*{市}*)!"
414,肺,"lungs",0,2024-04-10 13:20:54,"The part of the *body* (*{月}*) most important if you work at a *market* (*{市}*) is your lungs, so that you can shout out at the top of your voice ""IRASSHAIMASEEE"" to attract customers."
415,帯,"sash",0,2025-02-26 07:05:23,"First, note that the top half of the kanji consists of *one* (*{一}*) and *mountain* (*{山}*). Alternatively, think of *thirty* (*{丗}*).

Of course, the ""*number 1*"" *mountain* in Japan is *Mt.* Fuji. The bottom half, under *Mt.* Fuji, consists of *crown* (*{冖}*) and *towel* (*{巾}*). 

#Sash#."
416,滞,"stagnate",0,2020-11-17 16:08:17,"The *water* (*{氵}*) will stagnate if the drain is clogged with a *sash* (*{帯}*)."
417,刺,"thorn",0,2025-02-26 07:07:37,"A *tree* (*{木}*) with a *belt* (*{冂}*) wrapped around the middle. If you tighten the *belt*, hundreds of tiny *sabres* (*{刂}*) pop out of the tree in all directions, looking like thorns."
418,制,"system",0,2024-04-24 10:35:42,"The system for making leather *belts* (*{冂}*) involves slicing up a *cow* (*{牛}*) with a *sabre* (*{刂}*)."
419,製,"made in...",0,2020-11-16 17:35:36,"#Made in# China - a *system* (*{制}*) of exploitation: making *garments* (*{衣}*) for nothing."
420,転,"revolve",0,2024-04-24 10:37:49,"The  wheels of the *car* (*{車}*) #revolve#, kicking up *rising clouds* (*{云}*) of dust"
421,芸,"technique",0,2024-04-24 10:39:10,"One technique to smoke *weed* (*{艹}*) is to vaporize it and inhale those *rising clouds* (*{云}*) to create a stronger effect."
422,雨,"rain",0,2025-02-26 07:08:56,"From the *ceiling* (*{一}*) hangs a *towel* (*{巾}*) ripping four *drops* (*{丶}*) like RAIN."
423,雲,"cloud",0,2025-02-26 07:09:49,"Every *rising cloud* (*{云}*) is a potential *rain* (*{雨}*) cloud."
424,曇,"cloudy weather",0,2024-04-24 10:41:45,"#Cloudy weather# is when a *cloud* (*{雲}*) blocks the *sun* (*{日}*) (up above)."
425,雷,"thunder",0,2024-04-24 10:42:33,"If it's *raining* (*{雨}*) and you're standing in the middle of a *rice field* (*{田}*), you're sure to soon become acquainted with the thunder up close and personal."
426,霜,"frost",0,2024-04-24 10:43:08,"*Rain* (*{雨}*) changes *""inter""* (*{相}*) frost."
427,冬,"winter",0,2024-04-24 10:44:06,"Don't slip off your *walking legs* (*{夂}*) in winter: strap two skis to your feet."
428,天,"heavens",0,2025-02-26 14:36:15,"The *large* (*{大}*) *one* (*{一}*) lives upstairs, in the heavens ..."
429,橋,"bridge",0,2025-02-27 15:02:59,"The *wooden* bridge is guarded by an impressively tall *angel* (*{喬}*)."
430,嬌,"attractive",0,2025-02-27 15:04:31,"The most #attractive# *woman* (*{女}*) in the world is obviously *Angelina* (*{喬}*) Jolie."
431,立,"stand up",0,2012-06-05 11:00:05,"Tatsu (lv.1): è la figura di un uomo che sta... come radicale puoi pensare a qualcosa che sta su in modo strano o che di solito è sdraiato."
432,泣,"cry",0,2024-04-24 10:48:16,"Her eyes started to *water* (*{氵}*)  when he *stood up* (*{立}*) to leave the room ... so she #cried#."
433,章,"badge",1,2024-04-24 10:48:50,"In the military, everyone *stands* (*{立}*) at attention when badges are given out *early* (*{早}*) in the day."
434,競,"vie",0,2024-04-24 10:49:47,"TWO twin *brothers* (*{兄}*) vie for the title of who is older.They must balance a *vase* (*{立}*)  on their head and the one who drops his loses!"
435,帝,"sovereign",0,2025-02-27 15:06:18,"The crazy sovereign *stands up* (*{立}*) from his throne, wearing nothing but a *crown* (*{冖}*) and a *towel* (*{巾}*). That's why they try to keep him locked up in the castle away from the public."
436,童,"juvenile",0,2020-10-27 03:25:00,"The juvenile *stood up* (*{立}*) on top of his *computer* (*{里}*) and broke it."
437,瞳,"pupil",0,2015-06-15 09:52:11,"In Japanese comics, the *eye* (*{目}*) of every *juvenile* (*{童}*) has an enormous #pupil#."
438,鐘,"bell",0,2024-04-25 08:56:45,"The *golden* (*{金}*) bell rings to call the *juveniles* (*{童}*) to class."
439,商,"make a deal",0,2025-02-27 15:07:01,"*Four* (*{四}*) loud*mouths* (*{口}*) trying to make a deal on a *vase* (*{立}*)."
440,嫡,"legitimate wife",0,2025-02-27 15:09:02,"The *woman* (*{女}*) you'll want to be with even when you're both *antique* (*{啇}*) should be your legitimate wife."
441,適,"suitable",0,2025-03-10 13:56:51,"Think of the term from televison ""suitable for all audiences"" to get the sense of the word. What program could be more suitable for the whole family than the ""*antiques* (*{啇}*) *road* (*{辶}*) (show)""."
442,滴,"drip",0,2025-02-27 15:11:07,"Drips of *water* (*{氵}*) were collected in *antique* (*{啇}*) *vases* (*{立}*) since the museum had a leaky roof"
443,敵,"enemy",1,2025-02-27 15:11:53,"When he smashed the *antique* (*{啇}*) *vase* (*{立}*) holding my wife's ashes, the *taskmaster* (*{攵}*) became my enemy for life."
444,匕,"spoon",0,2012-06-05 11:08:52,"To remember the primitive meaning, picture someone sitting on the ground performing Seppuku ... with a spoon. http://tinyurl.com/co48k."
445,北,"north",0,2025-02-27 15:12:36,"In the north, the weather is so cold that people are often seen sitting back to back to preserve warmth.

#Warning:# The left part is NOT the primitive *turtle*! The stroke order is different. Sometimes it will look exactly the same but not always depending on the font / style used to draw this character. Be sure to study the difference!"
446,背,"stature",0,2024-04-27 12:59:16,"While japanese people are generally small, people in the *north* (*{北}*) have taller stature because of all the *flesh* (*{月}*) they eat!"
447,比,"compare",0,2024-04-27 12:59:55,"Compare the two *spoons* (*{匕}*) ... the one on the left is funny-looking."
448,昆,"descendants",0,2015-06-07 12:05:55,"All *day* (*{日}*) grandparents *compare* (*{比}*) photos of their descendants."
449,皆,"all",0,2024-04-27 13:00:35,"If you *compare* (*{比}*) colours, you will find that *white* (*{白}*) is produced from the combination of all the others."
450,混,"mix",0,2024-04-27 13:01:12,"People have to mix their *fluids*, in order to create *descendants* (*{昆}*)."
451,渇,"thirst",0,2025-02-26 14:52:25,"You awaken from your *siesta* (*{曷}*) because you feel extremely #thirsty# so you go looking for some *water* (*{氵}*)."
452,謁,"audience",0,2025-02-26 14:52:31,"The *talk* (*{言}*) was so boring the audience took a *siesta* (*{曷}*)."
453,褐,"brown",0,2025-02-26 14:52:50,"Why is my package late?  Imagine a UPS driver dressed in brown *cloak* (*{衤}*) taking a *siesta* (*{曷}*)."
454,喝,"hoarse",0,2024-04-27 13:06:52,"If you leave your *mouth* (*{口}*) open while you take a *siesta* (*{曷}*), you will wake up with a hoarse voice."
455,旨,"delicious",0,2015-02-12 16:38:08,"It's sooo delicious I could *spoon* (*{匕}*) it in all *day* (*{日}*)."
456,脂,"fat",0,2024-04-27 13:07:23,"Every chef will tell you, fat is what makes the *meat* (*{月}*) taste *delicious* (*{旨}*)."
457,壱,"I (one)",0,2024-04-27 13:08:21,"The *samurai* (*{士}*) who has been *crowned* (*{冖}*) number #one# is so good he uses a *spoon* (*{匕}*) to fight with rather than a sword."
458,毎,"every",0,2024-04-27 13:10:11,"Every *mother* (*{毋}*) looks forward to the end of the day when she can finally lie down."
459,敏,"cleverness",0,2024-04-27 13:10:46,"*Every* (*{毎}*)  *taskmaster* (*{攵}*) must have some degree of cleverness."
460,梅,"plum",0,2023-04-23 14:49:48,"Plum *trees* (*{木}*) have fruit on *every* (*{毎}*) branch."
461,海,"sea",0,2025-02-28 13:04:42,"*Water* (*{氵}*) drops, *every* (*{毎}*) one, will eventually return to the sea."
462,乞,"beg",0,2012-06-11 10:13:30,"*Lying down*, Captain *Hook* is begging to be spared from the ticking crocodile."
463,乾,"drought",0,2025-02-28 13:13:20,"During a #drought#, everything *begs* (*{乞}*) for a *mist* (龺) for relief."
464,腹,"abdomen",0,2024-04-27 13:13:28,"The abdomen is the *body* (*{月}*) part that *doubles up* (*{复}*) on itself, especially during sit-ups"
465,複,"duplicate",0,2024-04-27 13:14:30,"My girlfriend saw someone wearing a duplicate  *cloak* (*{衤}*)  at a party, so she *doubled back* (*{复}*) to change!"
466,欠,"lack",0,2012-06-11 10:16:53,"a PERSON BOUND UP due to work is tired and LACKS sleep, hence YAWNS."
467,吹,"blow",0,2024-04-27 13:15:42,"This is clearly a blow job, we can see the *mouth* (*{口}*) and the *lack* (*{欠}*) of condom."
468,炊,"cook",0,2021-03-02 02:35:52,"In Japanese cooking *fire* (*{火}*) is sometime *lack*ing (*{欠}*), e.g., sashimi."
469,歌,"song",0,2024-04-27 13:16:18,"*Can*-*Can*-ers (*{可}*) *lack* (*{欠}*) the ability to sing a #song#."
470,軟,"soft",0,2024-04-27 13:16:55,"*Cars* (*{車}*) are rough steel things, *lack*ing (*{欠}*) softness."
471,次,"next",0,2024-04-27 13:17:29,"The *ice* (*{冫}*) was *lacking* (*{欠}*) this year. I hope next winter will be the same!"
472,茨,"briar",0,2020-10-25 02:35:00,"To prevent animals from eating the beautiful *flowers* (*{艹}*) in your garden, the best thing to do is to plant briar bushes immediately *next* (*{次}*) to them."
473,資,"assets",0,2024-04-27 13:17:56,"Assets are the *next* (*{次}*) best thing to *money* (*{貝}*)."
474,姿,"figure",0,2024-05-05 09:58:28,"The *next* (*{次}*) over *woman* (*{女}*) always has a better figure!

Thinking like that, you'll end up alone in an old folks home longing for the good old days!"
475,諮,"consult with",0,2024-04-27 13:19:30,"Having a *word* (*{言}*) with the *next* (*{次}*)-over *mouth* (*{口}*), like a neighbour, is usually a good way to consult with somebody for cheap."
476,賠,"compensation",0,2024-04-27 13:20:39,"Compensation is *money* (*{貝}*) you give to someone to *muzzle* (*{咅}*) them."
477,培,"cultivate",0,2023-04-20 03:46:22,"The illegal immigrants cultivate the *land* (*{土}*) but are socially and politically *muzzled* (*{咅}*)."
478,剖,"divide",0,2024-04-27 13:21:10,"Divide (and conquer) with *muzzle* (*{咅}*) and *sabre* (*{刂}*), me hearties, arrr!"
479,音,"sound",0,2024-04-27 13:21:43,"If you were *stand*ing (*{立}*) on the *sun* (*{日}*), believe me, you'd be making sound."
480,暗,"darkness",0,2024-04-27 13:22:05,"Picture the *sun* (*{日}*) exploding - there would be a gigantic *sound* (*{音}*) and then ... nothing. Everything would plunge into darkness."
481,韻,"rhyme",0,2024-04-27 13:22:34,"a rhyme is the *sound* (*{音}*) of *salarymen*  (*{員}*) walking in time."
482,識,"discriminating",0,2024-04-27 13:23:47,"*Words* are difficult to #discriminate# in the  *uproar* (*{戠}*) of a *fiesta* (*{戈}*)."
483,鏡,"mirror",0,2024-04-28 16:27:29,"Mirror should suggest vanity. Imagine a spoiled girl who gets her parents to buy her a *Golden* (*{金}*) mirror so she can *stand* (*{立}*) in front of it all *day* (*{日}*) vainly admiring her lovely *human legs* (*{儿}*).

*endpoint* (*{竟}*)"
484,境,"boundary",0,2024-04-28 16:29:14,"A  boundary represents the *soil's* (*{土}*) endpoint (*{竟}*)."
485,亡,"deceased",0,2024-04-28 16:29:44,"deceduto, morire ... sembra il disegno del patibolo dell'impiccato."
486,盲,"blind",0,2024-04-28 16:30:18,"*Deceased* (*{亡}*) *eyes* (*{目}*)!
Easy ;)"
487,妄,"delusion",0,2024-04-28 16:31:15,"The delusional *woman* (*{女}*) was carrying her *deceased* (*{亡}*) husband on her back."
488,荒,"laid waste",0,2024-04-28 16:32:03,"After Godzilla laid waste to the city, the survivors put some *flowers* (*{艹}*) on the bodies of the *deceased* (*{亡}*) and floated their bodies down the *stream* (*{川}*)."
489,望,"ambition",0,2023-05-09 18:15:31,"You're *dead* (*{亡}*) *meat* (*{月}*), buddy, my ambition is to be *king* (*{王}*)."
490,方,"direction",0,2024-04-28 16:34:14,"Under my *top hat* (*{亠}*) there are *ten thousand* (*{万}*) thoughts in my brain."
491,妨,"disturb",0,2024-04-28 16:34:56,"One way to disturb a *woman* (*{女}*) is to give her *directions* (*{方}*) while she is in the middle of driving."
492,坊,"boy",0,2024-04-28 16:35:30,"*Mud and dirt* (*{土}*) is the *direction* (*{方}*) #boy#s always go."
493,芳,"perfumed",0,2024-04-28 16:36:02,"She used a perfume so strong, that you can track her by following the *direction* (*{方}*) of the smell of *flowers* (*{艹}*)."
494,肪,"obese",0,2024-04-28 16:36:45,"""*Flesh* (*{月}*)  in all *directions* (*{方}*)"" == obese"
495,訪,"call on",0,2016-11-05 16:20:40,"When you call on someone, you *say* (*{言}*) words in their *direction* (*{方}*)."
496,放,"set free",0,2024-04-28 16:37:18,"Go in any *direction* (*{方}*) away from your *taskmaster* (*{攵}*) when you are #set free#."
497,激,"violent",0,2025-03-01 15:36:46,"After the *water* (*{氵}*) washed away the *white* (*{白}*) compass (*direction*) (*{方}*) of the *taskmaster* (*{攵}*), he became violent."
498,脱,"undress",0,2024-04-28 16:42:04,"#Undress#ing *flesh* (*{月}*) is something the *devil* (*{兑}*) loves to do."
499,説,"explanation",0,2024-04-28 16:41:43,"The *words* (*{言}*) of the *devil* (*{兑}*) typically fall into one of two categories: either rumours or #explanations#."
500,鋭,"pointed",0,2020-10-20 12:57:40,"The *gold* (*{金}*) pitchfork of the *devil* (*{兑}*) is pointed."
501,曽,"formerly",0,2024-05-01 01:54:39,"Formerly, *horned* (*{丷}*) animals were used to plough the *ricefield* (*{田}*), and it took all *day* (*{日}*).  Nowadays it's done by machine."
502,増,"increase",0,2025-02-26 14:36:45,"Prices always INCREASE for *soil* (*{土}*) that was *formerly* (*{曽}*) cheaper."
503,贈,"presents",0,2024-05-01 01:55:13,"Presents represent *money* (*{貝}*) that was *formerly* (*{曽}*) yours."
504,東,"east",0,2024-05-01 01:55:43,"Traditionally seen as a pictograph of the *sun* (*{日}*) rising behind a *tree* (*{木}*)."
505,棟,"ridgepole",0,2024-05-01 01:56:29,"Feng Shui states that the ridgepole of a house should be made of *wood* (*{木}*) and face *east* (*{東}*)."
506,凍,"frozen",0,2024-05-01 01:57:08,"The *ice* (*{冫}*) will stay frozen until the *sun* (*{日}*) is visible through the *trees* (*{木}*)."
507,妊,"pregnancy",0,2024-05-01 01:59:42,"In pregnancy, a *woman* (*{女}*) needs a *porter* (*{壬}*) to carry her bags to her room."
508,廷,"courts",0,2024-05-01 02:00:52,"*Stretching* (*{廴}*) the truth in court caused a drop of sweat on the *porter's* (*{壬}*) brow."
509,染,"dye",0,2024-05-01 02:01:36,"To make this dye, I used *water* (*{氵}*) and the barks of *nine* (*{九}*) different *trees* (*{木}*)."
510,燃,"burn",0,2017-01-10 10:18:51,"The Japanese are very particular about what *sort of thing* (*{然}*)  is considered #burn#able trash and what's not."
511,賓,"V.I.P.",0,2024-05-01 02:37:52,"This *house* (*{宀}*) is reserved to V.I.P. only.  If you are not *one* (*{一}*) of the *few* (*{少}*) with enough *money* (*{貝}*), keep out!"
512,歳,"year-end",0,2024-05-01 02:05:36,"At the year-end, everything seems to come to a *stop* (*{止}*).  However, there's still enough time for a *little* (*{小}*) *march* (*{戌}*) to celebrate."
513,県,"prefecture",0,2024-05-01 02:06:33,"In Japanese this is KEN, as in Barbie's boyfriend. He has lovely blue *eyes,* a girlfriend who is as thin as a *straightened out fish hook*. But, down where it counts, he has very *little* (*{小}*) to show..."
514,栃,"horse chestnut",0,2025-03-02 13:45:05,"There is a horse chestnut *tree* (*{木}*) that has grown by a *cliff* (*{厂}*)  for so long, it has deposited *10,000* (*{万}*) #horse chesnut#s that lie at the bottom."
515,地,"ground",0,2025-02-26 14:37:10,"The *soil* (*{土}*) is littered with *scorpions* (*{也}*) everywhere and no-one dares put their foot on the ground."
516,池,"pond",0,2024-05-01 02:08:50,"Remember the story of the *scorpion* (*{也}*) that begged the turtle for a ride across the pond?  Halfway across the *water* (*{氵}*), the *scorpion* (*{也}*) stung the turtle on the neck and they both sank to the bottom."
517,虫,"insect",0,2024-05-01 02:09:26,"I see the bottom of this kanji as an arm, and the top is an #insect# biting *into* (*{中}*) the arm, sucking some blood."
518,蛍,"lightning bug",0,2025-03-02 13:47:33,"The *school* (龸) teaches *insects*  (*{虫}*) how to become #lightning-bugs#. Only the brightest bugs graduate to become #lightning-bugs#."
519,蛇,"snake",0,2024-05-01 02:10:33,"a snake eats *insects* (*{虫}*) and he does that outside, while we eat in the *house* (*{宀}*) and preferably with a *spoon*(*{匕}*)."
520,虹,"rainbow",0,2024-05-01 02:11:13,"Little is it known that a rainbow is actually made by *insects* (*{虫}*) of different colours flying in formation, a *craft* (*{工}*) they have perfected to create the rainbows we see today."
521,蝶,"butterfly",0,2025-02-26 14:37:37,"A butterfly is an (*{虫}*) that appears after spending a *generation* (*{世}*) on a *tree* (*{木}*) as a cocoon."
522,独,"single",0,2024-05-01 02:15:14,"The bachelor's apartment looked like  it had been attacked by a *pack of wild dogs* (*{犭}*). There were even *insects* (*{虫}*) in the kitchen. No wonder he's single!"
523,蚕,"silkworm",0,2023-04-14 17:48:41,"There are no *insects* (*{虫}*) in *heaven* (*{天}*) - well, that is, except for #silkworm#s."
524,風,"wind",0,2024-05-01 02:16:06,"The wind usually carries things around in it - *drops* (*{丶}*) of rain or snow, and lots of *insects* (*{虫}*)."
525,己,"self",0,2012-06-14 16:02:27,"This kanji looks like the ""s"" of ""#self#"", looking at its own reflection in a mirror (reversed sideways), as if pondering about it ""#self#""."
526,起,"rouse",0,2024-05-01 17:56:49,"I was having a nightmare that I was *run*ning (*{走}*) from a *snake* (*{己}*) when my mum roused me from my sleep.  ""Wakey, wakey, run from snakey!"""
527,妃,"queen",0,2024-05-01 17:57:12,"The queen and her fellow reptilians have been trying hard to mate a *woman* (*{女}*) with a *snake* (*{己}*), in order that the reptilian race might survive on Earth."
528,改,"reformation",0,2020-10-24 16:52:29,"A *S*lytherin (wizardry house symbolized by a *snake* (*{己}*)) *taskmaster* (*{攵}*) plans a #reformation# of Hogwarts, disallowing the study of magic to all muggle-born. こわいですね！"
529,記,"scribe",0,2024-05-01 17:57:54,"A scribe writes down the *words* (*{言}*) spoken by a *snake* (*{己}*) (i.e. a lawyer)."
530,包,"wrap",0,2024-05-01 17:58:36,"The *snake* (*{己}*) *bound up* (*{勹}*) its prey by #wrapping# his body around it."
531,胞,"placenta",1,2024-05-01 17:59:12,"Imagine a newborn baby, fresh out of the womb,  *flesh* (*{月}*) entirely *wrap*ped (*{包}*) around it: that's the #placenta#."
532,砲,"cannon",0,2025-03-03 03:16:51,"A bunch of *stones* (*{石}*) *wrapped up* (*{包}*) together should suggest grapeshot in a Civil War cannon."
533,泡,"bubble",0,2024-05-01 18:00:48,"When *water* (*{氵}*) forms a bubble, it *wraps* (*{包}*) a pocket of air."
534,亀,"tortoise",0,2024-05-01 18:03:31,"It seems bizarre, but tortoises are a genetic cross with the head of a fish and the tail of an *eel* (*{电}*).  Where the shell comes from, no one knows."
535,電,"electricity",0,2024-05-01 18:03:14,"It's unwise to stand in the *rain* (*{雨}*) while holding an #electric# eel (*{电}*). Picture getting struck by lightning because of this."
536,竜,"dragon",0,2024-05-01 18:02:35,"have you ever seen an asian DRAGON? it looks like an *eel* (*{电}*), but can stand (*{立}*) up because it has legs."
537,滝,"waterfall",0,2012-06-14 16:18:19,"The Water Dragon dwells in the waterfall"
538,豚,"pork",0,2025-03-03 03:19:14,"Pork comes from the *flesh* (*{月}*) of a *sow* (*{豕}*)."
539,逐,"pursue",0,2025-03-03 03:19:57,"In association with *consumate* (*{遂}*), our *sow* (*{豕}*) is on the *road*  (*{辶}*) in order to #pursue# a mate."
540,遂,"consummate",0,2024-05-02 04:58:48,"This is still Miss Piggy only she's gotten *horny* (*{丷}*) (as she often does) and now she wants to *pursue* (*{逐}*) Kermit to help her consummate her desires."
541,家,"house",0,2024-05-02 04:59:33,"Think of ""The Three Little Pigs"". There was a *house* (*{宀}*) made of straw, another made of sticks, and a third made of bricks, each occupied by a *pig* (*{豕}*). So, naturally, *housetop* over *pig* means house, the central element of that story."
542,嫁,"marry into",0,2024-05-02 05:00:05,"Since the Nihonjin man is hardly ever home, the  *woman* (*{女}*) feels more like she's married into the *house* (*{家}*) than into a relationship."
543,豪,"overpowering",0,2024-05-02 05:00:56,"Ganon, the *tall* *crowned* (*{冖}*) *pig* (*{豕}*), has been overpowering the land of  Hyrule for decades."
544,腸,"intestines",0,2024-05-02 05:04:12,"Intestines are the part of the *body* (*{月}*) that is taken out of piglets to make *piggy banks* (*{昜}*)."
545,場,"location",0,2024-05-02 05:04:58,"*Soil* (*{土}*) is a good location to bury your *piggy  bank* (*{昜}*) savings."
546,湯,"hot water",0,2024-05-02 05:05:37,"Imagine a hot water kettle for your tea, except this one is a pink *piggy bank* (*{昜}*) that pours the *water* (*{氵}*) from its snout (and squeals when the water is piping hot)."
547,羊,"sheep",0,2012-06-15 18:22:17,"Picture of a sheep run over by a steam roller.  Must have been a ram, note the horns."
548,美,"beauty",0,2025-03-03 03:24:22,"I guess this kanji proves it's not just the Welsh whose idea of beauty is a *sheep* (*{羊}*) that is *large* (*{大}*)"
549,洋,"ocean",0,2025-03-03 03:24:39,"This kanji refers to the *waters* (*{氵}*)  of the Pa*sheep*hic (*{羊}*) ocean."
550,詳,"detailed",0,2024-05-02 05:08:12,"Trembling from head to hoof from such a traumatic experience, the *sheep* (*{羊}*) gives a very detailed worded account to the detective about his wolf attack."
551,鮮,"fresh",0,2020-09-25 15:40:22,"The #fresh#est *fish* (*{魚}*) is caught in the middle of the night while most people are ""counting *sheep* (*{羊}*)"".  (If you've ever been to Tsukiji fish market, you know what I mean)"
552,達,"accomplished",0,2025-03-04 17:28:01,"Digging through *soil* (*{土}*), Dolly (the first cloned *sheep* (*{羊}*) ever) escaped from the labs by tunneling under the *road* (*{辶}*). She was an accomplished escapologist."
553,羨,"envious",0,2024-05-02 05:09:55,"A very thirsty *sheep* (*{羊}*), who always *lacked* (*{欠}*) *water* (*{氵}*), spends his days watching his fellow *sheep* (in the farm next door or in another pen) and being very envious of their *water* (*{氵}*)."
554,差,"distinction",0,2012-06-16 03:37:33,"This New-Zealand pro-gamer has won many #distinctions# playing World of *WoolCraft* (a massively multi-user game in which the goal is to shear sheep)."
555,着,"don",0,2023-04-20 03:26:45,"A pullover is donned by pulling *wool* (*{羊}*) over your *eyes* (*{目}*). Don't forget the ""tail""."
556,唯,"solely",0,2024-05-02 05:10:58,"The *mouth* (*{口}*) of a *turkey* (*{隹}*) is used solely for saying, ""Gobble."" Likewise, your *mouth*, full of *turkey*, is solely used to gobble it up."
557,焦,"char",0,2025-03-04 17:28:56,"When I put the *turkey* (*{隹}*) over the *oven fire* (*{灬}*), it always ends up being #char#red beyond recognition. I'm not a very good cook."
558,礁,"reef",0,2024-05-02 05:11:46,"reefs are often formed from volcanic rock, or ""stone (*{石}*) that has been *charred* (*{焦}*)"""
559,集,"gather",0,2024-05-02 05:12:21,"Hunter-gatherers, searching all along the ground for food. They never look up and see the Turkeys (*{隹}*) that have gathered on top of the *trees* (*{木}*) to hide. Those were some smart turkeys!"
560,准,"quasi-",0,2023-07-14 16:06:36,"An *iced* (*{冫}*) *turkey* (*{隹}*) is only quasi-as-good-as fresh *turkey* (*{隹}*)."
561,進,"advance",0,2025-03-04 17:29:30,"Why did the *turkey* (*{隹}*) cross the *road* (*{辶}*)? To advance to the other side, of course."
562,雑,"miscellaneous",0,2024-05-02 05:13:06,"""*Nine* (*{九}*) *wooden* (*{木}*) *turkeys* (*{隹}*)?"" asked the official directing people at the antiques roadshow, ""I suppose you should head over to the miscellaneous department to get them appraised."""
563,雌,"female",0,2024-05-02 05:14:01,"*Stop* (*{止}*) | *spooning* (*{匕}*) | *turkeys* (*{隹}*). Spoon females."
564,準,"semi-",0,2024-05-06 16:09:11,"*Water* (*{氵}*) is splashed on *turkeys* (*{隹}*) before they are injected with drugs via *needles* (*{十}*) at the *turkey* fighting semi-final."
565,奮,"stirred up",0,2024-05-02 05:16:19,"The *St. Bernard dog* pounces on a *turkey* (*{隹}*)  in a *rice field* (*{田}*) and #stirs up# all the other birds around. See them all gobble gobbling in fear?"
566,奪,"rob",0,2012-06-27 17:06:40,"Don't let the neighbour's *St.Bernard* #rob# tonight's *turkey* .... *glue* it to the table if you must."
567,確,"assurance",0,2020-10-28 11:53:23,"You have my #assurance# that the *stone* (*{石}*) is big enough to keep the *turkey* (*{隹}*) inside the *house* (*{宀}*). And if that's not #assurance# enough, I'll tie the tail of the *turkey* to the chimney"
568,午,"noon",0,2025-03-04 17:30:51,"Noon is a good time to *lie down* for *ten* (*{十}*) minutes or so."
569,許,"permit",0,2017-10-15 15:19:09,"To *say* (*{言}*) anything to me at *noon* (*{午}*) you need a permit because I'm eating lunch."
570,歓,"delight",0,2025-03-04 17:31:27,"I would be delighted if Japanese *lacked* (*{欠}*) the Pegasus kanji."
571,権,"authority",0,2025-02-28 16:23:51,"no one has the authority to use a *tree* (*{木}*) to tie up a *pegasus*."
572,観,"outlook",0,2023-06-22 02:06:24,"Microsoft #Outlook# works about as well as a *pegasus* that can't *see* (*{見}*): they both crash all the time."
573,羽,"feathers",0,2012-06-17 11:04:26,"Two wings full of feathers."
574,習,"learn",0,2024-05-03 15:53:39,"By the time you're old and all your *feathers* (*{羽}*) have turned *white* (*{白}*), you should have #learn#ed a thing or two."
575,翌,"the following",0,2024-05-03 15:54:14,"Your *feathers* (*{羽}*) would also *stand up* (*{立}*) if you were a hen in a slaughter house and you heard: ""#The following#!"""
576,曜,"weekday",0,2025-03-07 08:17:03,"The poor farmer spends every weekday while the *sun* (*{日}*) shines, plucking *feathers* (*{羽}*) (katakana ヨヨ) from the *turkeys* (*{隹}*) ."
577,濯,"laundry",0,2025-03-07 08:17:22,"At the laundry you stuff your large *futon* (*{翟}*) (made from *turkey* (*{隹}*)  *feathers* (*{羽}*)) in the machine, thereby causing it to break -- as shown by the *water* (*{氵}*) spurting out the side."
578,曰,"sayeth",0,2025-03-07 08:18:14,"""#Sayeth#""?! Who on Earth says ""#sayeth#""? Doesn't seem quite right ... just like this kanji, which is just like ""*day* (*{日}*)"" but doesn't seem ""quite right."""
579,困,"quandary",0,2024-05-03 15:57:26,"I'm supposed to make an enclosure for my *tree* (*{木}*), but if I use its *wood* (*{木}*) for the enclosure, there won't be anything left to be *pent-in* (*{囗}*).  What a quandary!"
580,固,"harden",0,2020-12-05 05:43:03,"Fossils are *old* (*{古}*) things *pent in* (*{囗}*) that have #harden#ed."
581,国,"country",0,2024-05-03 15:58:17,"In my country (England) the crown *jewels* (*{玉}*) are kept *pent-in* (*{囗}*)  in the Tower of London."
582,団,"group",0,2024-03-27 18:55:21,"When you are admitted into a group like the Yakuza, you're well and truly done (だん) for.  You must stick to the group like *glue* (*{寸}*) , and you will be *pent-in* (*{囗}*) for life, never being able to leave."
583,因,"cause",0,2024-05-03 16:00:51,"The cause is the *largest* (*{大}*) thing *pent in* (*{囗}*), the determining factor."
584,姻,"matrimony",0,2025-03-07 08:19:36,"In matrimony, a *woman* (*{女}*) finds her *cause* (*{因}*) - to nurture love and build a lasting bond."
585,園,"park",0,2012-07-23 12:36:44,"A nice picnic *pent up* in the park, with your *crock pot* and *shawl* (picnic blanket)."
586,回,"-times",0,2025-03-07 08:20:09,"Write *mouth* (*{口}*) two -times"
587,壇,"podium",0,2024-03-27 18:53:26,"A man on the podium announces the rules for the contest: You must use *dirt* (*{土}*) to fill a *top hat* (*{亠}*) as many *times* (*{回}*) as you can by *nightbreak* (*{旦}*)."
588,店,"store",0,2024-05-03 16:02:11,"The *fortune teller* (*{占}*) has a store in a *cave* (*{广}*)."
589,庫,"warehouse",0,2024-05-03 16:03:15,"I think of the Batcave. It's a big *cave* (*{广}*) that Batman uses as a warehouse to store his *car* (*{車}*), the Batmobile."
590,庭,"courtyard",0,2024-05-03 16:04:04,"When the *court*house (*{廷}*)  *cave*d (*{广}*) in, trials had to be held in the courtyard."
591,庁,"government office",0,2024-05-03 16:04:56,"Some functionary at a government office decided that the tunnels of *caves* (*{广}*) need to get *street* (*{丁}*) signs, which are then *nail*ed (*{丁}*) to the walls of the *cave* (*{广}*)."
592,床,"bed",0,2024-05-03 16:05:16,"The two safe places to sleep in the wilderness are in a *cave* (*{广}*) and in a *tree* (*{木}*). So these can be considered to be beds."
593,麻,"hemp",0,2024-05-03 16:05:43,"(Image: while Batman is out, Robin is smokin' a huge doob in a secret corner of the Bat*cave* (*{广}*) where he nurtures his hemp *grove* (*{林}*))."
594,磨,"grind",0,2024-05-03 16:06:18,"If you grind the *hemp* (*{麻}*) you are bound to get *stoned* (*{石}*) quicker."
595,心,"heart",0,2024-05-05 09:36:47,"I hung the heart of my victim with a *hook* (*{乚}*) and three *drops* (*{丶}*) of blood spattered me."
596,忘,"forget",0,2025-03-07 08:21:39,"You only truly forget her when she has *perish*ed  (*{亡}*) in your *heart* (*{心}*)."
597,忍,"endure",0,2024-05-05 09:39:26,"Someone with a *razor blade* (*{刃}*) stuck in their *heart* (*{心}*) has to endure the pain wherever they go."
598,認,"acknowledge",0,2021-03-07 15:21:25,"You are given a *speech* (*{言}*) about some serious mistakes of yours, and you have to *endure* (*{忍}*) the whole thing, because all you can do is acknowledge."
599,忌,"mourning",0,2024-05-05 09:40:08,"Remember the tale of Cleopatra? She was mourning the loss of her Marc Antony, so she placed the asp *snake* (*{己}*) to her *heart* (*{心}*)."
600,志,"intention",0,2020-12-23 16:03:20,"A *samurai'*s (*{士}*) #intentions# always come from the *heart* (*{心}*)."
601,誌,"document",0,2024-05-05 09:40:43,"This is quite simple: a document is a set of *words* (*{言}*) describing your *intention* (*{志}*)."
602,忠,"loyalty",0,2024-05-05 09:41:09,"Their true #loyalty# exists *in the middle* (*{中}*) of their *hearts* (*{心}*)."
603,串,"shish kebab",0,2012-06-17 11:22:35,"This is a pictograph if ever I saw one. Two chunks of meat on a skewer."
604,患,"afflicted",0,2021-11-10 04:26:02,"A person who is afflicted with the vampire disease can only be killed with a *sheesh-kebab*　(*{串}*) through the *heart* (*{心}*)."
605,思,"think",0,2024-05-05 09:42:12,"Farmers cannot think about anything other than *rice fields* (*{田}*). It's in their *heart* (*{心}*)."
606,恩,"grace",0,2025-04-19 17:09:00,"Grace here is a favour freely bestowed, like a good deed. So to remember this kanji, go to the local shelter, find a *big dog pent up in a small cage* and adopt him. That will *cause* (*{因}*) a warm feeling in your *heart* (*{心}*)!"
607,応,"apply",0,2025-03-28 18:14:12,"Said the doctor: Normal rules apply. If you apply too much force the *heart* (*{心}*) will *cave* (*{广}*) in."
608,意,"idea",0,2025-03-08 06:20:15,"When you get a good idea you get excited and you can hear the *sound* (*{音}*) of your *heart* (*{心}*), it's pounding so hard."
609,想,"concept",0,2017-08-24 09:55:49,"The concept of love is basically two *hearts* (*{心}*) *inter*-acting (*{相}*) as one."
610,息,"breath",0,2020-10-20 04:37:24,"When *oneself* (*{自}*) breathes it brings oxygen to the *heart* (*{心}*)."
611,憩,"recess",0,2024-05-05 09:44:53,"Recess to me is a school break. At recess some kiddies are comparing their latest body piercings. *Tongues* (*{舌}*) and *noses* (*{自}*) are nothing special. The new cool is to have your *heart* (*{心}*) done!"
612,恵,"favor",0,2025-03-08 06:21:16,"Too easy. Imagine the Wizard of OZ. There, the three heroes asked the Wizard for three #favour#s: the lion wanted courage of *ten* (*{十}*) men, the scarecrow wanted a *brain* (*{田}*), and the tin man wanted a *heart* (*{心}*). So, the lion bit is stretching it but you have it memorized now, so who cares?"
613,恐,"fear",0,2017-07-14 04:55:10,"His greatest fear is that his *craft* (*{工}*) will only be *mediocre* (*{凡}*); that fear of inadequacy that affects the *heart* (*{心}*)."
614,惑,"beguile",0,2025-03-08 06:22:04,"She was #beguiled#/#mislead# by his charm: at the *fiesta* (*{戈}*) he kissed her on the *mouth* (*{口}*), they did it on the *floor *and thus he stole her *heart* (*{心}*). Poor girl!"
615,感,"emotion",0,2025-07-09 16:22:29,"#Emotion# is a *march* (*{戌}*) of *mouths* (*{口}*) inside your *heart* (*{心}*) telling you what to feel."
616,憂,"melancholy",0,2024-05-06 16:10:45,"Melancholy makes me think of Hamlet cause he was so 'emo'. In order to play up his feelings he bares his *head* (*{頁}*) and holds his *crown* (*{冖}*) over his *heart* (*{心}*) then walks like a *taskmaster* (*{攵}*) (on *walking legs*)  around the palace making everyone see how melancholy he is. What a wuss."
617,寡,"widow",0,2025-03-08 06:23:26,"The new widow sits in the *house* (*{宀}*), her *head* (*{頁}*) in her lap (the extended stroke), her *dagger* (*{刀}*) under her husband."
618,忙,"busy",0,2024-05-06 15:55:05,"#Busy# (as in ""occupied"") means a *state of mind* (*{忄}*) where all other thoughts are *deceased* (*{亡}*)."
619,悦,"ecstasy",0,2024-05-06 15:55:40,"ECSTASY alters our *state of mind* (*{忄}*) and makes us *devils* (*{兑}*)."
620,恒,"constancy",0,2024-05-06 15:56:23,"Constancy is holding the same *state of mind* (*{忄}*) over a long *span* (*{亘}*) of time."
621,悼,"lament",0,2024-05-06 15:57:04,"Everyone's *state of mind* (*{忄}*) became that of lamentation when the world's most *eminent* (*{卓}*) magician died. He was buried with his famous *sun-flower* wand in his hand."
622,悟,"enlightenment",0,2025-05-10 12:06:21,"Enlightenment, a *state of mind* (*{忄}*) that *I* (*{吾}*) must find. 
Only *I* (*{吾}*) can find this *state of mind* (*{忄}*)."
623,怖,"dreadful",0,2024-05-06 15:57:45,"Someone in a dreadful *state of mind* (*{忄}*) has crawled into his bed and is hiding under the bed-*linen* (*{布}*)."
624,慌,"disconcerted",0,2025-03-07 02:21:18,"When I am disconcerted my *state of mind* (*{忄}*) is ""*laid to waste*"" (*{荒}*)."
625,悔,"repent",0,2024-05-06 15:58:36,"When you repent, you heal your *state of mind* (*{忄}*) by going over *every* (*{毎}*) thing you are sorry you did in the past."
626,憎,"hate",0,2021-09-10 03:44:51,"Your *state of mind* (*{忄}*) turns to hate when someone takes away a loved one that was *formerly* (*{曽}*) yours."
627,慣,"accustomed",0,2024-05-06 15:59:08,"Some hardcore monks have a *state of mind* (*{忄}*) that has become accustomed to their self-torture through self-*piercing* (*{貫}*) ."
628,愉,"pleasure",0,2025-03-09 17:56:06,"In their narrow *state of mind* (*{忄}*), at the *meeting of butchers* (*20446}*), they throw lame jokes around like, 'Oh hello, it's a pleasure to *meat* (*{月}*) you', and find this rather pleasing."
629,惰,"lazy",0,2012-06-18 17:06:24,"When I am in a LAZY *state of mind* I use my *left* hand to play with my *meat*...it feels like someone else is doing it, which is good cause I'm too lazy to get a date."
630,慎,"humility",0,2024-05-06 15:59:48,"Humility is the *state of mind* (*{忄}*) of accepting the *true* (*{真}*) things about yourself - both favourable and unfavourable."
631,憾,"remorse",0,2024-05-06 16:00:18,"Remorse is the *state of mind* (*{忄}*) where I feel bad for what I did while I was tired and *emotional* (*{感}*)!"
632,憶,"recollection",0,2024-05-06 16:00:51,"I have no recollection of my *state of mind* (*{忄}*) from last night, dude... I must have been drunk or something. Do you have any *idea* (*{意}*) what I did last night, man?"
633,慕,"pining",0,2025-03-09 17:58:23,"Pining, yearn for... etc. Presumably for lost love. An easy one here, someone standing by a *graveyard* (*{莫}*), placing an old *valentine* (㣺) card amongst all the existing tributes."
634,添,"annexed",0,2025-03-09 17:58:44,"Hawaii is a little drop of *heaven* (*{天}*) nestled in the *waters* (*{氵}*) of the Pacific, most often visited by honeymooners and *valentines* (㣺}. It was annexed to the U.S.A. in 1959, and more recently to Japan as well -- albeit only unofficially, and through private commercial holdings"
635,必,"invariably",0,2024-05-07 15:14:52,"You swear you'll be in love forever, but invariably there comes a time when your *heart* (*{心}*) is *divided*."
636,泌,"ooze",0,2024-05-07 15:15:24,"Anything full of *water* (*{氵}*) will *invariably* (*{必}*) begin to ooze."
637,手,"hand",0,2024-05-07 15:16:30,"A hand is useful for *a thousand* (*{千}*) *one* (*{一}*) (1001) things"
638,看,"watch over",0,2024-05-07 15:17:17,"It's a hot day of summer with a clear sky, you're sitting outside a cafe (or maybe on a reclining chair in the garden), and you watch over the kids with a *hand* (*{手}*) covering your *eyes* (*{目}*) from the sunlight (next time, don't forget the sunglasses)."
639,摩,"chafe",0,2024-05-07 15:17:38,"If you grind the *hemp* without a stone but use your *hand* (*{手}*) instead it will chafe. (Image: ""Robin, why are your hands all chafed?"" 'Uh... (I've been grinding hemp all day)')"
640,我,"ego",0,2020-10-27 16:48:24,"That guy has such a huge ego.  He had to have a *hand* (*{手}*) in everything to do with planning the *fiesta* (*{戈}*)."
641,義,"righteousness",0,2024-05-07 15:23:41,"#Righteous# Christians are *sheep* (*{羊}*) with *egos* (*{我}*)."
642,議,"deliberation",0,2024-05-07 15:18:20,"Careful deliberation produces *words* (*{言}*) of *righteousness* (*{義}*)."
643,犠,"sacrifice",0,2024-05-07 15:18:55,"A *cow* (*{牛}*) that is *righteous* (*{義}*) sacrifices her milk for the human race."
644,抹,"rub",0,2025-03-09 17:59:57,"I like to rub my *fingers* (*{扌}*) over my *extremely* (*{末}*) long hair."
645,抱,"embrace",0,2024-05-07 15:20:22,"Here, I'm picturing that scene from ET (the extra terrestrial), where ET hugs Elliot before leaving. You see that embrace is ET's long *fingers* (*{扌}*) that *wrap* (*{包}*) around Elliot."
646,搭,"board",0,2024-05-07 15:20:47,"ok, this is a little wierd, but i took this back to the kanji for *pagoda* (*{塔}*).  I think it helps simplify the image, and also helps anchor the pagoda kanji in memory better as an added bonus.  say this aloud once, and i think it will bring out a vivid image very quickly:  ""Now boarding the *pagoda* ride.  Please keep your *fingers* (*{扌}*) inside at all times..."""
647,抄,"extract",0,2024-04-11 16:51:12,"The detective ran his *finger* (*{扌}*) over the *few* (*{少}*) pages of extract he managed to sneak out."
648,抗,"confront",0,2025-03-01 15:41:32,"Gandalf confronts the Balrog, shouting ""you shall not pass!"". He holds up a single *finger* (*{扌}*) and sends forth a *whirlwind* (*{亢}*)."
649,批,"criticism",0,2024-05-07 15:21:34,"My criticism earned me the *finger* (*{扌}*) when I *compared* (*{比}*) her cooking to my mother's."
650,招,"beckon",0,2025-03-09 18:00:52,"A Geisha beckons you with her index *finger* (*{扌}*), and as you approach she runs her *fingers* all over her body in an attempt to *seduce* (*{召}*)."
651,拓,"clear the land",0,2025-03-10 19:49:51,"A huge index *finger* (*{扌}*) coming down from the sky is kicking boulders of *rock* (*{石}*), clearing the land. Maybe it's the *finger* of God preparing a place for his little people to live."
652,拍,"clap",0,2025-03-10 19:50:39,"(Image: the most snooty prim and proper English Lord with *white* (*{白}*) gloves clapping only with his *fingers* (*{扌}*). ""Oh bravo old chap. Bravo..."")."
653,打,"strike",0,2020-10-28 03:40:42,"My teacher used to strike my *finger*s (*{扌}*) with a *street sign* (*{丁}*)."
654,拘,"arrest",0,2025-03-11 05:21:48,"You approach the thief from behind, stick your *finger* (*{扌}*)  in his back to fake a gun, and say the *phrase* (*{句}*) ""You're under arrest""."
655,捨,"discard",0,2020-12-12 17:06:47,"Someone stuck their *fingers* (*{扌}*) in my *cottage* (*{舎}*) cheese!  I'm going to have to #discard# the lot!"
656,拐,"kidnap",0,2025-03-10 19:55:04,"Wrap your *fingers* (*{扌}*) around someone's *mouth* (*{口}*) to keep them quiet, then put the *knife* (*{刀}*) to their throat to ensure their cooperation.  This is the best way to kidnap someone."
657,摘,"pinch",0,2025-03-11 05:17:25,"My grandma always pinched me with her *fingers* (*{扌}*) when i was playing with her *antiques* (*{啇}*). Imagine her fingers, also quite antique, thin, bony and hard, pinching at your hand. ""Keep your fingers away from my antiques!!"""
658,挑,"challenge",0,2025-03-13 18:44:57,"A huge *finger* (*{扌}*) coming down through an apocalyptic sky - *portent* (*{兆}*) of  evil to come - and singles out the only person who will be able to face the challenge ahead."
659,指,"finger",0,2025-03-10 19:56:07,"Finger (*{扌}*)  lickin' *delicious* (*{旨}*)."
660,持,"hold",0,2025-03-10 19:53:16,"You can see priest #hold# himself upside down with just a *finger* (*{扌}*) at the *temple* (*{寺}*)."
661,括,"fasten",0,2025-03-13 18:24:57,"Teacher was always telling us to fasten our lips by pulling a zipper shut with our *fingers* (*{扌}*).  It always frightened me because I imagined getting my *tongue* (*{舌}*) stuck in the zipper."
662,揮,"brandish",0,2025-03-11 05:24:25,"A military leader is brandishing his *finger* (*{扌}*) at the enemy, whilst urging his *army* (*{軍}*) to charge."
663,推,"conjecture",0,2021-08-30 08:50:27,"In mathematics, a conjecture is a mathematical statement which has been proposed as a true statement, but which no one has yet been able to prove or disprove.

Have you heard of the *Finger* (*{扌}*)- *Turkey* (*{隹}*) conjecture ? It states that if *turkeys* had *fingers*, they would be able to count. Be sure to imagine a turkey with fingers at the tip of its wings, counting from one to ten."
664,揚,"hoist",0,2025-03-11 05:21:11,"My *fingers* (*{扌}*) cannot hoist my *piggy bank* (*{昜}*) because it is so heavy."
665,提,"propose",0,2024-10-03 17:01:48,"When a man proposes to a lady, he takes her *finger* (*{扌}*) and places the ring on it *just so* (*{是}*), and the moment sweeps her away."
666,損,"damage",0,2025-03-10 19:57:27,"Boss yells, ""Who #damaged# the Xerox machine?!"" *fingers* (*{扌}*) of *employees* (*{員}*) point at one another."
667,拾,"pick up",0,2025-03-10 19:54:02,"I tried to pick up the bowling ball ... but my *fingers* (*{扌}*) didn't *fit* (*{合}*) in the holes."
668,担,"shouldering",0,2025-03-10 19:58:08,"One of Hercules' labours was to hold the world in his *fingers* (*{扌}*) for Atlas and not move until *nightbreak* (*{旦}*), shouldering the considerable burden."
669,拠,"foothold",0,2025-03-10 19:52:31,"When rock climbing, when your weight *disposes* (*{処}*) of the valuable foothold, all that's left is your *fingers* (*{扌}*) keeping you from death. Meanwhile, your *walking legs* are left dangling in the *wind*."
670,描,"sketch",0,2025-03-10 19:58:33,"A sketch is a *seedling* (*{苗}*) of things to come.  Before the assault, the sergeant draws a sketch of the attack with his *fingers* (*{扌}*) in the sand."
671,操,"maneuver",0,2025-07-09 16:23:21,"Using just a *finger* (*{扌}*) you are trying to maneuver your *furniture* (*{喿}*) round your room."
672,接,"touch",0,2025-03-11 05:22:58,"A pervert meets a *woman* (*{女}*). The pervert tries to touch the women with his lustful *fingers* (*{扌}*). The *woman* takes a *vase* (*{立}*), lifts it over her head and smashes it on the pervert's head ..."
673,掲,"put up a notice",0,2025-03-05 16:32:04,"A *muchacho* #puts up a notice# that says “NO FINGER (*{扌}*) SNAPPING ALLOWED. MUCHACHOS ON SIESTA (*{曷}*)”."
674,掛,"hang",0,2025-03-11 05:20:25,"3 ways you could hang something: 1) the normal way, with your *finger* (*{扌}*) putting something on a hook or whatever, 2) hanging from *ivy* (*{圭}*)  the natural way, or 3) by means of the magic of the *wand* (*{卜}*)."
675,研,"polish",0,2020-10-28 18:01:18,"To polish a *stone* (*{石}*) you use *both hands* (*{开}*): one to hold it and the other to rub it."
676,戒,"commandment",0,2020-12-11 07:45:57,"When Moses returned with the #commandments# in his *two hands* (*{廾}*) he saw that his people were throwing a *fiesta* (*{戈}*)."
677,械,"contraption",0,2025-03-01 17:40:55,"Moses made a *wooden* (*{木}*) contraption to carry the ten *commandments* (*{戒}*): the ark of the covenant."
678,鼻,"nose",0,2025-05-24 05:20:24,"*Oneself* (*{自}*) sneezed so hard through one's nose that one blew out one's *brains* (*{田}*) into *two hands* (*{廾}*)."
679,刑,"punish",0,2025-03-15 13:24:36,"In some countries they punish thieves by cutting off *both hands* (*{开}*) with a *sabre* (*{刂}*)."
680,型,"mould",0,2025-03-15 13:25:30,"A famous ninja once pressed his *both hands* (*{开}*) and *sabre* (*{刂}*) into the *soil* (*{土}*) of his temple, before going onto a mission from which he never came back. The mould of his two hands and sabre has since become a popular attraction in the area."
681,才,"genius",0,2025-03-15 13:25:54,"Spinal tap:

""Every other band's amps go to *ten* (*{十}*). But you see my *extra stroke* of genius - these go to eleven."""
682,財,"property",0,2024-04-24 18:04:50,"If you're a *money* (*{貝}*) *genius* (*{才}*), you can afford a lot of property."
683,材,"lumber",0,2025-03-15 13:26:15,"A *tree* (*{木}*) cutting *genius* (*{才}*) is a lumber jack. Doh."
684,存,"suppose",0,2020-10-20 13:07:55,"how do you suppose they manage to cram a *genie* inside a bottle? Well, I suppose they put him in there while he's still a little *child* (*{子}*) ..."
685,在,"exist",0,2025-07-26 05:57:35,"The *genie* in the bottle does exist but you need to dig deep into the *soil* (*{土}*) to find one."
686,乃,"from",0,2012-06-19 16:17:54,"FROM a pictograph of a thumbs up. That's how it also gets the primitive meaning of fist."
687,携,"portable",0,2025-03-15 13:30:27,"This character is the ""kei"" in ""keitai"" (cell phone), a word you will no doubt hear often in Japan, since everyone has one. Imagine you've just arrived in Japan, but don't have a cell phone yet, so instead you're carrying around a portable *turkey* (*{隹}*) you can hold in your *fist* (*{乃}*). To dial a number, just poke it with your *fingers* (*{扌}*)."
688,及,"reach out",0,2025-03-15 13:30:51,"I like to think of this as a *fist* (*{乃}*) with with brass knuckles because of the extra line. An old school thug #reach#es #out# to help you  up but then with his other hand (with the brass knuckles) punches you."
689,吸,"suck",0,2025-03-15 13:31:22,"An *open mouth* (*{口}*) and *reaching out* (*{及}*): a baby wants to suck at his mother's breast."
690,扱,"handle",0,2025-03-15 13:31:50,"One of the first thing a baby can do is grab your *finger* (*{扌}*) by *reaching out* (*{及}*), so using you as a handle."
691,丈,"length",0,2012-11-03 12:48:48,"Both a metre and a yard are about one arm-#length#."
692,史,"history",0,2025-03-15 13:51:17,"History is told by one *mouth* (*{口}*): the winner's.  The loser's opinion is not told and is *tucked under the arm* (silenced) by the winner."
693,吏,"officer",0,2020-10-21 07:35:12,"*One* (*{一}*) officer can change the course of *history* (*{史}*)."
694,更,"grow late",0,2025-03-15 13:52:01,"It's starting to grow late, so God will take the *sun* (*{日}*), and *tuck it under his arm*, and walk away.  In the morning, he'll bring it back, so don't worry."
695,硬,"stiff",0,2025-03-15 13:52:53,"A stiff drink on the *rock*s (*{石}*) after it *grows late* (*{更}*) is a way to unwind after a long day."
696,又,"or again",0,2012-06-19 16:30:10,"This keyword should really be ""again"" not ""or again"" Here is some context: think of the phrase ""Jya mata"" ""じゃ又"" which is a farewell similar to ""then again"". Also ""Mata ne"" ""又ね"" and mata ashita (again tomorrow) ""又明日""。 Note this kanji is rarely used, most of the time JP people spell it out ""mata"" except for in the last example: 又明日."
697,双,"pair",0,2025-02-28 17:02:29,"The animals boarding Noah's Ark all came in pairs – but Noah had to carefully check the two crotches in each pair to ensure that the animals were of different sexes and thus able to further their species after the flood.

work this in? : (*{又}*)"
698,桑,"mulberry",0,2012-06-19 16:30:52,"Children going around the mulberry *tree* singing ""This is the way we wash our *crotch*, wash our *crotch*, wash our *crotch*..."""
699,隻,"vessels",0,2025-03-15 13:54:13,"The vessels were so packed with *turkeys* there was barely enough room for everyone to *sit cross-legged*"
700,護,"safeguard",0,2025-05-11 13:05:25,"In this kanji, we see an inauguration *speech* (*{言}*) being given before  the Greenpeace vessel is set afloat and sent to safeguard our planet.

Think of the *flower* (*{艹}*)-*vessels* (*{隻}*) as a the Greenpeace vessel “Arctic Sunrise”, only instead of a rainbow there is a big *flower* (*{艹}*) painted on the hull.  Think of “flower-power” and of the “peace” in “Greenpeace”  and it will make some sense, hopefully."
701,獲,"seize",0,2025-07-09 16:23:45,"A pack of genetically-modified *wild dogs* (*{犭}*) is #seize#d by a group of Greenpeace activists and taken onboard the Greenpeace vessel (the* flower vessel*, see (*{護}*))."
702,奴,"guy",0,2012-06-19 16:40:54,"That GUY stole my *woman* so I kicked him in the *crotch*. (This story helps keep the word ""#GUY#"" as someone you hold in contempt)"
703,怒,"angry",0,2025-03-19 15:34:01,"This *woman* is angry because of the *guy* (*{奴}*) in the previous frame who pays more attention to her *crotch* than her (*{心}*). I prefer to decompose the kanji in three  elements here because it is easier to read like a mnemonic."
704,友,"friend",0,2012-06-19 16:41:28,"A good friend is always at your side. ----
I teach at a Japanese High School, and I often see chummy male students grabbing each other's crotches in a joking manner. It's still weird to me, but apparently reaching to your side and grabbing you neighbor's crotch is a great way to express friendship."
705,抜,"slip out",0,2025-03-19 15:34:51,"Don't let good *friends* (*{友}*) slip out between your *fingers* (*{扌}*)."
706,投,"throw",0,2025-03-19 15:35:28,"A wizard uses his *fingers* (*{扌}*) to #throw# magic *missiles* (*{殳}*)."
707,没,"drown",0,2025-04-26 06:31:09,"The submarine's hull was breached after being struck by a torpedo - ""*water* (*{氵}*) *missile* (*{殳}*)"" - causing the entire crew to drown."
708,設,"establishment",0,2024-11-08 15:48:35,"The establishment can be attacked by *words* (*{言}*) or by *missiles* (*{殳}*). Writers will use words, whereas militars will use missiles."
709,撃,"beat",0,2020-10-28 18:04:34,"Your *car* (*{車}*) has *missiles* (*{殳}*)?! That beats mine, *hands* (*{手}*) down."
710,殻,"husk",0,2025-03-19 15:37:09,"a *samurai* husking corn, which means removing the part that is *superfluous* (*{冗}*), so that he can use the corn as *missiles* (*{殳}*) in some upcoming war ..."
711,支,"branch",0,2012-06-20 12:25:11,"A special branch of the military called the *Needle Crotch* Unit.  Their only weapon is the *needle* embedded in their *crotches*, and they're quite adept at using them."
712,技,"skill",0,2025-03-19 15:37:45,"Balancing a *branch* (*{支}*) on your *finger* (*{扌}*) is the prototypical example of a skill that is nothing more than a skill (i.e., it is completely useless)."
713,枝,"bough",0,2025-03-19 15:38:07,"The *tree's* (*{木}*) primary *branch* (*{支}*) is known as the bough."
714,肢,"limb",0,2022-09-21 04:53:48,"The limbs that this kanji represents are *parts of the body* (*{月}*) that are connected to the trunk, like the main *branches* (*{支}*) to a tree (“arms and legs” is the second meaning of this kanji). In other words, limbs are ""*flesh branches*""."
715,茎,"stalk",0,2021-05-16 14:40:15,"*Flower* over a *spool* (*{圣}*) of thread."
716,怪,"suspicious",0,2025-03-19 15:39:00,"When you're suspicious, your *state of mind* (*{忄}*) twists round and round like a *spool of thread* (*{圣}*)."
717,軽,"lightly",0,2025-05-07 07:58:06,"Imagine a so-called #light# vehicle or a #light#-truck with a load of *spools* (*{圣}*) driving down a road ever so lightly, careful not to let any of the *spools* (*{圣}*) roll out onto the street.

Fact: this kanji is used to denote a certain class of vehicles  in Japan whose engines are under a certain size (less than 750cc I think) and are called #light# vehicles in Japan."
718,叔,"uncle",0,2012-06-20 16:42:58,"Oh come on people - say what we've all been thinking: the uncle is that creepy guy towering *above* a *little* one's *crotch*."
719,督,"coach",0,2025-03-19 15:41:29,"Creepy *uncle* (*{叔}*) volunteers as gymnastics coach so he can *eye* (*{目}*) the team from below."
720,寂,"loneliness",0,2025-03-19 15:42:15,"The unmarried *uncle* (*{叔}*)'s *house*(*{宀}*) is the picture of loneliness."
721,淑,"graceful",0,2012-06-20 16:56:08,"Once he hits the *water*, *Uncle* (the one who is lonely and coaches kids in his spare time) is actually a graceful guy, as he used to be part of the swimming team in his youth."
722,反,"anti-",0,2025-03-02 10:03:10,"I think of an anti-hero (Dirty Harry etc.) for this primitive, whose trademark for disposing of villians is not an honourable fight, but a kick in the *crotch* and then a shove off a *cliff* (*{厂}*) (perhaps whilst the villain's back is turned)."
723,坂,"slope",0,2022-02-07 06:01:50,"*Soil* (*{土}*) sprays everywhere as the villain, pushed off by the *anti*-(*{反}*)-hero, tumbles down the slope."
724,板,"plank",0,2025-07-09 16:24:09,"Of course, a *tree* (*{木}*) is *anti* (*{反}*) plank. Wouldn't you be if you were a *tree* (*{木}*)?"
725,返,"return",0,2025-03-19 03:31:09,"Pretty obvious: to return is to turn back on the *road* (*{辶}*) you're on and go the *opposite* (*{反}*) way."
726,販,"marketing",0,2025-03-19 03:31:37,"The goal of marketing is to get the *clams* (*{貝}*) from people who are naturally *anti* (*{反}*) buying."
727,爪,"claw",0,2012-06-20 16:59:19,"a pictograph of Wolverine's adamantium claws"
728,妥,"gentle",0,2024-04-24 17:55:48,"Overly gentle *women* (*{女}*) are *vultures* (*{爫}*) who want to marry you and steal your money - not true but an easy mnemonic!"
729,乳,"milk",0,2025-03-19 03:32:45,"This *fledgling* (*{孚}*) is *hooked* (*{乚}*) on milk... better than booze, I suppose!"
730,浮,"floating",0,2020-10-27 13:04:50,"In the *water* (*{氵}*) there's a floating (*fledgling*) (*{孚}*) rubber ducky!!!"
731,将,"leader",0,2024-11-28 19:22:58,"The leader in this race is the *turtle* (*{丬}*)!  It appears he has covered the *vulture*’s (*{爫}*) feet in *glue*  (*{寸}*), so that the vulture cannot get off the starting block."
732,奨,"exhort",0,2025-03-19 03:33:24,"it's easy to picture a *leader* (*{将}*) who uses a *large* (*{大}*) dog to exhort his people to do more."
733,採,"pick",0,2025-03-19 03:34:29,"You pick cherries with your *fingers* (*{扌}*), then along comes a giant *vulture* (*{爫}*) and picks up the whole *tree* (*{木}*) with its *claws*."
734,菜,"vegetable",0,2025-03-19 03:35:47,"Underneath the *flower* (*{艹}*) is a vegetarian *vulture* (*{爫}*) perched in a *tree* (*{木}*), patiently waiting for a patch of vegetables to grow."
735,受,"accept",0,2012-06-20 17:03:53,"The *bird* house is the brothel (someone else said so) and of course everyone is welcome - they accept any crotch"
736,授,"impart",0,2021-02-12 09:19:32,"""This *finger* (*{扌}*) please *accept* (*{受}*)"", you say, imparting it to your yakuza boss."
737,愛,"love",0,2012-06-23 09:57:00,"The man is about to enter the '*birdhouse*' (brothel) when he remembers his true *love* at home, and, following his *heart*, uses his *walking legs* to go straight home."
738,払,"pay",0,2025-03-19 03:38:12,"You're at a restaurant and raise your *finger* (*{扌}*) to indicate to the waiter that you want to pay.  Your friend *elbows* (*{厶}*) you in the ribs -- it's his shout, and he insists on #pay#ing the bill."
739,広,"wide",0,2021-04-26 07:14:38,"The Bat*cave* (*{广}*) is very wide and has a lot of *elbow* (*{厶}*) room for Batman to do his yoga."
740,拡,"broaden",0,2021-09-15 16:20:16,"*Fingers* (*{扌}*) spread *wide* (*{広}*) to broaden your hand."
741,鉱,"mineral",0,2025-03-19 03:39:06,"The new *metal* (*{金}*) mineral, *Elbonium*, is found in *wide caves* (*{拡}*)."
742,弁,"valve",0,2025-03-19 03:40:00,"Opening a stuck valve requires  a lot of *elbow* (*{厶}*) grease spread over *two hands* (*{廾}*)."
743,雄,"male",0,2012-06-21 15:03:00,"Men walk with their *elbows* out from their *sides* in a weird *turkey* trot when they try to appear very MASCULINE. Think of a 70's pimp walk."
744,台,"pedestal",0,2024-04-09 16:49:16,"When someone's *elbow* (*{厶}*) is above your *mouth* (*{口}*)  they are probably standing on a pedestal."
745,怠,"neglect",0,2024-04-09 16:48:08,"While standing on the *pedestal* (*{台}*) at the award ceremony, the recipient *heart*lessly (*{心}*) neglected to mention the people that got him there."
746,治,"reign",0,2024-05-03 15:07:26,"In *water* (*{氵}*) Neptune stands on his *pedestal* (*{台}*) to reign over his Sea Empire."
747,始,"commence",0,2025-03-19 03:40:41,"Many men, before they commence their relationship with the *woman* (*{女}*) of their desires, place her on something of a *pedestal* (*{台}*), which often leads to disappointment later on."
748,胎,"womb",0,2024-10-27 12:27:11,"The *body* (*{月}*) part women like to put on a *pedestal* (*{台}*) is the womb."
749,窓,"window",0,2025-03-19 03:43:56,"Peering through the window of a *house* (*{宀}*), you see a gruesome murder scene. *Human legs* (*{儿}*) dangling from a ceiling fan, an *elbow* (*{厶}*) sticking out of a wall, and a *heart* (*{心}*) still beating on the carpet."
750,去,"gone",0,2020-10-27 16:56:56,"""Going, going, GONE!"", said the gravedigger as he shoveled *soil* (*{土}*) onto the body's protruding *elbow* (*{厶}*) (the last bit left to cover)."
751,法,"method",0,2024-12-20 14:16:15,"this kanji shows up in a lot of words related to the legal process.  Try this image: using a very outdated judicial method, the people of Salem dunked accused witches in the *water* (*{氵}*) until they were all *gone* (*{去}*)."
752,会,"meeting",0,2025-03-21 16:52:35,"The only thing created in most meetings is a lot of hot air.  Imagine a *cloud of it rising* (*{云}*) to the *roof*."
753,至,"climax",0,2012-06-21 15:08:08,"The climax of the Berlin Wall affair was the tearing of it to ground."
754,室,"room",0,2012-06-21 15:08:33,"You book a room in a love hotel called ""*House  Climax*""."
755,到,"arrival",0,2025-06-12 15:47:19,"Arrival of a hero always happens at the *climax* (*{至}*) of the movie, and of course he carries a *sabre* (*{到}*) to defeat the enemy."
756,致,"doth",0,2025-05-27 17:39:23,"At the *climax* (*{至}*) of the intensive course, the *taskmaster* (*{攵}*) insists that you doth speak in Old English."
757,互,"mutually",0,2012-06-21 15:09:31,"The 69 position allows both parties to mutually give themselves pleasure."
758,棄,"abandon",0,2024-11-26 17:01:54,"Think of a really loud and annoying baby, you want to abandon it but it keeps coming back ... so you take off your *belt* by the buckle, and tie the baby to the top of a *tree* (*{木}*)!"
759,育,"bring up",0,2025-03-01 17:48:54,"#Bringing up# your offspring means raising them from *infant* until they are *meat* (*{月}*) ready to be harvested. What, cannibalism is in poor taste? Forget I ever brought it up. But #bring up# will forever be *infant meat* to me. I want my baby back baby back baby back ribs!"
760,撤,"remove",0,2025-04-21 16:03:44,"""Don't lay a *finger* (*{扌}*) on him,"" a concerned mother says as the state removes her child for *upbringing* (*{育}*) by a *taskmaster* (*{攵}*) foster home."
761,充,"allot",0,2012-06-21 15:11:09,"Scene at the baby factory: Manager: ""Good news! Your *infant* has been allotted *human legs*"". Parent to be: ""Thanks #a lot#!"""
762,銃,"gun",0,2019-06-06 02:46:27,"A *gold* (*{金}*) gun is *allot*ted (*{充}*) to everyone by the US constitution (according to the NRA )."
763,硫,"sulfur",0,2025-03-21 16:57:40,"Sulphur is like a *rock* (*{石}*), but it can stink like a *stream* (*{川}*) of *infant* poop."
764,流,"current",0,2012-06-27 16:59:57,"When he was placed in the *water*, the *infant* Moses was sent down the current of the *stream*."
765,允,"license",0,2025-03-21 16:58:53,"In some Asian kung-fu version of James Bond, the main protagonist has a “Licence To Kill” with his deadly *elbows* (*{厶}*) and *human legs* (*{儿}*)."
766,唆,"tempt",0,2025-03-21 16:59:24,"Prostitutes in Amsterdam *mouth* (*{口}*) that they have a *license* (*{允}*) and so make a living for their *taskmaster* (*{攵}*)."
767,出,"exit",0,2025-03-21 17:00:14,"The exit lies between these two *mountains* (*{山}*)."
768,山,"mountain",0,2025-02-23 15:22:56,"Three mountain peaks"
769,拙,"bungling",0,2020-10-29 10:15:31,"With *fingers* (*{扌}*) fumbling around trying to get the key in the door so he could *exit* (*{出}*), the bungling husband woke his wife as he tried to leave for a rendezvous with his mistress."
770,岩,"boulder",0,2025-03-21 17:01:03,"A *mountain* (*{山}*)-sized *stone* (*{石}*) is known as a boulder."
771,炭,"charcoal",0,2016-10-22 06:08:40,"Burn enough charcoal and you'll have a *mountain* (*{山}*) of *ashes* (*{灰}*)."
772,岐,"branch off",0,2020-11-13 11:29:24,"On the left, there are three *mountains* (*{山}*). The road #branches off# to each of them. (Note: This kanji is mostly used for *branches* (*{支}*)  in the road)"
773,峠,"mountain pass",0,2025-03-21 17:02:10,"Heisig mentions at kanjiclinic.com that he wishes he'd chosen #mountain pass# for this keyword as it's closer to what the word means. If we do this, the kanji makes complete sense because a #mountain pass# is just *below* (*{下}*) the *mountain* (*{山}*) *top* (*{上}*)."
774,崩,"crumble",0,2025-03-21 17:02:36,"Sam and Frodo were steadfast *companions* (*{朋}*) even as *Mount Doom* (*{山}*) crumbled above them."
775,密,"secrecy",0,2022-03-10 10:01:16,"To maintain secrecy, certain societies *house* (*{宀}*) themselves *invariably* (*{必}*) in the *mountains* (*{山}*)."
776,蜜,"honey",0,2025-03-19 18:11:52,"When I think of honey, I think of a bee hive, which is a *house* (*{宀}*) that *invariably* (*{必}*) has *insects* (*{虫}*)."
777,嵐,"storm",0,2025-03-22 12:09:08,"Storm is a full-blown *wind* (*{風}*) that rips the *mountains* (*{山}*) off the ground (you see one flying here)."
778,崎,"promontory",0,2025-03-22 12:10:20,"This is “Cape Strange” (*{奇}*) from (*{埼}*), only with *mountain* (*{山}*)  in place of *soil*. 

Interestingly, there is also 碕 which is made of the primitives* stone* and *strange*. The three kanji 碕, 埼 and 崎 all have the same meanings and pronunciations. They have very little uses other than names, for which promontory is the clear winner with over 2300 uses in place and people names, while the other two kanji account for less than 200 names."
779,入,"enter",0,2012-06-21 15:16:39,"Pictograph, see book.

* As a primitive, using the image of going through a door, even one that stands alone with the frame and no wall around, helps flesh out the primitive “enter”."
780,込,"crowded",0,2025-02-25 17:20:21,"During a traffic jam it is impossible to get your car to *enter* (*{入}*) the *road-way* (*{道}*) as it is crowded with cars.  Think of a grid lock so bad cars are literally scraping up against each other like people on a Japanese train during rush hour."
781,分,"part",0,2025-03-22 12:12:03,"(This kanji also has the meanings of ""understand"" and ""minute"").  It's important to understand that were you to *enter* (*{入}*) an hour with a *dagger* (*{刀}*) and cut it into #parts#, those #parts# would be minutes."
782,貧,"poverty",0,2025-03-22 12:12:31,"In the case of true poverty, only *part* (*{分}*) of the problem is not having *money* (*{貝}*). There are other components as well, like lack of education, class structuring, etc., but that doesn't really matter. Just remember that the money is only part of it, not the whole."
783,頒,"partition",0,2025-03-23 13:37:05,"The *part* (*{崎}*) of my *head* (*{頁}*) where I remember the kanji is in the kanji partition."
784,公,"public",0,2021-01-25 15:53:43,"I always open the doors to the public toilets with my *elbows* (*{厶}*)  because I don't want to touch the door with my hands."
785,松,"pine tree",0,2021-10-05 02:45:40,"Following up with the ""entering public restrooms"" story for the right-hand primitive: *public* (*{公}*) restrooms always reek of #pine *tree*# scented disinfectant."
786,翁,"venerable old man",0,2015-09-19 15:44:43,"The venerable old man is the *public* (*{公}*)figure head of the Native American Village, answering all questions and solving all problems. The higher in rank you get in this tribe, the more *feathers* (*{羽}*) decorate you. Imagine this old man covered in beautiful feathers."
787,訟,"sue",0,2025-03-22 12:14:20,"Take care what *words* (*{言}*) you say in *public* (*{公}*) lest you be sued."
788,谷,"valley",0,2025-03-22 12:15:02,"Pictograph - a little house in a valley with mountains behind."
789,浴,"bathe",0,2025-07-09 16:26:01,"The mountain man uses the *water* (*{氵}*) from the *valley* (*{谷}*) to bathe."
790,容,"contain",0,2025-03-22 12:15:25,"Imagine a house big enough to contain an entire *valley* (*{谷}*).  You might want to live there.  Now imagine cleaning it. 
Maybe not . . ."
791,溶,"melt",0,2020-10-21 06:32:05,"Think of what happens when the snow on top of the mountains melts: it turns into *water* (*{氵}*) and flows down onto the rooftops of all the *houses* (*{宀}*) in the *valley* (*{谷}*) below."
792,欲,"longing",0,2012-06-21 15:20:13,"Guess what?  Japanese has dirty words too!  (In fact, a lot of them)  A sexual story is NOT inappropriate here, as this kanji is very sexual, such as in 性欲; lust.  As for a story: the *lack* of contact with a woman's *valley* will leave a man LONGING for love."
793,裕,"abundant",0,2025-03-22 12:16:35,"Again using the fact that cleavage in Japanese is called ""*valley* of the chest"": a woman with abundant cleavage tightly wraps up her bosom in a form-fitting *cloak* (*{衤}*), but leaving her *valley* exposed."
794,鉛,"lead (metal)",0,2012-06-21 15:21:04,"Lead -> Dental fillings -> Metal that enters the mouth to fill a hole in a tooth"
795,沿,"run alongside",0,2012-06-21 15:21:12,"*Water* in a *gully* #runs alongside# the path."
796,賞,"prize",0,2012-06-21 15:23:07,"You won first PRIZE in a *shell-fish* eating contest.  Unfortunately you spent the whole night in the *outhouse* after."
797,党,"party",1,2012-06-27 17:26:43,"Your home will look like an *outhouse* if you let *teenagers* party there."
798,堂,"hall",0,2012-06-21 15:25:40,"In most communities you will be hauled into city hall if you use the *ground* as an *outhouse*."
799,常,"usual",0,2023-04-26 04:48:59,"It's usual to take your *towel* (*{巾}*) with your when you go to the *outhouse* at the onsen (hot springs bath in Japan) so everybody doesn't see your stuff."
800,裳,"skirt",0,2017-03-11 03:12:50,"Compared to pants, a SKIRT is the *garment* (*{衣}*) to be wearing when you want to use one of those Japanese toilets. It makes it so much easier: you just walk in the *OUTHOUSE* hike it up, and do your business."
801,掌,"manipulate",0,2012-06-21 16:38:34,"If you're going to manipulate your body with your *hand*, then go do it in an *outhouse*, at least!"
802,皮,"pelt",0,2012-06-22 14:44:44,"Davy Crocket used to hang his coon-skin #pelt# on a *branch* that had grown out over the edge of a *cliff*"
803,波,"waves",0,2025-03-14 16:55:22,"waves are the *water*'s(*{氵}*) *pelt* (*{皮}*) (skin)."
804,婆,"old woman",0,2020-07-28 05:58:49,"An #old woman# is seen here as *waves* (*{波}*) on a *woman* (*{女}*) (i.e. wrinkles, creases)."
805,披,"expose",0,2025-05-02 02:22:24,"You pass your *fingers* (*{扌}*) through holes in a *pelt* (*{皮}*) to expose them."
806,破,"rend",0,2025-03-24 03:55:57,"Before the invention of scissors or knives, sharp *stones* (*{石}*) were used to rend *pelt*s (*{皮}*), so that caveman designers could complete new styles for the upcoming year."
807,被,"incur",0,2025-07-09 16:25:12,"If you wear a *coat* (*{衤}*) of fur (*pelt* (*{皮}*)) you are sure to incur the wrath of animal rights extremists."
808,残,"remainder",0,2025-06-27 17:36:31,"The remainder of the *bones* (*{歹}*) have been thrown from the *float* (for the dogs maybe, at the end of the parade)."
809,殉,"martyrdom",0,2025-06-27 17:40:47,"Think of the early Christian martyrs who suffered martyrdom because of their faith. See them held in cells for 10 days (a *decameron* (*{旬}*)) before being fed to the lions. They appear before the chanting Roman crowds as *bones* (*{歹}*) to be devoured. Think of what was leftover after the lions finished them off....nothing, not even a pile of *bones* to bury."
810,殊,"particularly",0,2020-11-17 03:22:19,"A T-*bone* (*{歹}*) steak is *vermillion* (*{朱}*) - particularly if served rare."
811,殖,"augment",0,2025-03-24 03:57:42,"He wanted to augment his height so had some *bone* (*{歹}*) added to his legs *straightaway* (*{直}*)."
812,列,"file",0,2025-03-24 03:58:15,"A file of skeletal (*bone* (*{歹}*)) warriors, all armed with *sabres* (*{刂}*)."
813,裂,"split",0,2025-03-27 04:32:00,"They tried issuing the *skeleton warriors* (*{列}*) with proper *garments* (*{衣}*) to wear, but they kept getting split by the sharp *bones* (*{歹}*) or by their *sabres* (*{刂}*). In the end, it was decided they look scarier naked anyway."
814,烈,"ardent",0,2025-05-06 03:20:31,"Ardent followers (the skeleton army),  would *file* (*{列}*) over *burning flames* (*{灬}*) for their master."
815,死,"death",1,2025-05-30 05:22:19,"Imagine *one* grim reaper (the bringer of death), carrying human *bones* (*{歹}*) shaped like a *spoon* (*{匕}*) instead of a scythe."
816,葬,"interment",0,2025-07-15 15:07:58,"During the interment ceremony, the grandchildren placed *flowers* (*{艹}*) over the *dead* (*{死}*)body while the widow sat praying with *two hands* (*{廾}*)."
817,瞬,"wink",0,2012-06-23 10:12:15,"[#tacky wink#: タヰ tawi - タ is katakana ta, ヰ is also the obsolete katakana wi, a bit like how winking in Japan is a bit tacky]

Winking with one eye open, the other doing the *tacky wink* at the people in the *birdhouse*."
818,耳,"ear",0,2012-06-23 10:12:42,"Deaf people use their ears as *eyes*. For them, an ear is just a modified *eye*."
819,取,"take",0,2012-06-23 10:13:31,"You put your *ear* next to a woman's *crotch* ... and, somehow, from it you hear the words ""Take me ...""."
820,趣,"gist",0,2023-07-18 18:22:15,"The gist of it is this: We *run* (*{走}*) after we *take* (*{取}*) the loot!"
821,最,"utmost",0,2025-07-30 17:34:03,"*Take* (*{取}*) the utmost care when you *sun* bathe all *day*, or you'll get burned from your *ears* to your *crotch*."
822,撮,"snapshot",0,2020-10-11 15:51:45,"Take the *utmost* (*{最}*) care that you don't have your *finger* (*{扌}*) in the way when you take a snapshot."
823,恥,"shame",0,2025-07-25 08:31:41,"Vincent Van Gogh's greatest shame was cutting off his *ear* (*{耳}*)to win the *heart* (*{心}*) of a woman."
824,職,"post",0,2022-10-14 18:11:35,"Worst post in history: quality checker at the kazoo factory. Imagine your *ears* (*{耳}*) having to put up with the *uproar* (*{戠}*)!"
825,聖,"holy",0,2025-07-09 16:26:44,"The trick for me is to remember that the 耳 is to the left of the 口. However, this is easy because a true holy man uses his *ear* (*{耳}*) to listen (i.e., to God or his supplicant) before he opens his *mouth* (*{口}*) to speak, unlike a charlatan who just makes something up. Of course, the *king* (*{王}*) is often a true holy man or prophet (e.g., King David in the bible)."
826,敢,"daring",0,2025-03-25 12:32:04,"Only a truly #daring# Japanese student would wear a *spike* in his *ear* (*{耳}*) under the gaze of the Japanese teacher *taskmasters* (*{攵}*)!"
827,聴,"listen",0,2025-03-25 16:09:29,"I promise to use my *ear* (*{耳}*) to do nothing but listen ... stick a *needle* (*{十}*) in my *eye* (*{罒}*), cross my *heart* (*{心}*) and hope to die! (Intentionally said backwards to get the order of the primitives correct)"
828,懐,"pocket",0,2025-07-09 16:27:21,"When you are in New York City you have to be alert, i.e. in the ""New York *State of Mind* (*{忄}*)"": you need *ten* (*{十}*) *eyes* (*{目}*) to make sure no one will go through your *garments* (*{衣}*) and pick your pockets"
829,慢,"ridicule",0,2025-03-25 16:12:24,"He' s often ridiculed for his *state of mind* (*{忄}*) of trying to understand a *mandala* (*{曼}*)."
830,漫,"loose",0,2025-03-25 16:13:02,"Staring at *mandalas* (*{曼}*) is a tool in meditation to #loosen-up# the mind and body, allowing the energy to flow like *water* (*{氵}*)."
831,買,"buy",0,2025-03-25 12:33:38,"When something catches my *eye* (*{罒}*), I take out a few *clams* (*{貝}*) and buy it before anybody else does."
832,置,"placement",0,2020-10-25 12:00:33,"Working in retail you learn the placement of any item should be at *eye* (*{罒}*) level so it's seen *straightaway* (*{直}*)."
833,罰,"penalty",0,2025-03-25 16:14:09,"The greatest penalty in Japan: you close your *eyes* (*{罒}*), say your last *words* (*{言}*), put the *sabre* (*{刂}*) in and commit Seppuku."
834,寧,"rather",0,2025-03-25 16:15:09,"I'd rather die peacefully in my *house* (*{宀}*) from a *heart* (*{心}*) attack than from a *spike* (*{丁}*) in my *eye* (*{罒}*)."
835,濁,"voiced",0,2025-03-25 16:16:16,"Pour *water* (*{氵}*) over the *eyes* (*{罒}*) of a *bound up* (*{勹}*) *insect* (*{虫}*) if you want to hear a pitiful buzz that is very similar to a voiced consonant."
836,環,"ring",0,2025-07-09 16:27:47,"In conjunction with (*{還}*).......

When I tried to give her the *jewel* ring, she *eyed* (*{罒}*) me, threw it to the *floor*, opened her *mouth* (*{口}*) and tried to speak, she said nothing. She grabbed her *shawl* and left.

Note: *round primitive*: (*{睘}*)."
837,還,"send back",0,2025-07-09 16:28:04,"You've probably guessed it by now, this is the *road* (*{辶}*) that Sam and Frodo take to send back the *ring* to Mount Doom! (see (*{環}*), the *jewel* is replaced by the *road*).

Note: *round primitive*: (*{睘}*)."
838,夫,"husband",0,2012-07-07 16:37:26,"Even though it is argued size is not important, I'm sure most women would like their husband to have a *big one*."
839,扶,"aid",0,2025-03-25 12:37:06,"A *husband* (*{夫}*) doesn't lift a *finger* (*{扌}*) to aid his partner."
840,渓,"mountain stream",0,2020-11-01 16:52:56,"The *water* (*{氵}*) from the mountain stream saved the *husband* (*{夫}*) from thirst, dehydration and *vultures* (*{爫}*)."
841,規,"standard",0,2025-03-25 12:37:33,"In the male-dominated world of yesterday, the *husband*'s (*{夫}*) way of *seeing* (*{見}*) things was considered the standard point of view. Women who dared to disagree were frowned upon."
842,替,"exchange",0,2025-03-25 12:38:09,"A show like ""Trading Spouses"" called ""exchanging husbands"" where 2 *husbands* (*{夫}*)are exchanged for a *day* (*{日}*)."
843,賛,"approve",0,2025-03-25 12:38:27,"Out of two potential *husbands* (*{夫}*), which would you approve of? Well, the one with *shells* (*{貝}*) (money) of course!!!"
844,潜,"submerge",0,2020-11-29 17:49:54,"When a submarine or similar vessel  submerges, an *exchange* (*{替}*) of air for *water* (*{氵}*) takes place in special compartments."
845,失,"lose",0,2024-03-21 17:01:18,"The *drop* (*{丶}*) falling here is the *husband's* (*{夫}*) toupee... he's already #lost# his hair once, now he's #losing# it again. Such is life, I suppose."
846,鉄,"iron",0,2021-02-04 05:42:04,"Iron is a* metal *(*{金}*) that  gradually becomes *lost* (*{失}*) due to oxidation and rust."
847,迭,"alternate",0,2025-03-25 12:39:15,"When you get *lost* (*{失}*), you just take an alternate *road* (*{辶}*) to get back on track."
848,臣,"retainer",0,2025-03-25 12:39:39,"Its a pictograph of a tooth with a retainer in the middle"
849,姫,"princess",0,2025-03-25 16:18:22,"Princess Leia becomes Jabba's *retainer* (*{臣}*) (“princess Leia is a *woman* (*{女}*) *retainer* (*{臣}*)”)."
850,蔵,"storehouse",0,2025-03-25 16:18:56,"The #storehouse# is *overgrown* (*{茂}*) with *retainers* (*{臣}*)."
851,臓,"entrails",0,2025-07-01 15:06:22,"Your *body* (*{月}*) is like a *storehouse* (*{蔵}*) for your entrails."
852,賢,"intelligent",0,2025-03-27 03:11:53,"If you have *retainers* (*{臣}*) at your *right hand* (*{又}*) and lots of *money* (*{貝}*), people assume you're intelligent."
853,堅,"strict",0,2025-03-27 03:13:50,"The strict master hung his *retainers* (*{臣}*) up by their *right hands* (*{又}*) above the *earth* (*{土}*)  when they disobeyed him."
854,臨,"look to",0,2025-03-27 03:14:47,"You better look to your *retainer* (*{臣}*), he was last seen *reclin*ing on the *goods* (*{品}*) he's supposed to be loading"
855,覧,"perusal",0,2025-03-27 03:23:33,"The *retainer* (*{臣}*) *reclines* on the floor at night to watch the stars. Since that's the *one* thing the retainer is allowed to *watch* (*{見}*), he does so very thoroughly and diligently; hence perusal."
856,巨,"gigantic",0,2012-07-07 16:43:49,"The letter E, with a GIGANTIC middle stroke."
857,拒,"repel",0,2025-03-07 02:15:22,"Having *fingers* (*{扌}*) that are *gigantic* (*{巨}*) is useful to repel insects.  You can swat them away a lot easier!"
858,力,"power",0,2025-03-27 03:15:33,"I have a very powerful *muscle カ* (kah) in my driveway!"
859,男,"man",0,2012-07-11 16:40:38,"Male is seen here as muscles working in the field, in other words working in the rice fields  is the work of the male who are usually stronger. This is more or less the meaning of the original Chinese character."
860,労,"labor",0,2025-02-25 05:28:12,"Those jocks who always tried to show their muscles in the schoolhouse are now the ones out there doing manual #labour# jobs while we sit here and learn Japanese.  Ha!"
861,募,"recruit",0,2025-07-09 16:29:23,"The necromancer hangs out at the local *graveyard* (*{莫}*) and uses his dark *powers* (*{力}*) to recruit an army of undead."
862,劣,"inferiority",0,2025-03-18 18:12:01,"I have an inferiority complex because I have *fewer* (*{少}*) *muscles* (*{力}*) than everyone else at the gym."
863,功,"achievement",0,2025-03-27 03:46:35,"The great #achievement#s of humankind, were *crafts* (*{工}*) completed by *muscle power* (*{力}*): the pyramids, the Eiffel tower, etc."
864,勧,"persuade",0,2022-09-16 16:46:06,"mnemonic ""*pegasus* #persuasion# *power* (*{力}*)"". I think of the hippogriff from Harry Potter as being like a *pegasus*. To befriend a hippogriff, you have to persuade it you mean no harm, you can do this if you have ""*pegasus* #persuasion# *power*"""
865,努,"toil",0,2025-03-27 03:33:29,"Guy + Power:

To reach a position of *power* (*{力}*) in the company, the average *guy* (*{協}*) has to toil very hard for many years."
866,励,"encourage",0,2018-06-28 15:49:51,"*Ten thousand* (*{万}*) Persians are at the base of the *cliff*, but the leader of the 300 Spartans just flexes his huge *muscles* and encourages his men by shouting that they have the *power* (*{力}*) to fight them all."
867,加,"add",0,2012-07-07 16:46:53,"If you eat anymore, you will be adding more カロries. (katakana karo)"
868,賀,"congratulations",0,2024-03-14 17:10:29,"When someone at work gets married, you pass around an envelope to which you *add* (*{加}*) some *money* (*{貝}*) and a card which you sign with your congratulations"
869,架,"erect",0,2025-03-27 03:17:43,"The *tree* (*{木}*) grows erect by *adding* (*{加}*) to itself."
870,脇,"armpit",0,2025-03-11 17:51:57,"What *part of the body* (*{月}*) has a *very, very, very powerful* (*{力}*) smell? The armpit, of course!"
871,脅,"threaten",0,2025-07-09 16:30:26,"Compare the primitive positions of (*{脇}*) and (*{脅}*). When your *triceps* rest alongside your *body*, they fit snugly against your #armpit#. When you hold them above your *body*, however, your posture becomes quite threatening."
872,協,"co-",0,2012-07-08 04:23:16,"The nurse says : “If you co-operate, that *needle* (syringe) in your *triceps* won't hurt”. Note: both co- and cooperate are meanings for this kanji."
873,行,"going",0,2025-04-11 16:56:22,"for those who need a mnemonic in order not to forget how to write this kanji, think of katakana イテ *ite* (here the イ even gets a dot): *ite* in Latin means *go*! (See *to go* (*{彳}*)."
874,律,"rhythm",0,2025-03-27 03:21:50,"Picture a school of studious calligraphers. All their *brushes* (*{聿}*)  are *going* (*{行}*) up and down at the same time, in beautiful rhythm."
875,復,"restore",0,2020-10-28 17:52:55,"Before *going* (*{彳}*) all the way to the Boss in a Final Fantasy game, you should probably *double back* (*{复}*) to save at a restore point."
876,得,"gain",0,2025-03-29 04:59:43,"To gain more knowledge of what's going on in the world I'm reading *column* (*{彳}*)  after *column* of articles in the newspapers, and it takes so long it's *nightbreak* (*{旦}*) and I'm still *glued* (*{寸}*) to it."
877,従,"accompany",0,2025-03-29 04:59:26,"I'm *going* (*{彳}*) to accompany the *horny* girl to her room so I can ""*mend*"" her."
878,徒,"junior",0,2025-03-29 04:59:15,"The junior employee is always *going* (*{彳}*) around  here and there, *running* (*{走}*) for his superiors."
879,待,"wait",0,2025-03-29 05:00:31,"A *line* (*{彳}*) queued up outside the *Buddhist temple* (*{寺}*), #waiting# to see the shrine on New Year's Day."
880,往,"journey",0,2025-03-29 05:00:47,"In Medieval Japan, *going* (*{彳}*) to see your *lord* (*{主}*) was often a long journey."
881,征,"subjugate",0,2025-03-29 05:01:10,"To subjugate is to *go* (*{彳}*) and *correct* (*{正}*) someone until they behave one hundred percent correctly."
882,径,"diameter",0,2025-03-29 05:01:54,"Scientists recently measured the diameter of Earth by drilling a deep hole and dropping a *line* (*{彳}*) of thread off a humongous *spool* (*{圣}*) until it got to the other side."
883,彼,"he",0,2025-03-29 05:02:19,"Wherever he *goes* (*{彳}*) // he wears *pelt* (*{皮}*) clothes."
884,役,"duty",0,2025-03-11 17:55:18,"The American from Dr. Strangelove was so devoted to duty that he *went* (*{彳}*) with his *missile* (*{殳}*)."
885,徳,"benevolence",0,2025-04-02 18:55:19,"*Go* (*{彳}*) meet the benevolent dictator. A *ten* (*{十}*) *eyed* (*{罒}*) monster with a big *heart* (*{心}*).

hearkening back to the kanji for *listen* (*{聴}*) ...  Benevolence  is being willing to *go* (*{彳}*) the distance to be a good *listen*er (*{聴}*)."
886,徹,"penetrate",0,2025-04-03 11:00:07,"*Going* (*{彳}*) to the asteroid to bring back the infant who had been brought up (*{育}*) there required someone to penetrate the reaches of outer space -- a job for the *taskmaster* (*{攵}*)."
887,徴,"indications",0,2012-07-08 10:40:44,"If you see a *column* of *kings* being marched up the *mountain* under a *taskmaster*'s whip... indications are, there has been a coup."
888,懲,"penal",0,2025-07-09 16:30:53,"Penal servitude is served until *indications* (*{徴}*) show that one has had a change of *heart* (learned one's lesson). Easily confused with (*{刑}*) and (*{罰}*). Concentrate on the reasons behind the penal system (""changing people's hearts"" here), instead of the penalty itself or the punishment (revenge) aspect. It may help to note that there's no sword, but a heart :-) (Note: 懲りる = learn from one's bad experiences)"
889,微,"delicate",0,2021-02-26 03:23:17,"We're *going* (*{彳}*) up the *mountain* (*{山}*) announces the *taskmaster* (*{攵}*). Anyone with *legs* (*{儿}*) too delicate must stay behind"
890,街,"boulevard",0,2012-07-15 10:05:36,"The boulevard of boulevards, the *Champs Elysées*, with the Arc de Triomphe covered in *ivy* to give the champions a heroes' welcome."
891,衡,"equilibrium",0,2012-07-08 10:43:17,"[*boulevard*... *bound up*... *rice field*... *large*...]

imagine a *fish* walking a *boulevard* trying to maintain equilibrium having had its fins cut off and replaced by a *st. bernard*"
892,稿,"draft",0,2025-03-08 05:40:45,"Aliens often draft their plans for invasion by cutting crop circles among the  *wheat* (*{禾}*) that is *tall* (*{高}*)."
893,稼,"earnings",0,2025-03-08 05:41:35,"Your #earnings# allow you to bring your daily bread (made of *wheat* (*{禾}*), naturally) into your *house* (*{家}*)."
894,程,"extent",0,2025-03-08 05:41:50,"The extent to which some people will go to create a '*wheat* (*{禾}*)-based *display* (*{呈}*)', or as some call them 'crop circles', is truly amazing."
895,税,"tax",0,2025-03-08 05:42:31,"Nobody likes the tax man, so here it is only fitting that the person who comes over to take some of your *wheat* (*{禾}*) is depicted here as a *devil* (*{兑}*). Keep in mind that in feudal societies there was no kind of money to speak of, so taxes were paid by serfs in *wheat* to the *devils* who came over to keep them poor."
896,稚,"immature",0,2025-03-08 05:43:04,"*Wheat* (*{禾}*) is used to stuff #immature# *turkeys* (*{隹}*) to make them look bigger."
897,和,"harmony",0,2025-03-08 05:43:21,"The first step to harmony is having enough *wheat* (*{禾}*) to feed every *mouth* (*{口}*) in the world.  Once we are all fed it is easier to get a long in harmony."
898,移,"shift",0,2025-03-29 05:06:32,"Picture the *wheat* (*{禾}*). field, filled with *many*, *many* (*{多}*) stalks of *wheat* (*{禾}*). Notice how they shift like waves in the slightest breeze."
899,秒,"second",0,2025-03-08 05:44:17,"An hourglass filled with *wheat* (*{禾}*) counts time.  A *few* (*{少}*) seeds of *wheat* drop every second."
900,秋,"autumn",0,2025-03-08 05:44:37,"in autumn, the *wheat* (*{禾}*) looks the colour of *fire* (*{火}*), meaning it's time to harvest it."
901,愁,"distress",0,2025-04-01 14:54:36,"In *autumn* (*{秋}*), the farmer's *heart* (*{心}*) is in distress for his crops. If his *wheat* (*{禾}*) catches *fire* (*{火}*), the farmer will feel distress in his *heart* (*{心}*)."
902,私,"private",0,2025-03-08 05:45:26,"A joke as bad as ""*wheat* (*{禾}*)  ashi wa"" deserves an *elbow* (*{厶}*) in the private parts."
903,秩,"regularity",0,2025-04-01 14:55:20,"Eating plenty of *wheat* (*{禾}*) will improve regularity and help you *lose* (*{失}*) weight."
904,秘,"secret",0,2025-04-01 14:56:14,"The prize at the bottom of a cereal/*wheat* (*{禾}*) box is *invariably* (*{必}*) a secret decoder ring."
905,称,"appellation",0,2025-04-01 14:59:05,"*wheat* (*{禾}*) that is *reclining* and *little* (*{小}*) can't get the appellation ""quality wheat"". [Also (*{尓}*) is *thou*]"
906,利,"profit",0,2025-04-01 14:59:22,"1. Steal a bunch of *wheat* (*{禾}*) from a wheat field by cutting it down with your *sabre* (*{刂}*).     
2. ?????     
3. Profit!"
907,梨,"pear tree",0,2016-11-30 05:13:34,"The Japanese pear tree is the *tree* (*{木}*) that generates the most *profit* (*{利}*) in the world, because it produces its fruit in pairs [sorry for the awful pun]."
908,穫,"harvest",0,2025-07-09 16:31:19,"The harvest of genetically modified crops is taken onboard the Greenpeace vessel (see the *flower vessel* in (*{護}*))."
909,穂,"ear of a plant",0,2025-04-02 09:51:55,"The pilgrims only had *wheat* (*{禾}*), so they asked the Indians to do them a *favour* (*{恵}*) and trade them for some #ears# of corn."
910,稲,"rice plant",0,2023-04-20 03:51:04,"The rice plant is common in Japan because all the *wheat* (*{禾}*) was eaten by *vultures* (*{爫}*) in the *olden times* (*{旧}*)."
911,香,"incense",0,2025-03-23 19:14:19,"When *wheat* (*{禾}*) burns under the *sun* (*{日}*) a smell of incense remains in the air."
912,季,"seasons",0,2025-04-01 15:01:13,"There's a season for planting *wheat* (*{禾}*) and there's mating season for having a *child* (*{子}*)."
913,委,"committee",0,2023-04-20 03:51:33,"Female WHEAT (*{禾}*) farmers decide to create a COMMITTEE, which they fittingly name “The WHEAT WOMEN COMMITTEE.”"
914,秀,"excel",0,2020-11-10 02:37:29,"You spend three hours putting all of your *wheat* (*{禾}*) sale transaction records into #Microsoft Excel#, when suddenly it crashes, so you put your *fist* (*{乃}*) through the monitor."
915,透,"transparent",0,2025-03-07 16:55:16,"If you *excel* (*{秀}*) in the *Mario Kart road* (*{辶}*), your movements are saved and you can race against yourself as a transparent racer.

 http://www.youtube.com/watch?v=Xe8CkcrL-k4"
916,誘,"entice",0,2025-04-01 15:02:12,"*Word* (*{言}*) and *Excel* (*{秀}*) somehow manage to entice people to use them, despite their plethora of bugs."
917,穀,"cereals",0,2025-08-05 17:34:56,"there are different cereals in different parts of the world.  Japan has *samurai* cereal.  Great Britain has *Crowned Wheat* ... the United States and Russia have *Missile* (*{殳}*) cereals"
918,菌,"germ",0,2025-03-08 18:18:24,"If you *pent in* (*{囗}*)  the *wheat* (*{禾}*), it'll turn into wheat germ and sprout *flowers* (*{艹}*)."
919,米,"rice",0,2012-07-08 17:00:02,"Stroke order: I like to think of the first two strokes as “chop sticks” with which one eats the rice. The rest then is the “tree” meaning “plant” in this context. (Also means America)."
920,粉,"flour",0,2025-04-01 15:03:22,"Parts of parts of parts of parts of *rice* (*{米}*) ... is flour."
921,粘,"sticky",0,2025-04-01 15:03:47,"Throw sticky *rice* (*{米}*) against the wall, and look for the message in whatever sticks. That's *fortune telling* (*{占}*)."
922,粒,"grains",0,2025-04-01 15:04:14,"A sage is using *rice* (*{米}*) to fill up a *vase* (*{立}*), but as an exercise in patience, he's doing it #grain# by #grain#."
923,粧,"cosmetics",0,2025-04-01 15:05:56,"Modern cosmetics are just the descendants of the old *rice* (*{米}*)  and *cave* (*{广}*) *dirt* (*{土}*) ('cause it's darker) used in the past."
924,迷,"astray",0,2025-03-10 13:58:46,"If you go astray, just follow the *rice* (*{米}*) you dropped along the *road* (*{辶}*) to find your way back."
925,粋,"chic",0,2025-04-01 15:06:50,"In extremely chic restaurants, a bowl of *rice* (*{米}*) costs 90 (*{九}*) (*{十}*) yen."
926,糧,"provisions",0,2017-10-07 04:19:58,"Japanese provisions are all the same: each is produced with *rice* (*{米}*) of an identical *quantity* (*{量}*)."
927,菊,"chrysanthemum",0,2025-04-02 09:21:31,"#Chrysanthemum# *flower* (*{艹}*) consists of many tiny petals, just like many *rice* (*{米}*) grains *bound up* (*{勹}*) together."
928,奥,"core",0,2012-07-09 15:45:26,"In the core of a nuclear reactor, scientists have discovered a way to get power from *rice*, by *pent*ing it in under high pressure.  It's very dangerous, so they've trained a *St. Bernard* to run things, he's adding more *drops* of rice as necessary."
929,数,"number",0,2025-04-02 09:22:29,"Sacks of *rice* (*{米}*) are being hauled by *women* (*{女}*) as a *taskmaster*  (*{攵}*) watches, counting to learn his numbers."
930,楼,"watchtower",0,2025-07-09 16:31:47,"The young taskmaster (see (*{数}*)) uses a *tree* (*{木}*) as a watchtower to get a better view of his *rice* (*{米}*) -carrying *women* (*{女}*). ""I can seeeee you! One! Two! Three!"""
931,類,"sort",0,2025-05-07 07:44:44,"What sort of person comes from the *U.S.* (*{米}*)? Well, some would say a person with a *big* (*{大}*) *head* (*{頁}*)."
932,漆,"lacquer",0,2025-04-02 09:24:12,"Lacquer is a type of *watery* (*{氵}*) type of liquid used to protect items made from *trees*, sort of an *umbrella* of protection. Inside you can safely carry grains of *rice* (*{米}*)."
933,様,"Esq.",0,2025-04-02 09:25:07,"Here we have the requirements to be counted among the ranks of the  noble Esq.  You must posses a *forested* (*{木}*) estate, herds of *sheep* (*{羊}*), and granary full of *grains of rice* (*{米}*)."
934,求,"request",0,2012-07-09 15:49:32,"Enemy: ""Any final requests?"" // MacGyver: ""Just an *arrowhead* and some *grains of rice*."" (MacGyver then throws the *grains of rice* at the enemy and uses the *arrowhead* to cut his hands free from the rope.)"
935,球,"ball",0,2025-04-02 09:26:26,"The *king* (*{王}*)  *requests* (*{求}*) your presence at the ball."
936,救,"salvation",0,2025-04-02 09:27:13,"Like in the biblical sense, someone looks skyward and makes a *request* (*{求}*) for salvation from this horrible *taskmaster* (*{攵}*) ..."
937,竹,"bamboo",0,2012-07-09 15:50:04,"Since this is a really common kanji and so easy to remember on its own, I just remembered it by it's reading, which is たけ."
938,笑,"laugh",0,2025-04-02 09:28:11,"When the people tried to build a tower of *bamboo* (⺮) to reach the *heavens* (*{天}*), the gods just #laughed# and #laughed#."
939,笠,"bamboo hat",0,2020-11-01 10:53:21,"The *bamboo* (⺮) *vase* (*{立}*) was beautifully crafted, but the tourist didn't know what it was and wore it as a little bamboo hat."
940,笹,"bamboo grass",0,2025-04-02 09:28:36,"The *bamboo* (⺮) *generation* (*{世}*) smokes bamboo grass."
941,筋,"muscle",0,2025-04-02 09:29:42,"You can throw *bamboo* (⺮) to the *moon* (*{月}*) if you have enough muscle *power* (*{力}*)."
942,箱,"box",0,2025-04-02 09:30:26,"the best kind of box is made from *bamboo* (⺮) sticks that are *inter* (*{相}*) -laced to make it air tight. Just picture such a box and you've mastered this kanji."
943,筆,"writing brush",0,2025-04-02 09:31:15,"*Bamboo* (⺮) is the best material from which to make a *brush* (*{聿}*) if you want it to be a writing brush."
944,筒,"cylinder",0,2025-04-02 09:31:50,"Seriously, all *bamboo* (⺮) sticks look the *same* (*{同}*), just long cylinders. Should the story be more complicated?"
945,等,"etc.",0,2024-03-14 20:17:54,"The *Bamboo* (⺮) *Buddhist Temple* (*{寺}*) has bamboo buddhas, bamboo buildings, bamboo benches, bamboo beds, bamboo bowls, etc. etc. etc."
946,算,"calculate",0,2023-07-12 04:25:13,"Before the time of digital #calculators#, people used old school #calculators# made of *bamboo* (abacus) (⺮). It's not as easy as a #calculator#, but you don't need any batteries either. All you need are your *eyes* (*{目}*) and your *two hands* (*{廾}*)."
947,答,"solution",0,2025-04-02 09:32:24,"The solution to this puzzle is, like the match stick game, to make the *bamboo* (⺮) pieces *fit* (*{合}*) together."
948,策,"scheme",0,2025-04-02 09:32:52,"The temples in kyoto belt *bamboo* (⺮) low around trees in a scheme to protect them from the huge number of tourists. (true story)-----------対策　　たいさく　　measure, countermeasure."
949,簿,"register",0,2025-06-05 17:55:39,"Note : the keyword is not a verb, think of a record book. This *acupuncturist* who uses *bamboo* (⺮) in place of flowers to dilute *water* into his patients (see *dilute* (*{薄}*)), managed somehow to appear on the register of acupuncturists. Chances are, he won't stay on the register for long."
950,築,"fabricate",0,2025-04-02 09:33:51,"*Bamboo* (⺮) *crafting* (*{工}*) is a *mediocre* (*{凡}*) substitute for *wood* (*{木}*) when you are #fabricat#ing a house.  While it may look good and might attract a chick (ち(*{工}*) ) or two, the kids'll (きず) just tear it to pieces as its not sturdy enough."
951,人,"person",0,2025-02-15 16:13:14,"Person!"
952,佐,"assistant",0,2012-07-15 16:44:22,"On your right is your ""right-hand man"" that you credit for all your success. On the *left* is your assistant who does all the grunt work and gets no credit for anything."
953,但,"however",0,2025-04-18 18:06:24,"However drunk *Mr. T* (*{亻}*) is when he comes back to his place, he always get up at *nightbreak*. “I pity da foo who gets up after *nightbreak*!”, says *Mr. T* (*{亻}*)."
954,住,"dwell",0,2025-04-18 18:06:52,"*Mr. T* (*{亻}*) dwells in a house fit for a *lord* (*{主}*).  As with all the bling, he has to keep up appearances, you know.  Now all the people on his street are just 'trying to keep up with the T's' (as opposed to 'keeping up with the Jones')."
955,位,"rank",0,2025-08-26 16:26:31,"*Mr T* ranks first position in the *stand-up* (*{立}*) competition (doing knee flexions). Just picture him doing hundreds of these while the rest of the participants are already completely exhausted after a mere hundred."
956,仲,"go-between",0,2020-10-31 15:37:36,"When negotiating a hostage situation, *Mr. T* (*{亻}*) acted as the go-between, or *person* *in* (*{中}*) the middle, for law enforcement and the terrorist."
957,体,"body",0,2025-07-03 17:00:27,"*Mister T* (*{亻}*) works out his body (body-building), using two piles of *books* (*{本}*) (i.e. an exercise that can be done at home with two chairs)."
958,悠,"remote",0,2025-04-18 18:08:17,"*Mr. T* (*{亻}*) ventured out into a remote area to visit with his wise, old *taskmaster* (*{攵}*) who must use a *walking stick* (*{丨}*) to get around and originally gave *Mr. T* the *heart* (*{心}*) to fight crime for the good of the community."
959,件,"affair",0,2025-04-18 18:08:37,"*Mr. T* (*{亻}*) takes the stolen *cow* (*{牛}*) affair very seriously."
960,仕,"attend",0,2020-11-01 16:42:39,"Back in the day, a *person* (*{亻}*) who stands beside a *samurai* (*{士}*) is usually #attend#ing to them or working for them."
961,他,"other",0,2025-04-05 14:42:25,"It's one or the #other#: fight *Mr. T* (*{亻}*), or be thrown into the *scorpion* (*{也}*) pit."
962,伏,"prostrated",0,2020-11-29 17:50:33,"Don't need a silly story for this one: #prostration# is when a *person* (*{亻}*) puts themselves in a low position like a *dog* (*{犬}*), as an extreme gesture of humility."
963,伝,"transmit",0,2025-04-18 18:10:26,"*Mr. T* (*{亻}*) transmits a message with *rising clouds* (*{云}*) (smoke signals), to a nearby American Indian tribe. The smoke signals spell : ""I p-i-t-y y-o-u f-o-o !""."
964,仏,"Buddha",0,2025-04-18 18:10:42,"*Mr. T* (*{亻}*) says, ""I ain't afraid o' no foo! I'll give anyone an *elbow* (*{厶}*) to the face, I don't care if it's Buddha himself!"""
965,休,"rest",0,2025-03-09 16:25:31,"*Mr T* (*{亻}*) resting by a *tree* (*{木}*)."
966,仮,"provisional",0,2025-04-18 18:11:28,"*Mr. T* (*{亻}*) is *anti* (*{反}*) anything provisional. ""I pity da foo' who's so indecisive that he can't make nothin' permanent""."
967,伯,"chief",0,2025-04-05 13:16:30,"If *Mr. T* (*{亻}*) were *white* (*{白}*) I am sure he would have been commander in chief of the USA, he's just the sort of clown Americans love to vote for."
968,俗,"vulgar",0,2020-11-04 15:56:57,"*Mr. T* (*{亻}*) says, ""Don't be like them *valley* (*{谷}*) girls, always speaking vulgar language and acting all vulgar! They ain't nothing but foos!"""
969,信,"faith",0,2025-04-05 13:17:15,"*Mr. T* (*{亻}*) has faith in the *Word* (*{言}*) of God."
970,佳,"excellent",0,2025-04-05 13:17:41,"*Mr T* (*{亻}*) wants to go to an excellent school, so he enrolls in Harvard, an *ivy* (*{圭}*)-league school."
971,依,"reliant",0,2025-04-05 04:36:28,"*Mr. T* (*{亻}*) is reliant on his *garment* (*{衣}*) (the gold chains)."
972,例,"example",0,2025-04-05 14:23:32,"*Mr. T* (*{亻}*) sets an example to the kids and stays in the *file* (*{列}*) at the supermarket. “I pity da foo who does not follow my example !”"
973,個,"individual",0,2025-04-05 14:25:14,"*Mr. T* (*{亻}*) insists that people be individual. He appears on television, saying, ""Being an individual is *hard* (*{固}*)! But you gotta do it! *Harden* (*{固}*) yourself, and be individual!"""
974,健,"healthy",0,2025-04-05 14:27:24,"*Mr. T* (*{亻}*) in a public service announcement yells, ""I'm #healthy# because every day I *build* (*{建}*) a food pyramid, foo!"""
975,側,"side",0,2025-04-05 14:28:15,"*Mr. T* (*{亻}*) * rulezzz* (*{則}*)! I am on his side!"
976,侍,"waiter",0,2025-04-05 14:28:53,"*Mr. T* (*{亻}*) infiltrates the secret samurai *Buddhist temple* (*{寺}*) as a #waiter# with a tray of green tea."
977,停,"halt",0,2020-11-23 05:27:54,"""#Halt# fool"" - *Mr. T* (*{亻}*) acting as a bouncer at the *pavillion* (*{亭}*)."
978,値,"price",0,2025-04-05 14:29:24,"*Mr. T* (*{亻}*) tells the used car salesman to tell him the real price *straight away* (*{直}*), and when he doesn't he throws him through the windshield."
979,倣,"emulate",0,2025-04-18 18:12:11,"*Mr. T* (*{亻}*) downloads an #emulat#or so that he can play his favorite game, Pokemon. He plays for a different reason, though - he hates to see them poor little foos in the ball so he spends his entire time *setting them free* (*{放}*)."
980,倒,"overthrow",0,2020-11-14 15:38:49,"The A-Team are planning to overthrow the government. However, they can't do a damn thing until *Mr. T*'s (*{亻}*) *arrival* (*{到}*)."
981,偵,"spy",0,2023-09-26 13:14:05,"*Mr. T*  (*{亻}*) is a terrible #spy#. He walks around *upright* (*{貞}*). ""Why should I hide?! I've got nothing to be ashamed of!"""
982,僧,"Buddhist priest",0,2025-04-05 14:30:15,"*Mr. T* (*{亻}*) and the artist *formerly* (*{曽}*) known as Prince, who by the way is a buddhist, want to form a new heavy metal band. Instead of ""Judas Priest"" they will be called ""#Buddhist Priest#"""
983,億,"hundred million",0,2024-05-23 15:44:52,"*Mr. T* (*{亻}*) has a clear *idea* (*{意}*) of what he would do if he ever got hundred million dollars. (I guess it would be a enormous gold chain !)"
984,儀,"ceremony",0,2025-04-05 14:30:47,"*Mr. T* (*{亻}*)  is the master of #ceremonies# because he is a  dude of *righteousness* (*{義}*)."
985,償,"reparation",0,2025-04-05 14:31:18,"*Mr. T* (*{亻}*) says, ""This ain't no *prize* (*{賞}*), foo! This is #reparations# for slavery!"""
986,仙,"hermit",0,2025-03-15 06:53:24,"A hermit is a *person* (*{亻}*) who lives in the *mountains* (*{山}*)."
987,催,"sponsor",0,2025-04-05 14:31:52,"And now a word from our sponsor.  We see *Mr. T* (*{亻}*), doing a sort of George Foreman thing, grilling *Mountain (*{山}*) Turkeys* (*{隹}*).  ""I pity da foo who don't have a Mr. T grill!"""
988,仁,"humanity",0,2025-04-05 14:32:20,"*Mr. T* (*{亻}*) shows his humanity by giving *two* (*{二}*) bucks to every homeless person he sees."
989,侮,"scorn",0,2025-04-05 14:33:04,"*Mr. T* (*{亻}*) has scorn for *every* (*{毎}*) fool."
990,使,"use",0,2025-04-05 14:33:19,"*Mr. T* (*{亻}*) #uses# the *officer* (*{吏}*) as a punching bag."
991,便,"convenience",0,2025-04-05 14:33:34,"*Mr. T* (*{亻}*) loves the #convenience# of the new konbini. Not only does it stay open even if it *grows late* (*{更}*), they have brand new toilets, and a Post Office!"
992,倍,"double",0,2025-04-05 14:34:09,"*Mr. T* (*{亻}*) keeps his double *muzzled* (*{咅}*) ... he wants all the glory."
993,優,"tenderness",0,2025-07-09 16:32:08,"The *A-Team* is on a mission to help *Hamlet*. With uncharacteristic tenderness, *Mr. T* (*{亻}*) consoles the *melancholy* (*{憂}*) Hamlet. ""No, I really DO pity the poor foo. There, there little guy...take my hanky""."
994,伐,"fell",0,2025-04-05 14:34:59,"*Mr. T* (*{亻}*) tries to knock down a large pinata at the *fiesta* (*{戈}*), but in his overly enthusiastic swings to get ""the sucka,"" he actually fells the tree the piñata is hanging from, crushing some party goers. “I pity da fools who got crushed by my felled tree!”"
995,宿,"inn",0,2025-04-18 18:13:04,"The Toyoko Inn can *house* (*{宀}*) either  *Mr. T* (*{亻}*) or *100* (*{百}*) people."
996,傷,"wound",0,2025-04-01 18:22:28,"*Mr. T* (*{亻}*) cannot believe the *reclining* *piggy bank* (*{昜}*) won't give up.  He has cut off its legs one by one until it cannot stand,  yet, despite being rendered almost completely useless it won't surrender.  “It's just a flesh *wound*!” the #reclining# #piggy bank# yells."
997,保,"protect",0,2025-04-05 14:37:28,"Tip: Heisig later combines *mouth* and *tree* into *dumbfounded* (*{呆}*). Story: *Mr. T* (*{亻}*) is *dumbfounded* when told to protect the bad guys rather than fight them."
998,褒,"praise",0,2025-06-05 17:58:10,"*Mr. T* (*{亻}*) is praised for his *protecting* (*{保}*) of the trees by being given a *top hat* (*{亠}*) and *scarf* which he wears over his mohawk and chains, respectively."
999,傑,"greatness",0,2025-04-05 14:38:30,"My wise *person* (*{亻}*) says greatness does not come from wearing shades (*sunglasses* (*{舛}*)) but from planting *trees* (*{木}*) to shade everyone."
1000,付,"adhere",0,2025-03-03 11:14:18,"Once Mr.T (*{亻}*) adheres to a purpose, he sticks to it like glue 寸 (*{寸}*).

賀 TO EVERYONE WHO MADE IT TO 千 kanji!! Remember, after this, you'll be 読ing Japanese novels, the news, and the internet like a native. 吉 to ALL of you in your amazing Japanese 往. :)"
1001,符,"token",0,2025-04-18 18:13:39,"A *bamboo* (⺮) rod  is what *Mr. T* (*{亻}*) *adheres* (*{付}*) to his token at the arcade, so that he can put it in the machine and pull it out repeatedly."
1002,府,"municipality",0,2025-04-28 05:36:32,"A municipality, like any type of government, *adheres* (*{付}*) to having *caves* (*{广}*) for offices (see (*{庁}*))."
1003,任,"responsibility",0,2025-03-01 18:03:32,"It is always *Mr. T*'s (*{亻}*) responsibility to be the *porter* (*{壬}*) and carry around everyone's luggage because he's so strong."
1004,賃,"fare",0,2021-01-10 09:37:10,"It's your own *responsibility* (*{任}*) to pay the bus fare with the correct number of *shells* (*{貝}*)."
1005,代,"substitute",0,2025-07-09 16:32:31,"""*Mister T* (*{亻}*) substitutes an *arrow* (*{弋}*) for a toothpick"" -- The keyword meaning is to replace something with something else, to act for another, to represent. It's best to stick to the first meaning, because the last two are very close to ""mediator"" which will come in (*{媒}*). The idea here is that the *arrow* is not a toothpick, neither it is changed into one, but it can substitute for one."
1006,袋,"sack",0,2015-11-28 04:48:08,"A sack is an easy *substitute* (*{代}*) for a *garment* (*{衣}*)."
1007,貸,"lend",0,2022-06-21 03:38:10,"In order for the bank to lend you *money* (*{貝}*), you need to put up some sort of collateral as a *substitute* (*{代}*) for the *money* (*{貝}*)."
1008,化,"change",0,2025-04-18 18:14:26,"Referring to a scene in the movie ""The Matrix"" where a girl bends a spoon with the power of her mind alone, I imagine *Mr. T* (*{亻}*) who changes a *spoon* (*{匕}*) into something else (maybe the waiter forgot to bring knives or forks).

Note: as a primitive, it can help to use the image of ""spare change"", this can help you keep it distinct from other similar kanji such as ""shape"" or ""turn into""."
1009,花,"flower",0,2025-07-09 16:33:03,"The *flowers* (*{艹}*) *change* (*{化}*) as time passes."
1010,貨,"freight",0,2018-11-19 05:14:14,"Freight is the *shells* (*{貝}*) (money) paid to *change* (*{化}*) the location of something big.  [Don't confuse with the similar *fare* (*{賃}*)]."
1011,傾,"lean",0,2017-05-14 07:12:22,"I didn't study for the test at all! So what else could I do? When the guy beside me isn't looking, I lean over, and changed (*{化}*) his page (*{頁}*) with mine!"
1012,何,"what",0,2025-04-17 17:53:52,"*Mr. T* (*{亻}*), what *can* (*{可}*) you do?"
1013,荷,"baggage",0,2025-04-07 16:13:03,"TSA guard: *What's* (*{何}*) in the #baggage#?! It's just *flowers* (*{艹}*), I swear!"
1014,俊,"sagacious",0,2025-04-18 18:15:12,"The entire town wants to get rid of *legal prostitutes*, but the sagacious *Mr. T* (*{亻}*) realizes that they are a benefit to the economy and society. So he lets the sa-geishas stay."
1015,傍,"bystander",0,2025-06-05 17:59:39,"In Japan, the emperor is a bystander - he *stands* (*{立}*) on his *crown* (*{冖}*) but can't really affect the *direction* (*{方}*) of the country."
1016,久,"long time",0,2020-10-10 17:06:09,"Note: this is the ひさ in ひさしぶり .  Long time no see *mummy*! (A *bound up* (*{勹}*) *person* (*{人}*).)"
1017,畝,"furrow",0,2025-04-07 16:13:49,"Using a *top hat* to make furrows in the *rice field* (*{田}*) takes a *long time* (*{久}*)!"
1018,囚,"captured",0,2025-04-07 16:14:15,"A *person* (*{人}*) *pent in* is obviously captured. Imagine a man put inside a wooden box, his evil capturers waiting for ransom money."
1019,内,"inside",0,2025-03-27 10:58:10,"*Mr. T*'s (*{亻}*) new *belt* (*{冂}*) is huge! When he's #inside# it, his feet no longer touch the ground!"
1020,丙,"third class",0,2012-07-16 13:49:53,"In this third class flight, the seat*belts* are so bad that with the slightest turbulence all the *persons* hit the ceiling. (it's almost pictographic here!)"
1021,柄,"design",0,2025-06-05 18:00:18,"This is a ""*design*"" as a noun, not a verb as in  ""to *design*"".  The *tree* (*{木}*) grain *design* was too expensive for the *third class* (*{丙}*) airline to use for the panelling.  They just painted it."
1022,肉,"meat",0,2025-04-07 16:14:45,"Here we are looking at an x-ray of a cannibal whose insides are full of *people* (*{人}*)-meat."
1023,腐,"rot",0,2025-04-07 16:15:36,"The #rotting# *meat* (*{肉}*) *adheres* (*{付}*) to the *cave* (*{广}*) walls."
1024,座,"sit",0,2025-03-16 18:41:28,"Coal mine (*cave* (*{广}*)); tea break time; the *assembly line* stops and everyone sits or squats on the *dirt* (*{土}*) floor, in a long line, to rest."
1025,卒,"graduate",0,2012-07-21 04:46:30,"Ph.D. graduation for assembly line of doctors (*needles*) with the cap and tassel (*top hat*). It took them *10 years* (Bachelor's, Masters, PhD) to get there."
1026,傘,"umbrella",0,2025-04-08 09:28:58,"Four *persons* (*{人}*) can fit under this *umbrella* if they are thin as a *needle* (*{十}*)."
1027,匁,"monme",0,2025-02-23 15:26:53,"Children's game 花一匁（はないちもんめ）hana ichi monme: each team's *lengths* (*{丈}*) of arms are ""bound up"" (*{勹}*) together."
1028,以,"by means of",0,2012-07-16 14:06:22,"A man earns his living by means of the plough. I imagine a sweating man dragging a bronze-age ""ard"" behind  him as he ploughs his field himself, too poor to afford an ox."
1029,似,"similar",0,2025-04-08 09:30:21,"*Mr. T* (*{亻}*) finds that living *by means of* (*{以}*) dragging a *plough* is #similar# to slavery."
1030,併,"join",0,2025-04-08 09:31:57,"*Mr. T* (*{亻}*) furiously works a *puzzle* (*{并}*) in an attempt to join Mensa, the high-IQ society."
1031,瓦,"tile",0,2025-06-02 07:26:32,"Simple ~ spell out the word. 

First draw a T.
Then add a line on the bottom to change it to an I.
Draw an L (the *fishhook* (*{乚}*) shape).
Then go back and add a dash beside the I, like adding the center dash of an E.
Finally add a drop (*{丶}*)."
1032,瓶,"flower pot",0,2025-04-08 09:33:42,"A flower pot that has been dropped on the floor is like a *puzzle* (*{并}*) made out of a broken ceramic *tile* (*{瓦}*) that has to be glued together."
1033,宮,"Shinto shrine",0,2025-04-08 09:34:04,"A rhyme for this one: ""*house* (*{宀}*) with a *spine* (*{呂}*), Shinto shrine""!"
1034,営,"occupation",0,2025-04-11 16:39:09,"The *schoolhouse* (龸) is the backbone (*spine* (*{呂}*)) of a foundation that will allow you to find a good occupation."
1035,善,"virtuous",0,2024-05-22 17:32:42,"Imagine a priest's teaching: ""To achieve #virtue# one must first submit himself as a *sheep* (*{羊}*) to God's flock, rejecting the *horns* (䒑) of Satan and resisting the *mouth* (*{口}*) of Hell."
1036,年,"year",0,2012-07-16 14:08:50,"A *horse* wears a pair of *sunglasses with one lens popped out* after a particularly raucous celebration to ring in the New Year."
1037,夜,"night",0,2025-04-08 09:36:44,"Here we have *Mr. T* (*{亻}*) sleepwalking, wearing a *top hat* (*{亠}*) as if he were the ambassador of the night, walking, and walking and walking on his tired *walking legs* (*{夂}*), until he *drops* (*{丶}*) (back into his bed)."
1038,液,"fluid",0,2025-04-11 16:38:38,"*Water* (*{氵}*) is what all liquid looks like at *night* (*{夜}*)."
1039,塚,"hillock",0,2012-07-16 14:10:12,"There's already King of the Hill. This is Queen of the #Hillock#. It's *Ms. Piggy* sitting on top of a mound of *soil* in her *crown*."
1040,幣,"cash",0,2012-07-16 14:11:03,"*Shredder* from TMNT is the *taskmaster* who rules over the foot clan. He wears a *belt* and has *little* spikes both above it (on his head/arms) and below it (on his legs).
Here, a hotel demands that *Shredder* pay them some cash after they found out that he shredded all of their *towels*!"
1041,弊,"abuse",0,2025-04-11 16:37:46,"Mafioso abusing someone to get information. They use a *shredder* on his *two hands* (*{廾}*)."
1042,喚,"yell",0,2025-07-09 16:33:32,"Think yelp when you hear yell to help distinguish this from (*{叫}*). I think of the sounds that would come from the mouths of the 4 dogs if they were bound up together. I'm imagining lots of yelping."
1043,換,"interchange",0,2012-07-16 14:12:18,"After months of practice, you finally managed to teach a nice trick to your sled-pulling *four bound up St. Bernard dogs*: one snap of your *fingers* and they interchange their positions."
1044,融,"dissolve",0,2025-06-05 18:03:38,"I've seen this crazy thing with only *one* (*{一}*) *mouth* (*{口}*) that can dissolve up to *4* (*{四}*) *nails* (T) and an *insect* (*{虫}*) at the same time. Sweet! (It's a venus flytrap, btw)"
1045,施,"alms",0,2025-02-19 15:47:35,"Under their *banner* (*{方}*), volunteers are requesting alms for *scorpion* (*{也}*) sting victims."
1046,旋,"rotation",0,2023-06-30 06:22:58,"Don't confuse with revolve or axis!

Think of rotation as a rotation of animals in the *zoo* - some are on display (in rotation), some are in cages in the back (out of rotation). The ones currently in rotation (on display) are advertised with a large *banner*.

direction (*{方}*)
critters (*{疋}*)"
1047,遊,"play",0,2025-03-10 13:59:09,"The BANNER warns that CHILDREN PLAY on the *road* (*{辶}*)."
1048,旅,"trip",0,2012-07-16 14:14:23,"The boat starts to leave on it's trip across the Atlantic. Underneath a huge *banner* that spans the width of the ship and says ""Bon Voyage"", the people wave their *rags* signalling a safe journey for all on board the Titanic."
1049,勿,"not",0,2012-07-16 14:14:38,"This kanji is NOT a piglet."
1050,物,"thing",0,2025-04-08 09:40:51,"A *cow* (*{牛}*) is *not* (*{勿}*) a thing. It's an animal. If you study Japanese you know that living beings and things are discerned from each other with the verbs いる and ある."
1051,易,"easy",0,2024-03-21 16:58:50,"The *sun* (*{日}*) is *not* (*{勿}*) an easy place to get to."
1052,賜,"grant",0,2021-12-08 16:10:09,"A grant is *money* (*{貝}*) that is *easy* (*{易}*)."
1053,尿,"urine",0,2025-04-12 06:29:08,"Animals use their urine to mark their territory. So for them, their body *water* (*{水}*) works as a *flag* (*{尸}*) denoting their ""country""."
1054,尼,"nun",0,2025-04-12 06:30:15,"Red cross nuns sit in a tent under the red cross *flag* (*{尸}*), *spooning* (*{匕}*) out food to the hungry."
1055,泥,"mud",0,2025-04-12 06:31:08,"Water monks live in a den, but *water* (*{氵}*) *nuns* (*{尼}*) live in the mud."
1056,塀,"fence",0,2025-04-12 06:32:14,"[fence; wall; (kokuji)]

A #fence# separates one *soil* from the other. On a large scale, large pieces of *soil* (*{土}*) in the world have a virtual #fence# called nation. Picture a world map where all countries have their *soil* with one colour, their national *flag* (*{尸}*) as the legend and a #fence# on the borders... don't you think it looks like a giant *puzzle* (*{并}*)?"
1057,履,"footgear",0,2025-04-12 07:19:07,"You are asleep in camp when you are woken up with news that the *flag* (*{尸}*) has fallen to the enemy.  You quickly put on your footgear and run off to *restore* (*{復}*)  the *flag*.

NOTE: The most common use is in はく, meaning to put on footgear, rather than actual footgear itself."
1058,屋,"roof",0,2025-04-12 06:34:13,"*Flag* (*{尸}*) at the *climax* (*{至}*) (highest point) of a castle roof"
1059,握,"grip",0,2025-04-12 06:34:46,"*Fingers* (*{扌}*) grip the *roof* (*{屋}*) as you are about to fall to your death. Think of an action scene in some film."
1060,屈,"yield",0,2025-04-12 07:22:44,"When yielding, soldiers raise the white *flag* (*{尸}*) before *exiting* (*{出}*) from the trenches."
1061,掘,"dig",0,2025-04-12 06:35:16,"If you #dig# with your *fingers* (*{扌}*) hard enough, the soil eventually will *yield* (*{屈}*)."
1062,堀,"ditch",0,2025-04-12 06:36:01,"When you make the *soil* (*{土}*) finally *yield* (*{屈}*) thanks to your digging efforts, what you have is a #ditch#."
1063,居,"reside",0,2021-09-15 04:55:45,"A humongous American *flag* (*{尸}*) in Florida marks the place where all the *old* (*{古}*) people reside."
1064,据,"set",0,2025-04-12 06:36:28,"The man #set# his *finger* (*{扌}*)  firmly on the map and said ""Here is where they *reside* (*{居}*), I am certain of it""."
1065,層,"stratum",0,2025-04-12 06:37:30,"Archaeologists at a dig site place small *flags* (*{尸}*) marking layers or strata of rock. Each of these layers was *formerly* (*{曽}*) the top layer."
1066,局,"bureau",0,2025-04-12 06:38:18,"The Federal #Bureau# of Investigation has email scanners that *flag* (*{尸}*) a given *phrase* (*{句}*)."
1067,遅,"slow",0,2025-04-12 06:39:14,"A *sheep* crossing guard waves a slow *flag* (*{尸}*) for his fellow *sheep* (*{羊}*) crossing the *road* (*{辶}*)."
1068,漏,"leak",0,2025-04-12 06:40:45,"*Water* (*{氵}*) always leaked in the spot left by the *flag* (*{尸}*) planted in the roof every time it *rained* (*{雨}*)."
1069,刷,"printing",0,2025-02-28 16:13:07,"We #printed# a Japanese *flag* (*{尸}*) on his white *towel* (*{巾}*) by stabbing him with a *sabre* (*{刂}*) while he was wearing it."
1070,尺,"shaku",0,2025-07-09 16:34:02,"Shaku is a unit of length equal to about 12 inches (just like a #R#uler), used in ancient Japan. The shakuhachi is a flute about 20 inches long, which is supposed to be one shaku and eight suns, suns being about one inch long."
1071,尽,"exhaust",0,2025-03-02 18:23:29,"You can imagine how exhausting it would be to play a *shakuhachi* (*{尺}*) filled with *drops* (*{丶}*) of ice. It would exhaust your supply of breath (and probably patience)."
1072,沢,"swamp",0,2012-07-16 14:41:34,"My girlfriend doesn't want to give me *shakuhachi* in the swamp. She doesn't want to get swamp *water* all over her."
1073,訳,"translate",0,2025-02-28 16:05:41,"You cannot pretend to translate into *words* (*{言}*) the melody of the *shakuhachi* (*{尺}*)!"
1074,択,"choose",0,2025-04-12 06:41:55,"Until I feel it with my own *fingers* (*{扌}*), I can't choose a *shakuhachi* (*{尺}*)."
1075,昼,"daytime",0,2025-04-12 06:42:35,"roosters in Japan are very civilised, they play the *shakuhachi* (*{尺}*) at *nightbreak* (*{旦}*) to signify the beginning of daytime"
1076,戸,"door",0,2025-04-14 15:39:00,"Traditional Japanese storefront doors have several *flags* (*{尸}*), known as ""noren,"" hanging down from a curtain rod in front of them. I see this as a pseudo-pictograph, and use the horizontal line across the top to represent the curtain rod, since noren don't usually hang from the *ceiling*."
1077,肩,"shoulder",0,2025-04-14 15:39:34,"The shoulder is the best part of the *body* (*{月}*) to bash a *door* (*{戸}*) open with  (Don't ever try this.  Use your foot)."
1078,房,"tassel",0,2025-04-14 15:40:05,"A tassel hangs from my *door* (*{戸}*) showing the breeze's *direction* (*{方}*)."
1079,扇,"fan",0,2025-04-14 15:41:56,"It's insanely hot today! I'm standing in the *doorway* (*{戸}*), fanning myself with *feathers* (*{羽}*)."
1080,炉,"hearth",0,2017-09-22 05:24:46,"This hearth is equipped with a *fire* (*{火}*)-proof *door* (*{戸}*). On the kanji you can see somewhat pictographically the *fire*-proof *door* keeping the *fire* behind, and nothing comes under the *door* primitive, where you would have expected to see another primitive."
1081,戻,"re-",0,2025-04-14 15:42:34,"The *St. Bernard dog* whining at the *door* (*{戸}*) of his master’s house in order to re-enter / re-turn inside."
1082,涙,"tears",0,2025-06-15 15:13:39,"I see the story of Hachiko: the faithful *dog* who still waited for his master to *return* (*{戻}*) long after he had died. Brings a tears to the eyes."
1083,雇,"employ",0,2025-04-14 15:43:51,"Our company has no standards. We'll employ any *turkey* (*{隹}*) who walks under the *door* (*{戸}*)."
1084,顧,"look back",0,2025-04-14 15:45:04,"The people we *employ* (*{雇}*) are always turning their *heads* (*{頁}*) to look back. They don't want to be caught playing solitare on company time."
1085,啓,"disclose",0,2024-02-28 18:23:45,"Behind closed *doors* (*{戸}*), the *taskmaster* (*{攵}*)  tortures to get prisoners to open their *mouths* (*{口}*) and disclose information."
1086,示,"show",0,2025-04-14 15:46:13,"A picture of an altar.  *Two* (*{二}*) *little* (*{小}*)  things are placed on it to show them off (I imagine two watches covered in diamonds)."
1087,礼,"salutation",0,2025-04-14 15:47:41,"""Indy, my friend, you must be very careful!  If you approach the *altar* (*{礻}*)  and do not give the proper salutation  a large *hook* (*{乚}*) will rip you away""."
1088,祥,"auspicious",0,2025-04-14 15:49:56,"To ensure an auspicious year, on the *altar* (*{礻}*) sacrifice a *sheep* (*{羊}*)."
1089,祝,"celebrate",0,2025-03-21 12:08:13,"When Japanese people turn 20 they usually visit the *altar* (*{礻}*) at their local shrine and celebrate no longer being a *teenager* (*{兄}*)."
1090,福,"blessing",0,2025-04-14 15:50:49,"This recalls the selling of indulgences in the history of the Church (As an aside, Protestantism began as a protest of this practice). Basically, one gave wealth (*{富}*) to the *altar* (*{礻}*) (i.e. priest) and received a blessing."
1091,祉,"welfare",0,2025-04-14 15:51:20,"And in front of an *altar* (*{礻}*), she *stopped* (*{止}*) to pray for the welfare of the others."
1092,社,"company",0,2025-04-14 15:51:56,"When you enter a Japanese company it's like you join a cult: your workdesk becomes your *altar* (*{礻}*) and you worship the very *soil* (*{土}*) the office stands on."
1093,視,"inspection",0,2025-04-14 15:52:21,"The beaurocracy in Japan is such that even *altars* (*{礻}*) need to be inspection approved. A little man with glasses comes once a year to give the *altar* a ""visual once over"" as he calls it  (perhaps checking for unauthorised symbology?)"
1094,奈,"Nara",0,2012-07-16 14:47:35,"It's beautiful place, but the dark side of Nara is that they sacrifice *St. Bernards* on *evil altars* every night after the tourists leave!"
1095,尉,"military officer",0,2025-05-30 05:25:30,"Of course it had to be the military officer's idea to *glue* (*{寸}*) a *national flag* (*{尸}*) to the *altar* (*{示}*) he's stationed at."
1096,慰,"consolation",0,2016-07-08 16:38:24,"a *military officer* (*{尉}*) must offer consolation to the *hearts* of the families of his fallen men."
1097,款,"goodwill",0,2025-04-15 05:10:25,"The *samurai* (*{士}*) is on the *altar* (*{示}*), preaching about goodwill: his is never *lacking* (*{欠}*)!"
1098,禁,"prohibition",0,2024-02-24 17:55:56,"Similar to radical tyro's story.
If you live in Japan, your main exposure to this kanji is probably ""no smoking"" signs.  So I imagine the government enacting a prohibition of tobacco, and burning whole *groves* (*{林}*) of tobacco plants on an *altar* (*{示}*)."
1099,襟,"collar",0,2020-08-08 17:45:05,"A collar is the part of your *cloak* (*{衤}*) that,  if tightened too tight,  will lead to a *prohibition* (*{禁}*) of breathing."
1100,宗,"religion",0,2025-04-14 15:55:00,"I never really did figure out what religion my host family was - all I knew was that in their *home* (*{宀}*) they kept an *altar* (*{示}*)."
1101,崇,"adore",0,2025-04-15 04:46:20,"In ancient Greece, the gods who live on *Mount* (*{山}*) Olympus were adored by the *religion* (*{宗}*) of the time."
1102,祭,"ritual",0,2025-04-15 04:47:27,"A ritual such as a circumcision: a small piece of *flesh* (*{月}*) from the crotch is left on the *altar* (*{漏}*)."
1103,察,"guess",0,2025-04-15 04:48:27,"I have an informed guess about whose *house* (*{宀}*) the dark *ritual* (*{祭}*) is performed."
1104,擦,"grate",0,2025-04-15 04:48:57,"You'll grate your *fingers* if you mis-*guess* (*{察}*) the cheese  on the cheese-grater."
1105,由,"wherefore",0,2012-07-16 16:03:32,"""#Wherefore# art thou, *Sprouteo*?"" (Juliet has fallen in love with a brussel sprout) (OR: A brussel sprout has fallen from Juliet's dinner plate and rolled off)"
1106,抽,"pluck",0,2025-04-15 04:50:48,"Each time this singular, long, wiry black hair starts to *sprout* (*{由}*) out of my chin again, I pluck it with my *fingers* (*{扌}*)."
1107,油,"oil",0,2025-03-13 18:09:35,"The *liquid* (*{氵}*) oil that *sprouts* (*{由}*) from an oil field."
1108,袖,"sleeve",0,2025-04-15 04:51:48,"The bad magician says, ""As you can see, there's nothing up my sleeves!"" Then he trips over his *cloak* (*{衤}*) and brussel *sprouts* (*{由}*) fall everywhere."
1109,宙,"mid-air",0,2025-04-15 05:36:31,"Jack's beanstalk *sprout*ed (*{由}*) up, pushed at the roof and lifted the *house* (*{宀}*) so that it hung in mid-air suspended on the *sprout*."
1110,届,"deliver",0,2025-04-15 04:53:01,"In the US, when the mail is delivered, a *flag* (*{尸}*) on the mailbox *sprouts* (*{由}*) up."
1111,笛,"flute",0,2025-04-15 04:53:36,"Flute is made of *bamboo* (⺮) *sprout* (*{由}*)."
1112,軸,"axis",0,2020-10-28 03:29:53,"An absurd image, but what the heck - worked for me. Imagine a *car* (*{車}*) going across a plain at a fast speed. Suddenly a single *sprout* (*{由}*) (the only one to be seen) gets stuck to the car's wheels, causing the car to fly around its axis."
1113,甲,"armor",0,2025-04-15 04:54:11,"It looks like a bird's eye view of a tank (modern armour)."
1114,押,"push",0,2025-04-15 04:54:55,"*Fingers* (*{扌}*) + *Armour* (*{甲}*):

Playing video games you push buttons with your *fingers* (*{扌}*) to attack the monsters and hope your *armour* (*{甲}*) is strong enough to outlast the encounter."
1115,岬,"headland",0,2025-04-15 04:55:39,"A headland is a *mountain* (*{山}*) that is firmly *rooted* (*{甲}*) despite being surrounded on 3 sides by water."
1116,挿,"insert",0,2025-03-27 04:49:34,"A rice farmer's delicate *fingers* (*{扌}*) have inserted *1,000 rooted* (*{千}*) seedlings into his *field* (*{田}*)."
1117,申,"speaketh",0,2025-05-30 09:20:17,"I imagine thomeone who can not pronounth the ""s"" and speaketh like thith becauth they have a *walking stick* (*{丨}*) in their *mouth* (*{口}*)."
1118,伸,"expand",0,2025-03-12 18:10:48,"A *person* (*{亻}*) *speaketh* (*{申}*) and expands my knowledge."
1119,神,"gods",0,2025-03-12 18:10:13,"From behind the *altar* (*{礻}*), God *speaketh* (*{申}*)."
1120,捜,"search",0,2025-04-15 04:56:40,"The *monkey* searches around with his *fingers* (*{扌}*) for his *crotch*."
1121,果,"fruit",0,2025-04-02 13:52:48,"If only Eve had used her *brains* (*{田}*) and not taken the forbidden fruit from the *tree* (*{木}*)."
1122,菓,"confectionary",0,2025-04-15 04:57:21,"This confectionary is made in the shape of a *flower* (*{艹}*), each petal with the taste of a different *fruit* (*{果}*)."
1123,課,"chapter",0,2025-04-15 05:01:49,"To celebrate all the new *words* (*{言}*) I've learned, after I finish each chapter of RTK, I eat a piece of *fruit* (*{果}*)."
1124,裸,"naked",1,2022-05-28 17:45:17,"Here we have Adam and Eve clothing themselves in a *cloak* (*{衤}*) after eating of the forbidden *fruit* (*{果}*) and realising they were naked."
1125,斤,"ax",0,2025-04-15 05:02:47,"The axe-wielding maniac *nails* (T) a poor victim, right under a *cliff* (*{厂}*)."
1126,析,"chop",0,2025-04-16 07:28:04,"*wood* (*{木}*) + *axe* (*{斤}*) = chop? how much more simple can it get?"
1127,所,"place",0,2025-04-09 18:20:58,"A place for everything and everything in its place. To the right of the *door* (*{戸}*) is the standard place for the *axe* (*{斤}*)."
1128,祈,"pray",0,2025-04-16 17:15:52,"Religious freedom has not always been respected throughout history, and nobody knew how to force religion on an indigenous people like the Spanish missionaries. They posted conquistadors at either side of the *altars* (*{礻}*) at the local missions, and if anybody refused to pray, they would get the *axe* (*{斤}*)."
1129,近,"near",0,2025-04-16 17:16:14,"The end is near. The *axe* (*{斤}*)-murderer is waiting for you on the *road* (*{辶}*) ..."
1130,折,"fold",0,2020-10-30 19:20:23,"With your *fingers* (*{扌}*), fold some origami into the shape of an *axe* (*{斤}*). It's sharp, so watch out for paper cuts!"
1131,哲,"philosophy",0,2025-04-16 07:29:55,"A two-hour lesson of philosophy in high school. All the students, bored to death,  *fold* (*{折}*) sheets of paper into planes, love notes or whatever, while the *mouth* (*{口}*) of the teacher is talking about Platon, Kierkegaard and many other notorious philosophers."
1132,逝,"departed",0,2025-04-16 07:30:17,"One of the dearest of Japan's dearly departed is Sasaki Sadako, who developed Leukemia after the bombing of Hiroshima, and became famous for *folding* more than a thousand paper cranes, never giving up hope. To this day, people in Hiroshima still *fold* (*{折}*) origami cranes in her memory. For this character, let us imagine a parade in her honour, the entire *road* (*{辶}*) lined with *folded* cranes."
1133,誓,"vow",0,2025-04-16 07:30:37,"Sadako Sasaki vowed to *fold* (*{折}*) 1000 paper cranes and kept her *word* (*{言}*). (http://en.wikipedia.org/wiki/Sadako_Sasaki)"
1134,暫,"temporarily",0,2025-04-16 17:20:03,"Your *car* (*{車}*) has been savagely attacked by an *axe* (*{斤}*). It will be some *days* (*{日}*) before your car is fixed. So you are temporarily without car."
1135,漸,"steadily",0,2025-04-16 17:17:31,"I imagine firemen working steadily to rescue a trapped man.  First, they spray *water* (*{氵}*) onto the crashed *car* (*{車}*); then, they use an *axe* (*{斤}*) to break through the window."
1136,断,"severance",0,2025-04-16 07:31:53,"A man puts some *rice* on a *fishhook* as bait, but catches a fish so strong, he needs to take out his *axe* (*{斤}*): #severance# of the line is the only way to avoid being dragged to the depths."
1137,質,"substance",0,2020-10-15 14:33:10,"What is this #substance#? I've already broken 2 *axes* (*{斤}*) on this *clam* (*{貝}*)! (Good #question#...質問)"
1138,斥,"reject",0,2025-04-16 07:32:38,"The kids at school used to reject me.. Made me feel really bad till I brought my *axe* (*{斤}*) to school. See the *drop* (*{丶}*) of blood on it?"
1139,訴,"accusation",0,2025-04-16 07:33:27,"The accusation implicit in your *words* (*{言}*), I strongly *reject* (*{斥}*)."
1140,昨,"yesterday",0,2025-04-16 07:34:17,"Yester-*day* (*{口}*), all my troubles seemed *saw* (*{乍}*) far away..."
1141,詐,"lie",0,2025-04-16 07:35:05,"Pinocchio gets frustrated that every time he utters a *word* (*{言}*) of a lie his nose grows and he has to get the *saw* (*{乍}*) out again."
1142,作,"make",0,2025-05-10 12:33:43,"*Mr T.*'s (*{亻}*) favorite magazine is #Make#. He loves to #make# things. But he's a purist: he only uses a *saw* (*{乍}*), no power tools."
1143,雪,"snow",0,2025-03-14 18:13:38,"Snow isn't all that different from *rain* (*{雨}*), except it can be removed with a *broom* (*{彐}*) because it only forms in freezing temperatures."
1144,録,"record",0,2025-07-09 16:34:35,"This character is about a recording for a music box. The tines of the mechanism are like a *metal* (*{金}*) *broom* (*{彐}*) and the little pins on the cylinder are like *metal* (*{金}*) *grains of rice* (*{氺}*). 

[Also note: *broom* (*{录}*)]."
1145,尋,"inquire",0,2025-04-16 07:38:16,"The policed inquired into the scandal. They tried to *sweep* (*{彐}*) away the evidence of *ero*tica, but some of it *stuck* (*{寸}*). (Note: katakana エロ *ero* in the middle of this kanji is the Japanese word for erotica.)"
1146,急,"hurry",0,2025-04-16 17:23:45,"She was always *bound* (*{勹}*) to a *broom* (*{彐}*), her *heart* (*{心}*) pounding in a hurry to finish before she was punished for being slow."
1147,穏,"calm",0,2025-04-16 07:39:21,"This whole kanji is a picture of #calm#ness. The *wheat* has been harvested and even the *vultures* sit calmly watching the humans *sweep* (*{彐}*) and clean-up after the harvest is over. *Hearts* (*{心}*) are peaceful and calm at this time of the year. Even the days are calm without storm."
1148,侵,"encroach",0,2025-04-16 07:39:39,"The *parson* encroaches on the *French maid*; driven wild by her little *broom* (*{彐}*), dainty tiara (*crown* (*{冖}*)) and sinfully short skirt showing her knickers (*crotch*)!"
1149,浸,"immersed",0,2020-08-08 03:29:29,"The *French maid* draws a *bath* for her amorous master, but slips and falls in - getting immersed. (*{氵}*)"
1150,寝,"lie down",0,2025-04-18 03:07:55,"The *French maid* has been working as slow as a *turtle* (*{丬}*) today, so I let her go *home* (*{宀}*) and lie down."
1151,婦,"lady",0,2025-04-18 03:09:58,"In high society, a lady is a *woman* who never touches a *broom* (*{彐}*) or an *apron*."
1152,掃,"sweep",0,2020-08-09 11:15:33,"Whether I sweep something away with my *fingers* (*{扌}*) or my *broom* (*{帚}*), I should always wear my *apron*."
1153,当,"hit",0,2012-07-17 17:22:35,"[hit; right; appropriate; himself]

If you're old enough, this is a pictograph of an Atari joystick (which, BTW, got its name from this word/kanji).

You can also think of how an Atari joystick is like a *small* *broom* with which you can #hit# and sweep off the enemies from the screen..."
1154,争,"contend",0,2025-04-18 03:11:42,"This can be seen as a Retarius, a roman gladiator. The Retiarius always fought with a net to *bound up* (*{勹}*) his opponents, and with a *trident* (*{肀}*), which was able to pierce enemies after tying them. They were terrific #contenders#, so they were only paired with gladiators specially equipped to fight them."
1155,浄,"clean",0,2021-12-28 07:51:10,"Bottled *water* (*{氵}*) marketers *contend* (*{争}*) to make their version of tap water sound the cleanest."
1156,事,"matter",0,2025-04-18 03:12:33,"Just *one* (*{一}*) word about this matter from your *mouth* (*{口}*) and you will find this *rake* (*{肀}*) across it."
1157,唐,"T'ang",0,2020-12-08 18:05:35,"Two archeologists are in a *cave* (*{广}*) looking at Chinese artifacts from various eras. One picks up a *rake* (*{肀}*) and says, ""What about this – T'ang, do you think?"" The second puts the *rake* (*{肀}*) in his *mouth* (*{口}*) and answers, ""Yes, it does #tang# a bit""."
1158,糖,"sugar",0,2025-04-18 03:48:07,"Sugar made from *rice* (*{米}*) has a *t'ang*y (*{唐}*) flavour."
1159,康,"sane",0,2025-04-18 03:14:07,"A psychiatric hospital is located in a *cave*. To determine,  which patients are sane and can be released, they are given a *sieve* (*{隶}*) and asked to empty a bathtub (the sane ones take out the plug and get the water out with #ease#)."
1160,逮,"apprehend",0,2025-04-18 03:14:27,"Think police roadblocks. They act like *sieves* (*{隶}*) for the *road* (*{辶}*), letting good people through but apprehending criminals"
1161,伊,"Italy",0,2025-04-18 03:16:29,"The ""boot"" of Italy has gotten Europe all muddy. Who else could *mop* (*{尹}*) it up but *Mr. T* (*{亻}*)?"
1162,君,"old boy",0,2025-04-18 03:16:59,"There's a tendency in Japan to make the younger members (kouhai) clean up after the older members (senpai) of a group, which results in a lot of grumbling and whining. ""Well old boy,"" a senpai might say, ""If you did as much work with the *mop* (*{尹}*) as you do with your *mouth* (*{口}*) you would have been done an hour ago"""
1163,群,"flock",0,2025-04-18 03:17:37,"*Good ol' boys* (*{君}*) are like *sheep* (*{羊}*): they tend to flock together."
1164,耐,"-proof",0,2025-04-18 03:18:05,"My *comb* (*{而}*) is rust-#proof#, water-#proof#, and fire-#proof#. But unfortunately it is not idiot-#proof#--and I *glued* (*{寸}*) it to myself."
1165,需,"demand",0,2023-01-16 07:03:24,"Supply and demand is a simple concept: when it *rains* (*{雨}*), the demand for *combs* (*{而}*) goes up to deal with wet hair."
1166,儒,"Confucian",0,2025-04-18 03:18:32,"No more #Confucian# jibba-jabba! Heed *Mr. T*'s (*{亻}*) *demand* (*{需}*) that you tell him why it's *raining* *combs*!"""
1167,端,"edge",0,2025-02-28 15:32:09,"Have you ever seen those shots in movies where the hero is *standing* (*{立}*)at the edge of a sheer *mountain* (*{山}*) face, hair blowing in the wind? It probably wouldn't seem so heroic if you saw him ten minutes earlier, when a crew of stylists was carefully *combing* (*{而}*) his hair so it would fall perfectly."
1168,両,"both",0,2012-07-18 01:23:46,"Primitives *ceiling*; *belt*; *mountain* as per Cumulative Errata. Both effective ways to commit suicide: hang your self from the *celing* with your *belt* or jump off a *mountain*"
1169,満,"full",0,2025-04-18 03:19:39,"Add *water* (*{氵}*), then the *flowers* (*{艹}*). With *both* (*{両}*), the vase will be #full#."
1170,画,"brush-stroke",0,2025-04-18 03:20:13,"You decide one day to paint a kanji on your *ceiling* (*{一}*). Unfortunately, you don’t have a brush, so, being innovative, you use a *sprout* (*{由}*). Knowing it could be messy, you search for a drop-cloth, but can’t find one. Instead, you put a *shovel* (*{凵}*) down on the floor to catch any drips resulting from the #brush stroke#s."
1171,歯,"tooth",0,2024-03-21 16:54:41,"*Stop* (*{止}*) *shoveling* (*{凵}*) *rice* (*{米}*) into your mouth (*{口}*), you'll hurt a tooth! Use chopsticks instead."
1172,曲,"bend",0,2025-04-18 17:50:22,"It looks like the mouth of *Bender the robot*, from Matt Groening's animated series ""Futurama"". Thus, I use the character *Bender the robot* as a primitive.

Also means ""melody""."
1173,曹,"cadet",0,2025-04-18 03:21:09,"A space cadet eager to make *one* (*{一}*) *bend* (*{曲}*) around the *sun* (*{日}*).  (a dangerous maneuver)"
1174,遭,"encounter",0,2025-04-18 03:21:55,"Close encounters of the third kind. The space *cadet* (*{曹}*) encounters aliens on the (*{辶}*)."
1175,漕,"rowing",0,2025-04-18 03:22:22,"The *cadet*  (*{曹}*) is rowing, during some army exercise, and he's very afraid of *water* (*{氵}*) (Bender is a robot)."
1176,槽,"vat",0,2025-08-21 16:37:24,"Also as part of some army survival exercise,  into the *woods* (*{木}*) goes the * cadet* (*{曹}*) - including *Bender* see (*{曲}*) -  to build a vat (for collecting water for example)."
1177,斗,"Big Dipper",0,2025-04-18 16:19:16,"The Big Dipper is a celestial measuring cup.

This is a pictograph, with the first two strokes representing the measuring ticks on the side of the cup."
1178,料,"fee",0,2024-03-28 05:10:43,"When buying *rice* (*{米}*), the fee is calculated by the cup. Naturally we don't just use any cup; it has to be a proper *measuring cup* (*{斗}*)."
1179,科,"department",0,2024-03-28 05:12:43,"University departments study things like *wheat* (*{禾}*) (agriculture) and the *big dipper* (*{斗}*) (physics/astronomy), and exact *measuring cups*  (*{斗}*) (engineering)."
1180,図,"map",0,2025-04-18 16:21:58,"A *pent-in* (*{囗}*) *Big Dipper* (*{斗}*) is an astronomy map."
1181,用,"utilize",0,2025-04-18 16:23:34,"To tenderize *meat* (*{月}*) in an emergency wilderness situation, just utilize your *walking stick* (*{丨}*)!"
1182,庸,"comfortable",0,2025-07-16 17:52:04,"To live a comfortable life, single men need only a *cave* for living,  a *rake* (*{肀}*) for cleaning and a *screwdriver* (*{用}*) for fixing."
1183,備,"equip",0,2025-04-18 16:36:19,"*Mr. T* (*{亻}*) wants to climb up and pick the *flowers* (*{艹}*) at the top of the *cliff* (*{厂}*). He equips himself with *screwdrivers* (*{用}*) to use as climbing spikes to reach the top of the cliff."
1184,昔,"once upon a time",0,2022-12-08 17:28:50,"Once upon a time, the children were forced to eat their salad (龷) every *day* (*{日}*)."
1185,錯,"confused",0,2025-03-21 03:16:51,"Because there were so many kinds of *metal* (*{金}*) coins, *once upon a time* (*{昔}*), people of the world got confused. Today we only have the euro."
1186,借,"borrow",0,2025-04-18 16:24:33,"*Once upon a time* (*{昔}*) I let *Mr T* (*{亻}*) borrow my *salad* bowl, but he won't give it back.  ""This be mine now, foo!"""
1187,惜,"pity",0,2025-05-04 15:55:10,"What a pity! My *state of mind* (*{忄}*) when i think of  the opportunities I missed from *once upon a time* (*{昔}*)."
1188,措,"set aside",0,2025-08-21 16:38:08,"*Once upon a time* our ancestors #set aside# the use of fingers and began to use cutlery. The way I remember it's (*{昔}*)   rather than (*{旧}*)is that they began to use cutlery to eat *salad*. (I also think about how when you visit the Medieval Times theme park, which is set in *once upon a time*, their gimmick is that you eat with your fingers.)"
1189,散,"scatter",0,2012-07-18 01:09:03,"The *taskmaster* is dissatisfied with the meal she's served, and scatters the *salad & meat* across the floor for the servants to clean up."
1190,廿,"twenty",0,2025-08-21 16:38:51,"*Ten* (*{十}*) plus *ten* (*{十}*) is twenty."
1191,庶,"commoner",0,2025-08-02 16:28:19,"Commoners have to huddle in *caves* (*{广}*), *twenty* (*{廿}*) deep around a *camp fire* (*{灬}*), while higher class people get heating and air conditioning in a hotel."
1192,遮,"intercept",0,2025-04-19 17:22:08,"The *commoners* (*{庶}*) are revolting! We must #intercept# them on the (*{辶}*) before they reach the castle!"
1193,席,"seat",0,2012-07-18 01:40:19,"Remember those poor *commoners* huddled in groups of *twenty* in a *cave*? The only thing they had for a seat was some old *toweling* (while their lords could recline on luxurious couches)."
1194,度,"degrees",0,2025-04-18 16:33:11,"Trying to increase the temperature up to *twenty* (*{廿}*) degrees, but the *cave* (*{广}*) is too cold and I can't make any fire.. so I try *again or* again (*{又}*)."
1195,渡,"transit",0,2016-05-07 17:05:46,"This particular form of transit is a ferry (one of the actual meanings of this character). Naturally it can only cross the *water* if it's not frozen, so the temperature must be above the zero *degrees* (*{度}*) mark."
1196,奔,"bustle",0,2024-03-02 13:10:43,"Hustle and bustle = a big *St. Bernard dog* frisking about in a *haystack* (*{卉}*), knocking it down and spreading the hay about, after the field hands just stacked it up."
1197,噴,"erupt",0,2024-04-12 14:20:43,"History of Pompei: An unexpected eruption and from the *mouth* (*{口}*) of the volcano comes lava that threatens the farmers collecting *haystacks* (*{卉}*) in the fields and the fisherman catching *shells* (*{貝}*) on the coast."
1198,墳,"tomb",0,2025-04-26 14:52:48,"After the eruption all is a tomb. The *soil* (*{土}*) has covered the remains of the farmers gathering *haystacks* (*{卉}*) and of the fishermen collecting *shells* (*{貝}*)."
1199,憤,"aroused",0,2025-05-06 16:52:43,"Note: this word in Japanese has the idea of ""indignant"". So aroused here refers to being aroused because of anger over  some unjust or wrong act, unfairness etc. It doesn't seem to carry a meaning associated with arousal in the sense of sex or pleasure.  So, my story: think of the angry *state of mind* (*{忄}*) aroused at finding all your *clams* (*{貝}*) buried under your *haystack* (*{卉}*) stolen, gone!"
1200,焼,"bake",0,2023-09-01 04:35:05,"Ah, there's no better way to bake a pizza than an oven fuelled by a *burning* (*{火}*) *lofty* strawman (*{尭}*)."
1201,暁,"daybreak",0,2025-04-19 06:20:15,"The *sun* (*{日}*) rising beside a *lofty strawman* (*{尭}*) in a corn field is a classic cartoon depiction of daybreak."
1202,半,"half",0,2025-04-19 06:20:56,"Imagine karate chopping the number *three* (*{三}*) in half with a *walking stick* (*{丨}*) and pausing the picture just as the first ""board"" breaks."
1203,伴,"consort",0,2025-05-10 11:52:26,"The *person* (*{亻}*) who is your consort is most commonly ""your other *half* (*{半}*)""."
1204,畔,"paddy ridge",0,2025-04-19 06:21:49,"A paddy ridge divides the *rice field* (*{田}*) in *half* (*{半}*)."
1205,判,"judgment",0,2025-03-15 17:45:14,"In the bible, King Solomon's #judgement# was admired not because he said he would cut the baby in *half* (*{半}*) with his *sabre* (*{刂}*), but because it revealed who the true mother was."
1206,券,"ticket",0,2025-04-19 06:23:47,"Entering the movie, the dude asks for your #ticket#, so he can tear it in half.  He looks at you funny when you hand him a ticket already torn in half.  He quietly tears the stub into *quarter*s (龹) after you show him your *dagger* (*{刀}*) with a smile."
1207,巻,"scroll",0,2025-04-19 06:24:29,"At a mysterious bazaar, you happen to come across something interesting: a rolled-up scroll for only *25¢* (龹). You buy it up impulsively until you realize that the powerful spell contained within is cursed by a poisonous *snake* (*{己}*). If you try to cast this spell, the snake will pop out of nowhere and bite you! Hrmph. No wonder it was so cheap ..."
1208,圏,"sphere",0,2020-10-30 19:38:27,"I associate a *scroll* (*{巻}*) with spell casting; the effect of this spell is *pent* (*{囗}*) in a certain sphere of influence, outside it no damage is done"
1209,勝,"victory",0,2025-03-08 14:53:29,"After your victory cut your enemy's *flesh* (*{月}*) into *quarter*s (龹) to show your *power* (*{力}*)."
1210,藤,"wisteria",0,2020-10-28 15:44:07,"according to legend, the great Ogaki wisteria tree grew and *flowered* (*{艹}*)  from magical *rice grains* (*{氺}*) that were planted under the *quarter* (龹) *moon* (*{月}*)."
1211,謄,"facsimile",0,2025-04-19 06:25:31,"Sending a facsimilie to the *moon* (*{月}*) can be problematic: only a *quarter* (龹) of the *words* (*{言}*) actually get there."
1212,片,"one-sided",0,2025-04-18 15:43:25,"If you look at this image from #one side#, it looks like the *top hat* (*{亠}*) is floating over a *chair*."
1213,版,"printing block",0,2025-04-09 07:37:48,"Before the advent of printers in Japan, typewriters couldn't be built as they were in the west due to how many kanji there are. Lots of small printing blocks had to be used instead. *One side* (*{片}*) of the printing block would have a mirrored (*anti* (*{反}*)) image of the kanji. This is true."
1214,之,"of",0,2012-07-18 16:29:15,"Of all the kanji, this is the only one 之orro can write."
1215,乏,"destitution",0,2025-04-19 06:28:56,"Just one *drop* (*{丶}*) (of alcohol) and he starts walking in *zig-zags* – no wonder *Zorro*'s (*{之}*) living in destitution."
1216,芝,"turf",0,2020-10-16 17:08:39,"Zorro (*{之}*), with a *flower* (*{艹}*)  between his teeth for the ladies, defends his turf against evildoers.  ""This is my turf! And this...is for the lady."""
1217,不,"negative",0,2025-04-19 06:29:22,"[Smithsonian] Scene: *Mr. T* (*{亻}*) hanging from the *ceiling* being tortured.  He is asked if he is going to talk.  Spitting (a *drop* (*{丶}*) of saliva) in the torturer`s face, he says ""Negative""."
1218,否,"negate",0,2025-03-07 02:16:52,"*Negative* (*{不}*) *mouths* (*{口}*) negate everything."
1219,杯,"cupfuls",0,2023-12-22 16:24:36,"The maple *tree* (*{木}*) is very *negative* (*{不}*) about it, but the farmer still collects #cupfuls# of maple syrup from it."
1220,矢,"dart",0,2025-04-02 17:43:09,"Zeus ran out of lightning bolts and has to *drop* (*{丶}*) darts from the *heavens* (*{天}*)."
1221,矯,"rectify",0,2025-04-19 06:30:28,"*Angels* have now been given a powerful tool to rectify human behavior instantly, without delay - they have been allowed to drop *darts* (*{矢}*) on those who misbehave... spare the *dart* (*{矢}*) and spoil the man..."
1222,族,"tribe",0,2025-04-19 06:30:47,"With a *banner* declaring ""Keep Out!"" and blow *darts* (*{矢}*) to back it up, the Amazon tribe is not that friendly."
1223,知,"know",0,2025-08-21 16:39:35,"I should know.  After all, I did graduate from *Dart**mouth* (*dart* (*{矢}* ) *mouth* (*{口}*))!"
1224,智,"wisdom",0,2025-04-19 06:31:22,"Wisdom is to *know* (*{知}*) everything *over* the *sun* (*{日}*) (fools assume everything under)."
1225,矛,"halberd",0,2012-07-18 16:32:45,"マオ Zedong always carried a halberd"
1226,柔,"tender",0,2025-08-21 16:40:03,"[tender; weakness; gentleness; softness]

Love me #tender#,
Love me perfect,
Never cheat on me.
Or I'll impale you on my halberd (*{矛}*),
And hang ya atop a *tree* (*{木}*) ..."
1227,務,"task",0,2025-04-19 06:32:58,"It is with the *halberd* (*{矛}*) he holds that the *taskmaster* (*{攵}*) exerts his *power* (*{力}*) over those actually performing the task."
1228,霧,"fog",0,2018-06-20 14:01:01,"*Rain* (*{雨}*)'s *task* (*{務}*) is to get rid of the #fog#."
1229,班,"squad",0,2025-04-19 06:35:02,"A *king*  (*{王}*) sends a hit squad armed with *sabres* (*{刂}*) to kill another *king*  (*{王}*)."
1230,帰,"homecoming",0,2025-04-19 06:36:01,"A female warrior returns home from battle. Her husband takes away her *sabre* (*{刂}*) to symbolize the end of fighting and gives her a *broom* (*{彐}*) and an *apron*. “Boy, this is some kind of homecoming,” thinks the veteran."
1231,弓,"bow",0,2012-07-18 16:45:55,"My personification for this primative is Legolas from the Lord of the Rings: a master at the bow. I suppose robin hood etc would work too."
1232,引,"pull",0,2025-04-21 16:29:56,"Take a *bow* (*{弓}*), insert a *walking stick*  (*{丨}*) and pull it back, ready to fire at the geezer."
1233,弔,"condolences",0,2025-04-21 16:30:16,"Perhaps a pictograph of a soldier's weapons--his sword and *bow* (*{弓}*) - placed ceremonially over his body before burial, while people offer their condolences."
1234,弘,"vast",0,2025-04-21 16:30:42,"If you pull the *bow* (*{弓}*) back with your *elbow* (*{厶}*), you can shoot a vast distance."
1235,強,"strong",0,2025-03-05 17:15:46,"The *vast* (*{弘}*) majority of *insect*s (*{虫}*) are pretty strong; ants can carry 10x their weight!"
1236,弱,"weak",0,2022-03-10 16:06:47,"*Bows* (*{弓}*) with *ice* (*{冫}*) on them are brittle and weak."
1237,沸,"seethe",0,2025-05-08 14:10:48,"This liquid looks like ordinary *water* (*{氵}*), but it will instantly seethe when it comes in contact with counterfeit *dollar bills* (*{弗}*). The inventor must be rich (and probably has dollar signs in his eyes)."
1238,費,"expense",0,2023-07-12 04:22:24,"An expense is an expense, whether you put it in *dollars* (*{弗}*) or in local *money* (*{貝}*)."
1239,第,"No.",0,2012-07-18 16:48:59,"The No. 1 currency in the world is the *dollar*. But, the Asian nations are fast catching up and may in reality have already surpassed it. So, let the *bamboo* represent the No. 2 currencies (the yen etc.). The reverse order (*bamboo* on top and the *dollar* on the bottom) is really a look at the future."
1240,弟,"younger brother",0,2012-07-18 16:49:11,"#Younger brothers# are always more prone to mischief. Mine, you can almost see the little *horns* on him and the *dollar signs* on his eyes when he comes up with a money-making scheme."
1241,巧,"adroit",0,2025-04-08 14:38:27,"To be adroit one must have mastered the *crafting* (*{工}*) of *snares* (*{丂}*)."
1242,号,"nickname",0,2025-04-21 16:34:43,"My nickname is ""No Lips"". Yep, I shouldn't have put my *mouth* (*{口}*) on that *slingshot* (*{丂}*)."
1243,朽,"decay",0,2025-04-21 16:35:23,"This *slingshot* (*{丂}*) isn't terribly effective, because it's swinging from a decaying *tree* (*{木}*).  Imagine the tree as being so decayed that when an animal gets caught in the snare, its struggles cause the tree to collapse into a putrid mess."
1244,誇,"boast",0,2025-04-21 16:36:25,"The hunter's #boast#:  I *say* (*{言}*), it was a ""*big* (*{大}*) *one* (*{一}*)"", but the *slingshot* (*{丂}*) broke and it got away."
1245,汚,"dirty",0,2025-04-21 16:37:09,"A hunter washes, with water, *two* (*{二}*) of his *slingshots* (*{丂}*), because they are dirty."
1246,与,"bestow",0,2025-04-06 12:16:22,"In The Legend of Zelda Ocarina of Time, *one* (*{一}*) of the first weapons bestowed on Link was the *slingshot* (*{丂}*)."
1247,写,"copy",0,2020-10-22 04:38:16,"The *crown* (*{冖}*) I wish to *bestow* (*{与}*) to the British Museum is a copy."
1248,身,"somebody",0,2025-08-21 16:40:33,"Somebody was just looking for you. He had a long *nose* that reaches down below his mouth, and a long jaw that sticks out past his nose, and a scar across his face. (greenapple,16-3-2006) The way to remember that this is some*body* rather than (*{者}*) is that the story is full of *body* descriptions."
1249,射,"shoot",0,2025-04-21 16:38:15,"You shoot *somebody* (*{身}*) with a *glue* (*{寸}*)-gun"
1250,謝,"apologize",0,2025-04-21 16:38:43,"The famous *speech* (*{言}*) by the man that Dick Cheney *shot* (*{射}*) in the face: ""I'm sorry for the trouble I have caused the Vice President"""
1251,老,"old man",0,2025-04-22 04:56:27,"The *dirty* old man (*{耂}*) had a *stroke* so now he must be *spoon* (*{匕}*) fed."
1252,考,"consider",0,2025-04-22 04:55:57,"As a last resort, we actually might consider sending our *old men* (*{耂}*) into the battle, armed only with *slingshots* (*{丂}*)."
1253,孝,"filial piety",0,2025-04-22 04:55:49,"This *child* (*{子}*) has taken filial piety to the next level.  He is actually carrying the *old man* (*{耂}*) on his shoulders."
1254,教,"teach",0,2024-05-04 17:08:50,"In early Japan, *filial piety* (*{孝}*) was the cornerstone of education, and harsh *taskmasters* (*{攵}*) were employed to teach it."
1255,拷,"torture",0,2025-04-22 04:57:03,"In torture 101 class they teach you to that the *fingers* (*{扌}*) are the first part to which to *consider* (*{考}*) applying pain."
1256,者,"someone",0,2020-11-05 18:13:50,"The *old man* (*{耂}*) used to be someone, but now his best *day*s (*{日}*) are behind him."
1257,煮,"boil",0,2025-04-23 05:36:30,"*Someone* (*{者}*) who sits over *burning flames* (*{灬}*) for hours is going to boil."
1258,著,"renowned",0,2025-04-22 04:59:41,"Here I am, putting a wreath of *flowers* (*{艹}*) on *someone* (*{者}*) renowned."
1259,署,"signature",0,2025-04-23 05:12:04,"You should *eye* (*{罒}*) over *someone* (*{者}*) before giving them your signature."
1260,暑,"sultry",0,2025-04-22 05:01:46,"On a sultry day, *someone* (*{者}*) will be sweating under the *sun* (*{日}*)."
1261,諸,"various",0,2025-04-22 05:02:29,"There are various *words* (*{言}*) *someone* (*{者}*) can write with kanji."
1262,猪,"boar",0,2025-04-22 05:03:22,"A *pack of wild dogs* (*{犭}*) chasing *someone* (*{者}*) who's trying to escape by riding on the back of a boar."
1263,渚,"strand",0,2025-04-22 05:04:14,"If *someone's* (*{者}*) #stranded#, I hope they have *water* (*{氵}*)."
1264,賭,"gamble",0,2025-04-22 05:05:02,"*Money* (*{貝}*) controls *someone* (*{者}*) who gambles like a *puppet*."
1265,峡,"gorge",0,2025-04-23 05:13:25,"A #gorge# is where God has cut into a *mountain* (*{山}*) with a pair of *scissors* (*{夹}*). 

(synewave,6-10-2006) http://www.travelblog.org/Photos/197361.html"
1266,狭,"cramped",0,2025-04-23 05:14:15,"In a cramped space, a brave man holds off *pack of wild dogs* (*{犭}*) with only a pair of *scissors* (*{夹}*)."
1267,挟,"sandwiched",0,2025-04-23 05:15:08,"*Fingers* (*{扌}*) sandwiched between a *pair of scissors* (*{夹}*): don't move or else!"
1268,追,"chase",0,2025-07-02 06:12:25,"*Maestro* (㠯), baton flapping wildly in his hand, is being #chase#d down the *road* (*{辶}*) by his fans."
1269,師,"expert",0,2025-08-21 16:41:05,"A *maestro* (㠯) in a large auditorium with high *ceilings* (*{一}*) is conducting his orchestra of expert musicians at a fever-pitch, beads of sweat (*drops* (*{丶}*)) pouring out of him. When the piece is over he reaches for his *towel* (*{巾}*) to wipe his brow."
1270,帥,"commander",0,2025-04-23 05:20:27,"The commander is a military *maestro* (㠯) who never throws in the *towel* (*{巾}*)."
1271,官,"bureaucrat",0,2025-04-09 18:23:40,"No one likes classical music anymore. Our *maestro* (㠯) is here at *home* (*{宀}*) without his baton sighing sadly before he heads off for another day as his new job as a bureaucrat."
1272,棺,"coffin",0,2015-09-15 07:38:01,"An excellent use of  *wood* is to make a coffin for a *bureaucrat* (*{官}*)."
1273,管,"pipe",0,2025-04-23 05:21:47,"The Japanese *bureaucrat* (*{官}*) sends all his messages through an inter-office *bamboo* (⺮) pipe system."
1274,父,"father",0,2012-07-19 16:51:20,"Luke, I am your father.  Darth Vader  (really surprised nobody put this one up before: 2 laserswords)"
1275,交,"mingle",0,2020-08-28 11:18:23,"My *father* (*{父}*) puts on a *top hat* (*{亠}*) and tries to mingle."
1276,効,"merit",0,2016-09-24 14:27:33,"*Mingle* (*{交}*) with the *power*ful (*{力}*) to bring success, bypassing the need for any  merit."
1277,較,"contrast",0,2015-09-20 16:48:20,"*Cars* (*{車}*), today, *mingle* (*{交}*) on busy streets. This is in stark contrast to the one of yesteryear, where it was people who would *mingle* on the streets."
1278,校,"exam",0,2017-07-15 14:28:02,"Ninja school exam: Go to the *tree*s (*{木}*) and *mingle* (*{交}*). If the teacher can spot you, you fail."
1279,足,"leg",0,2025-04-23 16:23:07,"Captain Ahab lost his leg to the great white whale's *mouth* (*{口}*) and had to *mend* (龰) it with a peg leg."
1280,促,"stimulate",0,2025-04-23 16:24:09,"You stimulate a *Mr. T* (*{亻}*) by giving him a kick in the *leg* (*{足}*)."
1281,距,"long-distance",0,2015-01-25 14:36:44,"You can step a long-distance if you have a *leg* (*{足}*) that's *gigantic* (*{巨}*)!"
1282,路,"path",0,2025-04-23 16:25:28,"When pirates try to hide, it's always easy to find them. Their *wooden legs* (*{足}*) leave distinctive prints, showing where *each* (*{各}*) is hiding and the exact path he took."
1283,露,"dew",0,2016-12-12 08:50:09,"after the *rain* (*{雨}*) the *path* (*{路}*) was covered with dew"
1284,跳,"hop",0,2025-04-23 16:26:18,"Don't hop! Because it's a *portent* (*{兆}*) that in the future you will have a *wooden leg* (*{足}*)."
1285,躍,"leap",0,2020-10-30 17:20:21,"I leap out of bed so fast that my wooden *leg* (*{足}*) gets left behind in the *futon* (*{翟}*)."
1286,践,"tread",0,2025-04-23 16:26:45,"The pirate with the wooden *leg* (*{足}*) chased after the *parade float* (㦮) and was run over by the next one, leaving tread marks all over him and his leg."
1287,踏,"step",0,2025-04-23 16:27:22,"You have to watch your step when moving your *leg* (*{足}*) on a *watery* (*{水}*) *day* (*{日}*)."
1288,骨,"skeleton",0,2012-07-19 16:58:18,"The top box 口 is the skull and the brain 田 has shriveled to the size of marble (but following kanji convention it is depicted as a square) and rolled into the bottom right hand corner. With all the hair and flesh gone the crown has slipped down to the shoulders like a necklace. 月 represents the rest of the body of the skeleton."
1289,滑,"slippery",0,2025-04-23 16:28:12,"Don't give *water* (*{氵}*) to a *skeleton* (*{骨}*). When he drinks it, it'll sluice right through his bones, forcing you to put one of those ""Caution - Slippery Floor"" signs up on the resulting puddle."
1290,髄,"marrow",0,2025-04-23 16:28:41,"A *skeleton* (*{骨}*) is shuffling along the shoulder of the *road* (*{辶}*), so you pull up next to him and ask where he is going. He says he's going to donate his marrow to the hospital because he got into some financial trouble and lost everything; his marrow is the only thing he still *possess*es (*{有}*)."
1291,禍,"calamity",0,2025-04-23 16:30:26,"Once a year, the people pray for a sign from the gods. But if the gods are feeling particularly mischievous, they'll send down to the *altar* (*{礻}*) a *jawbone* (*{咼}*). The people see this as a sign of calamity to come. The gods think of it as an amusing prank."
1292,渦,"whirlpool",0,2025-08-21 16:41:33,"Grampa's flushing the toilet, when his *denture (Jawbone)* (*{咼}*) pops out and gets sucked down the whirlpool!

Parts: (*{氵}*), (*{咼}*)"
1293,過,"overdo",0,2025-04-23 16:31:45,"Jaws XII~!  Jaws *jawbone* (*{咼}*) strikes the *highway* (*{辶}*)!  Man, they're really overdoing it now."
1294,阪,"Heights",0,2025-07-26 05:23:44,"If you're scared of #Heights#, you don't want to stay at *The Pinnacle* (*{阝}*); you are *anti-* (*{反}*) *The Pinnacle*.

Primitive: *The Pinnacle* is a dream-like gated community at the top of a mount. This allows for innumerable stories for all the kanji with this primitive  since you have a whole city to work with. Also prevents confusion with ""mountain""."
1295,阿,"Africa",0,2025-04-21 04:04:49,"From *The Pinnacle* (*{阝}*) to the right *can* (*{可}*) you see Africa? I *can*! I *can*!"
1296,際,"occasion",0,2025-04-21 04:05:04,"On special occasions *The Pinnacle* (*{阝}*) hosts  a *ritual* (*{祭}*)."
1297,障,"hinder",0,2025-04-21 04:02:17,"The officer at the gate to *The Pinnacle* (*{阝}*) with a giant *badge* (*{章}*) sewn to his chest hinders all visitors. But not the handicapped. They're hindered enough already. They're given a *badge* (*{章}*) and can pass right into *The Pinnacle* (*{阝}*)."
1298,随,"follow",0,2025-04-23 16:33:17,"[Image: Follow the `Yellow-Brick Road' to success] The *pinnacle* (*{阝}*) signifies your personal goal and destination.  What you're seeking to *possess* (*{有}*) lies at the end of the yellow-brick *road* (*{辶}*).  You must follow the road to get what you want."
1299,陪,"auxiliary",0,2025-04-23 16:33:46,"In case of emergency, *The Pinnacle* (*{阝}*) has auxiliary guard dogs, but they keep them *muzzeled* (*{咅}*) until they're needed."
1300,陽,"sunshine",0,2025-03-17 19:23:46,"A kid is perched on a *pinnacle* (*{阝}*) with his *piggy bank* (*{昜}*). He uses the coins to catch the sunshine, and redirect it into people's eyes, far below."
1301,陳,"line up",0,2025-04-24 02:25:28,"Every morning at *The Pinnacle* (*{阝}*), the residents line up on the *East* (*{東}*) side for morning stretches and leisure."
1302,防,"ward off",0,2025-05-23 09:23:11,"A giant compass is *The Pinnacle*'s (*{阝}*) self-defense system. It points in the *direction* (*{方}*) of any invaders so the city is prepared well ahead to ward off the intruders."
1303,附,"affixed",0,2025-04-24 02:26:33,"A sign was affixed on *The Pinnacle* (*{阝}*) of the Acropolis so that tourists would *adhere* (*{付}*) to the rules."
1304,院,"Inst.",0,2025-04-24 02:27:00,"The #Institution# of *The Pinnacle* is *perfect* (*{完}*) in every way."
1305,陣,"camp",0,2025-04-24 02:27:25,"Paparazzi make camp outside of *The Pinnacle* (*{阝}*) in their *cars* (*{車}*), waiting for the celebs to come out."
1306,隊,"regiment",0,2025-06-10 09:13:03,"Every regiment of *The Pinnacle*'s (*{阝}*) army is led by a *Miss Piggy* (*{豕}*)  with a *horned* (䒑) viking helmet on."
1307,墜,"crash",0,2017-09-02 10:21:19,"One of the members of our air force *regiment* (*{隊}*) has been shot down; he managed to safely eject, but his plane crashed into the *soil* (*{土}*)."
1308,降,"descend",0,2024-11-08 15:46:50,"""Sunglasses-missing-one-lens"" is obviously the *monocle*.

The proper, high-class way to descend *The Pinnacle* (*{阝}*) is wearing a *monocle* (ヰ) with your *walking legs* (*{夂}*) splayed to a full gentlemanly stride."
1309,階,"story",0,2025-04-24 02:29:19,"*All* (*{皆}*) buildings of *The Pinnacle* are multi-#storey#. They don't have much room, so they have to build up. It sucks when someone presses *all* (*{皆}*) the buttons on the elevator! You have to stop at each #storey#!"
1310,陛,"highness",0,2025-04-24 02:30:34,"Your highness is the *pinnacle* (*{阝}*) of fineness *compared* (*{比}*) to all of us, who are but like *dirt* (*{土}*) on the ground."
1311,隣,"neighboring",0,2025-04-24 02:31:12,"All the neighbouring communities to *The Pinnacle* (*{阝}*) have a major problem. The kids at the Pinnacle have a habit of throwing down *rice* (*{米}*) from the city walls in all directions, so people in neighbouring communities are forced to wear *sunglasses* all the time in order to avoid getting rice in their eyes."
1312,隔,"isolate",0,2025-06-19 05:16:07,"*The Pinnacle* (*{阝}*), to me, is a city that makes itself out to be perfect but is filled with dirty secrets that photographers are always trying to reveal.

See *dissolve* (*{融}*):  The city's councilmen have isolated all professional photographers to make sure they don't photograph these ""dirty secrets"". (which are up to your imagination)"
1313,隠,"conceal",0,2025-07-01 14:55:48,"The wheat farmer's *heart* (*{心}*) is *calm* (*{穏}*) about the *eagle* not stealing his crops because of the *broom* scarecrow. But he still #conceal#s all his wheat at *The Pinnacle* (*{阝}*) in case anyone else tries to steal it."
1314,堕,"degenerate",0,2025-05-08 16:53:35,"Any attempt to *possess* (*{有}*) *The Pinnacle* (*{阝}*) will degenerate into a ground (""*soil*"" (*{土}*) ) war."
1315,陥,"collapse",0,2025-04-24 02:33:06,"*The Pinnacle*(*{阝}*) is actually *bound up* (*{勹}*) by supports from *olden times* (*{旧}*). Eventually, they give out, and the whole thing starts to collapse."
1316,穴,"hole",0,2020-09-26 17:22:43,"Billiards anyone? *House* (*{宀}*) rules here state that the first person to pot the *eight* (*{八}*) ball into the #hole# wins the game."
1317,空,"empty",0,2020-11-24 03:37:56,"The *craft* (*{工}*) of creating a black *hole* (*{穴}*) is in creating an #emptiness# which can attract things."
1318,控,"withdraw",0,2020-11-24 03:26:00,"With my *fingers* (*{扌}*), I punch in my bank code and withdraw some money from my account. And now it's *empty* (*{空}*) again, as usual!"
1319,突,"stab",0,2020-10-17 11:00:48,"When you stab something you often leave a *hole* (*{穴}*) that is *large* (*{大}*)."
1320,究,"research",0,2020-10-14 03:26:36,"most research scientists have *hole*s (*{穴}*) that number *nine* (*{九}*): two nostrils, two ears, a mouth, and four eyes...... :-)"
1321,窒,"plug up",0,2025-04-26 06:33:00,"If there's a big *hole* (*{穴}*) where the *climax* (*{至}*) - roof - of your room used to be, you'd better find something to #plug# it #up# real fast."
1322,窃,"stealth",0,2015-09-30 16:00:49,"This more commonly means ""steal"", like how a thief makes a *hole* (*{穴}*) with a *cut* (*{切}*) to steal the jewels."
1323,窪,"depression",0,2025-05-24 05:36:29,"A depression is a *hole* (*{穴}*) in the ground. *Water* (*{氵}*) naturally collects there which provides moisture for *ivy* (*{圭}*) to grow."
1324,搾,"squeeze",0,2025-04-24 02:37:05,"You have trouble squeezing your *fingers* (*{扌}*) through the *hole* (*{穴}*) so you use a *saw* (*{乍}*) to enlarge it."
1325,窯,"kiln",0,2025-04-24 02:38:08,"Be sure to put a *hole* (*{穴}*) in that ceramic *sheep* (*{羊}*) before you put it over the *burning flames* (*{灬}*). Otherwise, it'll just explode in the kiln."
1326,窮,"hard up",0,2025-04-24 16:14:26,"*Somebody* (*{身}*) so #hard up# for cash, they volunteered to explore a black *hole* (*{穴}*) with nothing but a *bow* (*{弓}*)."
1327,探,"grope",0,2020-10-14 03:28:05,"I don't know why, but this is a pictograph of someone groping about in the dark (with his *fingers* (*{扌}*), obviously) for his beloved wooden (*{木}*) paper *hole* (*{穴}*) punch."
1328,深,"deep",0,2020-11-18 18:52:51,"Made a *hole* (*{穴}*) (㓁) with a paper punch  in a *tree* (*{木}*), so deep that *water* (*{氵}*) started flowing out."
1329,丘,"hill",0,2012-07-22 02:13:12,"Excalibur is the sword planted in a rock. Lesser known  AXCAHILLBUR is the *axe* planted on top of a hill."
1330,岳,"Point",0,2025-04-24 16:16:21,"A point is an extra little *hill* (*{丘}*) at the top of a *mountain* (*{山}*). We'll call it 'Fireman's Point'."
1331,兵,"soldier",0,2025-04-24 16:17:12,"Listen up soldiers! We're going to take that *hill* (*{丘}*). You are no longer men with human legs. You are voracious animals, with *animal legs*! Got it? *Animal legs*! Now take that hill!"
1332,浜,"seacoast",0,2020-08-08 03:27:32,"Seacoast -> Coast Guard -> ""*water (*{氵}*) ""soldiers"" (*{兵}*)"" lined up on the seacoast defending our shores."
1333,糸,"thread",0,2012-07-08 05:38:48,"Thread or Spiderman."
1334,織,"weave",0,2025-04-24 16:18:41,"The *thread* (*{糸}*) will weave itself magically when you play the *kazoo* (*{職}*)."
1335,繕,"darning",0,2025-03-19 17:21:58,"The peasant saw his bride darning her socks *threads* (*{糸}*) and he knew she'd be a *virtuous* (*{善}*) wife."
1336,縮,"shrink",0,2025-04-24 16:19:57,"Don't let your *threads* (*{糸}*) be washed by the *inn* (*{宿}*) - they will shrink them!"
1337,繁,"luxuriant",0,2015-06-07 12:08:54,"Important: Luxuriant does NOT mean luxurious, as the other stories indicate.  Definition: abundant or lush in growth, as vegetation.  When *Venom* realized he couldn't beat *Spider-Man* in a fair fight, he showed his *cleverness* (*{敏}*) by spraying venom all over Spider-Man's luxuriant garden."
1338,縦,"vertical",0,2025-04-24 16:21:00,"True vertical can be found by hanging a plumb line - a *thread* (*{糸}*) *accompanied*  (*{従}*) by a weight."
1339,線,"line",0,2025-04-24 16:21:53,"Japan's train lines are like *threads* (*{糸}*) that *spring* (*{泉}*) from Tokyo station.

This kanji is used for train lines."
1340,締,"tighten",0,2020-09-19 17:49:13,"The *sovereign* (*{帝}*) appears to be ruling, but in reality someone behind him (for instance his wife) has a *thread* (*{糸}*) around his throat, and if he dares to make a decision she doesn't like, she starts pulling the *thread* and tightens it around his throat."
1341,維,"fiber",0,2025-04-24 16:22:48,"Little *threads* (*{糸}*) or fibers are what *turkeys* (*{隹}*) build their nests out of."
1342,羅,"gauze",0,2025-04-24 16:23:25,"lots of girls in Japan wear gauze patches over one *eye* made of  white *fibre* (*{維}*).  They think it is cute, and I must admit, I have come to think so too."
1343,練,"practice",0,2025-03-14 16:38:29,"The *thread* (*{糸}*)  that bound them together was the practice of *eastern* (*{東}*) martial arts."
1344,緒,"thong",0,2025-04-24 16:23:59,"A thong is no more than a *thread* (*{糸}*) used by *someone* (*{者}*) as underwear!"
1345,続,"continue",0,2025-04-26 06:34:46,"Your *thread* (*{糸}*) had better *sell* (*{売}*) if you want to continue to be a haberdasher."
1346,絵,"picture",0,2022-12-20 16:32:40,"There's never a picture of *Spiderman* (*{糸}*) and Peter Parker *meeting* (*{会}*) ... I wonder why?"
1347,統,"overall",0,2025-04-24 16:53:15,"According to Greek mythology, there's a *thread* (*{糸}*) *alloted* (*{充}*) to everyone, and its length is the overall determinant of your fate."
1348,絞,"strangle",0,2025-04-24 16:53:48,"You might get strangled by a *thread* (*{糸}*) if you *mingle* (*{交}*) with bad people"
1349,給,"salary",0,2025-04-24 16:54:23,"The quality of the *threads* (*{糸}*) one wears generally *fits* (*{合}*) with one's salary."
1350,絡,"entwine",0,2025-04-24 16:54:56,"When *threads* (*{糸}*) become entwined, *each* (*{各}*) *thread* is entangled."
1351,結,"tie",0,2025-03-23 17:11:00,"Some people tie a *thread* (*{糸}*) around their wrist for *good luck* (*{吉}*)."
1352,終,"end",0,2025-03-05 16:29:10,"Better wear your *threads* (*{糸}*) in the *winter* (*{冬}*) if you don't want to meet your end!"
1353,級,"class",0,2025-04-27 10:20:20,"Each class you pass you go up in rank, you *reach out* (*{及}*) your hand  and have a *thread* (*{糸}*) tied around your wrist to denote your skill level."
1354,紀,"chronicle",0,2025-04-26 05:59:51,"In a chronicle the *thread* (*{糸}*) of the story can twist and turn like a *snake* (*{己}*)."
1355,紅,"crimson",0,2025-04-28 05:14:55,"The finest *thread* (*{糸}*) this artisan *crafted* (*{工}*) was so fine  that it had to be tinted in the deepest crimson otherwise you wouldn't see it."
1356,納,"settlement",0,2025-03-27 10:57:30,"A *thread* (*{糸}*) ran through the *inside* (*{内}*) of the old Chinese coins he got in his settlement. (The coins had a hole in the middle.)"
1357,紡,"spinning",0,2025-04-26 06:00:46,"When spinning, a *thread* (*{糸}*) will follow one *direction* (*{方}*)."
1358,紛,"distract",0,2025-04-26 06:02:09,"It is easy for arguments to get distracted from the main *thread* (*{糸}*) by a tendency to *part* (*{分}*) threads (splitting hairs)."
1359,紹,"introduce",0,2025-04-26 06:02:50,"The first *thread* (*{糸}*) of a *seduction* (*{召}*) is an #introduction#."
1360,経,"sutra",0,2023-02-18 15:16:37,"The word ‘#sutra#’ literally means a rope or thread that holds things together.  Here we see that the *threads* (*{糸}*) are held together by a *spool* (*{圣}*)."
1361,紳,"sire",0,2025-04-27 10:23:18,"When conversing with a sire (noble person), you should always allow them to set the *thread* (*{糸}*) of the conversation and use proper words like ""*speaketh*"" (*{申}*)."
1362,約,"promise",0,2025-04-27 10:24:28,"A promise is as fragile as a *thread* (*{糸}*) and if broken, it can fill a *ladle* (*{勺}*) with tears."
1363,細,"dainty",0,2025-04-26 06:03:32,"Dainty women would always rather work with *thread* (*{糸}*) than in a *rice field* (*{田}*)."
1364,累,"accumulate",0,2024-12-14 13:41:38,"The *threads* (*{糸}*) under the *rice paddy* (*{田}*) are a drainage system preventing water from #accumulating#."
1365,索,"cord",0,2025-04-27 13:04:00,"A coaxial cord has a *needle* (*{十}*)-like pin, a *crown* (*{冖}*) cap for screwing it in, and insulation made of *thread* (*{糸}*)."
1366,総,"general",0,2025-04-27 10:24:58,"To win general approval, *thread* (*{糸}*) your way into the *public*'s (*{公}*) *heart* (*{心}*)."
1367,綿,"cotton",0,2025-03-07 02:01:01,"Cotton is the preferred *thread*(*{糸}*) for making *white* (*{白}*) *towels* (*{巾}*)."
1368,絹,"silk",0,2025-03-12 18:09:12,"Silk is the *thread* (*{糸}*) (not the insect) that makes you open your *mouth* (*{口}*) saying ""aaahh"" as it glides lightly across your *flesh* (*{月}*). It is made by a *small worm* (*{肙}*).

Don't confuse with (*{蚕}*)."
1369,繰,"winding",0,2025-04-26 06:05:49,"Winding *thread* (*{糸}*) around the *furniture* (*{喿}*) will stop anyone from moving it around."
1370,継,"inherit",0,2020-11-23 05:21:13,"*Spider-Man* (*{糸}*) is *hooked* (*{乚}*) on *rice* (*{米}*) -- it's all he inherited from his Uncle Ben."
1371,緑,"green",0,2025-05-07 07:46:26,"*Spiderman's* (*{糸}*) nemesis the Green Goblin is in a slump; He's  replaced his glider with a *broom* (*{彐}*) and is throwing *grains of rice* (*{氺}*)."
1372,縁,"affinity",0,2025-04-26 06:06:48,"There is an affinity between the *thread* (*{糸}*) of a *broom* (*{彐}*) and a *sow*'s (*{豕}*) hair."
1373,網,"netting",0,2025-06-11 15:05:39,"*Spiderman* traps The Rhino under the *hood* of his famous netting, where even Rhino's *horns* can not break free, in fact if the netting did not dissappear after a few hours then Rhino might even *perish* in there.

(see (*{罔}*)"
1374,緊,"tense",0,2012-07-22 02:32:00,"You'd be tense too if you were a *slave* and your owner removed the *threads* covering your *crotch*."
1375,紫,"purple",0,2025-04-26 06:09:17,"He liked to *stop* (*{止}*) and *sit* (*{匕}*) and look at the purple clouds, like *threads* (*{糸}*) on the horizon."
1376,縛,"truss",0,2025-08-21 16:41:58,"Because people are so afraid of the procedure, *string* (*{糸}*) has to be used by the *acunpunturist*  to truss up his victims, er, patients. (Same as *Dr.* (*{博}*), but with (*{糸}*) instead of (*{十}*) )"
1377,縄,"straw rope",0,2025-08-21 16:42:19,"The tortoise has escaped! We tied it up with a straw rope, but all that's left of the rope are some torn *threads*, and the *unbound tortoise* is nowhere to be found. (Note that the right half here is not ""eels"". This is (in my opinion) a mistake in the RTK book, as we already decided in (*{滝}*) to refer to the simplified form of dragon as ""eels"". It is much better to call the right half of this character an ""unbound tortoise"".)"
1378,幼,"infancy",0,2020-12-21 17:03:17,"In its infancy, a butterfly is protected by a *cocoon* (*{幺}*), as it doesn't yet have any *power* (*{力}*) of its own."
1379,後,"behind",0,2025-04-27 17:46:54,"after a grub *goes* (*{彳}*) through the *cocoon* (*{幺}*) stage, it leaves its *walking legs* (*{夂}*) behind for a life of flight."
1380,幽,"faint",0,2025-04-27 17:47:28,"The villagers haven't the #faint#est idea that giant *coccoons* (*{幺}*) nestling in the *mountain* (*{山}*) are soon to hatch."
1381,幾,"how many",0,2025-04-27 17:48:23,"At the Mexican *fiesta* (*{戈}*), there is a *coccoon* (*{幺}*) eating competition.  How many *coccoons* (*{幺}*) can one *person* (*{人}*) eat?  No one has managed more than two before giving up..."
1382,機,"mechanism",0,2025-04-27 17:48:51,"An abacus is a mechanism made of *wood* (*{木}*) used to calculate *how many* (*{幾}*) 'anythings'."
1383,玄,"mysterious",0,2025-04-27 17:50:28,"What could be more mysterious than a *cocoon* (*{幺}*) in a *top hat* (*{亠}*) trying to sneak in...? (Pimitive: *GANDALF*)."
1384,畜,"livestock",0,2025-04-27 17:51:02,"This *mysterious* (*{玄}*) *rice field* (*{田}*) grows not only rice, but livestock too!"
1385,蓄,"amass",0,2025-04-27 17:51:39,"One sneaky farmer wanted to amass a large collection of *livestock* (*{畜}*).  We all know that cows like to eat *flowers* (*{艹}*), so he planted lines of flowers leading to his own fields.  The livestock followed the lines, eating the flowers one by one, and amassed in his field."
1386,弦,"bowstring",0,2025-04-27 17:52:12,"A magic *bow* (*{弓}*) that only *Gandalf* (*{玄}*) can wield: there is no bowstring on it, and he uses his magic to fire arrows."
1387,擁,"hug",0,2025-04-27 17:53:03,"A *mysterious* (*{玄}*) *turkey* (*{隹}*) with human *fingers* (*{扌}*) wants to hug me... I will never go to Tokyo Disneyland again!"
1388,滋,"nourishing",0,2025-04-27 17:54:01,"*Water* (*{氵}*) is doubly *mysterious* (*{玄}*).  It's in all our nourishment...and yet, it's really not nourishing at all."
1389,慈,"mercy",0,2025-04-27 17:54:42,"Mercy comes from the doubly *mysterious* (*{玄}*) *heart* (*{心}*) of God."
1390,磁,"magnet",0,2025-04-27 17:55:16,"A magnet is a *stone* (*{石}*) with two sides; one that *mysteriously* (*{玄}*) pushes and one that pulls; doubly mysterious."
1391,系,"lineage",0,2025-04-27 17:56:02,"A *drop* (*{丶}*) of looong spiraled *thread* (*{糸}*) that is the key to your #lineage#. Primitive: *DNA*."
1392,係,"person in charge",0,2025-04-27 17:56:15,"*Mr. T* (*{亻}*) gets a *DNA* (*{系}*) test, and discovers that he was meant to be the person in charge after all."
1393,孫,"grandchild",0,2025-04-27 17:57:00,"Your #grandchild# is the *child* (*{子}*) of your *lineage* (*{系}*)."
1394,懸,"suspend",0,2025-04-27 17:57:32,"The *prefecture* (*{県}*) has #suspend#ed all *DNA* (*{系}*) research for *heart* (*{心}*) disease because of corruption. All involved will be tried (*{系}*) by their wrists and suspended."
1395,却,"instead",0,2025-04-07 00:42:03,"*Gone* (*{去}*) is the time for *stamps* (*{卩}*) - use e-mail #instead#."
1396,脚,"shins",0,2025-04-27 17:58:06,"shins are the *part of the body* (*{月}*) that Japanese traditionally sit on *instead* (*{却}*) of their backsides."
1397,卸,"wholesale",0,2025-04-27 17:59:09,"Selling wholesale HORSES over the internet had to be STOPPED because the cost of *stamps* (*{卩}*) was too much"
1398,御,"honorable",0,2025-04-27 17:59:53,"An #honourable# man will not try to cut in front of the *line* at the *wholesale* (*{卸}*) stamp store. (Imagine just how much honour it takes facing those long lines at the post office!)"
1399,服,"clothing",0,2012-07-28 16:36:05,"It's customary to cover the *flesh* with clothing, but some designs are so outrageous they're no bigger than a *stamp* that just covers your *crotch*."
1400,命,"fate",0,2025-04-29 01:47:20,"When you're born, your fate is measured, *fitted* (*{合}*), and *stamped* (*{卩}*) onto your soul. Good luck defying it."
1401,令,"orders",0,2025-04-29 01:49:25,"(re: dingomick) ""These are your orders,"" declares the general while passing out documents at the *meeting* (*{亼}*). As everyone started to leave, the general exclaims ""Oh wait! I need to certify these orders!"" and went around stamping each paper with his personal *chop-seal* (ㄗ)."
1402,零,"zero",0,2024-09-08 02:42:45,"Zero is the number of people who can give *orders* (*{令}*) to the *rain* (*{雨}*)."
1403,齢,"age",0,2021-03-15 06:06:27,"You know you are fast approaching a ripe old age when new *teeth* (*{歯}*) are what the dentist *orders* (*{令}*)."
1404,冷,"cool",0,2025-04-29 01:50:29,"To keep cool, *ice* (*{冫}*) is what you should *order* (*{令}*)."
1405,領,"jurisdiction",0,2025-04-29 01:51:22,"*Orders* (*{令}*) are given by the *head* (*{頁}*) person in any jurisdiction."
1406,鈴,"small bell",0,2020-11-29 18:13:23,"Some restaurants have a small *gold* (*{金}*) bell to call someone to take customers' *orders* (*{令}*)."
1407,勇,"courage",0,2025-04-30 03:15:55,"The initiation rite in question is actually a reverse elbow chop to the *brain* (*{田}*), and you receive the *chop seal* (マ) if you have the *power* (*{力}*) to withstand it."
1408,通,"traffic",0,2025-02-28 16:09:47,"I bounce down the *road* (*{辶}*) on my *pogo stick* (*{甬}*), easily getting through the dense traffic."
1409,踊,"jump",0,2025-04-29 01:53:46,"The winner of the long jump competition was disqualified when they found he used a *pogo stick* (*{甬}*) tied to his *leg* (*{足}*)  to jump further."
1410,疑,"doubt",0,2012-07-25 16:48:40,"You come at the zoo entrance.  `Here sir, a spoon to feed the animals.`  cool `and a dart(gun) in case stuff go wrong` ....` please chop-seal (sign) here for in case of accidents the zoo is not responsible.`  `lion feeding time is. bla bla`    You are having serious doubts about if you still want to go into this zoo."
1411,擬,"mimic",0,2025-08-21 16:42:47,"I *doubt* (*{疑}*) that using my *fingers* (*{扌}*) to mimic rock stars on Guitar Hero will actually make me a good guitarist"
1412,凝,"congeal",0,2025-05-01 10:58:35,"I put jelly in the *ice* (*{冫}*) box because I *doubt* (*{疑}*) that it would congeal sitting on the counter."
1413,範,"pattern",0,2025-04-29 01:55:25,"this pattern made of *bamboo* (*{竹}*) (⺮) is for a new model of *car* (*{車}*) designed to leave as small an ecological *fingerprint* (㔾) as possible."
1414,犯,"crime",0,2025-03-16 14:15:39,"Crimes can often be solved using *a pack of dogs* (*{犭}*) and *fingerprints* (㔾)."
1415,厄,"unlucky",0,2025-02-21 03:31:01,"Seeing some *finger prints* (㔾) at the edge of a *cliff* (*{厂}*), I wondered who that unlucky person was."
1416,危,"dangerous",0,2025-02-21 03:30:12,"You're *bound up* (*{勹}*) by ropes to an *unlucky* (*{厄}*) person. It's dangerous, because whatever happens to him will happen to you too."
1417,宛,"address",0,2025-04-29 01:58:59,"Your address should be displayed on your *house* (*{宀}*) and *mailbox* (*{夗}*)."
1418,腕,"arm",0,2021-12-08 16:26:53,"Like in Memento, on the *flesh* (*{月}*)  of my #arm# I tattoo my *address* (*{宛}*), so I don't forget it."
1419,苑,"garden",0,2025-05-06 17:12:30,"Japanese ""gardens"" aren't anything more than a pot of *flowers* (*{艹}*) on top of the *mailbox* (*{夗}*)."
1420,怨,"grudge",0,2025-05-28 14:36:34,"I couldn't drop my #grudge# against him. So I put a severed *heart* (*{心}*) under his *mailbox* (*{夗}*). He got the message."
1421,柳,"willow",0,2012-07-22 14:37:26,"Having decided to use SIGN OF THE HARE rather than RECEIPT and STAMP my mnemonic goes as follows:
The WILLOW is the TREE that droops likes a HARE's ears."
1422,卵,"egg",0,2012-07-22 14:37:38,"The *Easter Bunny* dropped an #egg# on my desk and got yolk all over my *receipts* and *stamps*."
1423,留,"detain",0,2025-02-28 16:56:26,"Got a *receipt* for that *dagger* (*{刀}*), son? If not, we're going to #detain# you and send you to work in the *rice fields* (*{田}*)."
1424,貿,"trade",0,2021-03-15 06:10:26,"There's a buyback program where you can trade in your *sword* (*{刀}*) for *money* (*{貝}*). But it's quite ineffective, since only registered dagger-owners with the *original receipts* can participate, and not criminals with illegally-purchased daggers."
1425,印,"stamp",0,2025-04-29 02:05:39,"A stamp for the 印velope of course!"
1426,興,"entertain",0,2025-04-30 02:45:31,"To me, this looks like a pictograph of a road leading to the big city (see the buildings?) where there are plenty of places to be entertained.  Unfortunately in this city, every store is the *same: staples*.  *What* (*{何}*) *tools* (*{具}*)!"
1427,酉,"sign of the bird",0,2012-07-22 14:39:12,"The sign of the bird on this whiskey bottle is of course the Famous Grouse blended Scotch."
1428,酒,"sake",0,2025-04-30 02:47:46,"Sake is just watered down *whisky* (*{酉}*)."
1429,酌,"bartending",0,2025-04-30 02:48:19,"At the local pub, their bartending practices are unusual. They serve the *whiskey* (*{酉}*) by pouring it from a *ladle* (*{旬}*), like one would from the punch bowl."
1430,酵,"fermentation",0,2025-04-30 02:48:48,"The secrets of *whiskey* (*{酉}*) fermentation are passed to the son who displays the most *filial piety* (*{孝}*)."
1431,酷,"cruel",0,2022-09-14 05:56:01,"Offering *whiskey* (*{酉}*) to people to encourage them to make a *revelation* (*{告}*) is cruel."
1432,酬,"repay",0,2016-11-14 17:26:34,"Imagine a different kind of tax refund - instead of money, *whiskey* (*{酉}*) is what the *state* (*{州}*) uses to repay you."
1433,酪,"dairy products",0,2025-04-30 02:49:39,"To stay healthy, Dr. Phil told me to have some dairy products with *each* (*{各}*) bottle of *whiskey* I drink..."
1434,酢,"vinegar",0,2025-04-30 02:50:25,"Drinking *whiskey* (*{酉}*) that's turned to vinegar feels like a *saw* (*{乍}*) going down your throat."
1435,酔,"drunk",0,2025-04-18 16:08:01,"God you're #drunk#! How many *whiskeys* (*{酉}*) did you have? *9* (*{九}*)? *10* (*{十}*)?"
1436,配,"distribute",0,2025-04-30 02:50:51,"To distribute *whiskey* (*{酉}*) during Prohibition you had to be as sneaky as a *snake* (*{己}*)."
1437,酸,"acid",0,2025-04-30 02:56:54,"While drinking *whiskey* (*{酉}*) I *dawdled* (*{夋}*) eastwards, but it had gone off and turned to acid."
1438,猶,"waver",0,2025-04-30 02:59:15,"The waver for this kanji means to hesitate.   I wavered before going into the bar with a bunch of *wild dogs* (*{犭}*) drinking *Devil's whiskey* (*{酋}*) straight out of the bottle."
1439,尊,"revered",0,2025-04-30 02:59:50,"I drank the *Devil Whiskey* (*{酋}*) and was revered by all. Too bad it tasted like *glue* (*{寸}*)."
1440,豆,"beans",0,2025-04-30 03:01:00,"If I eat beans, after *one* (*{一}*) *mouth*full (*{口}*) I break wind like some kind of *horned animal* (䒑)."
1441,頭,"head",0,2025-04-30 03:01:33,"*Mr. Bean* (*{豆}*) has a funny #*head*# (*{頁}*)."
1442,短,"short",0,2025-02-28 16:04:42,"*Darts* (*{矢}*) is a game which *Mr. Bean* (*{豆}*) plays very badly because he is so short."
1443,豊,"bountiful",0,2025-04-30 03:22:45,"*Mr. Bean* (*{豆}*) trying to *bend* (*{曲}*) a Bountiful Bounty chocolate bar."
1444,鼓,"drum",0,2025-04-30 03:02:47,"*Mr. Bean* (*{豆}*) tries to play drums with *10* (*{十}*) different *branches* (*{支}*) he found on the ground."
1445,喜,"rejoice",0,2025-04-30 03:03:19,"*Ten*  (*{十}*) *beans* (*{豆}*) in my *mouth* (*{口}*)!  I was starving so this small meal is enough for me to rejoice!"
1446,樹,"timber-trees",0,2025-08-21 16:43:10,"The hippies object to *trees* (*{木}*) being cut down for timber.  They are beating their *drumheads* (*{壴}*) and have *glued* (*{寸}*) themselves to the timber-trees. (Note: (*{尌}*))."
1447,皿,"dish",0,2012-07-22 14:54:48,"three dishes stacked side-by-side in a dishwasher"
1448,血,"blood",0,2025-04-30 03:05:21,"You cut yourself washing a *dish* (*{皿}*): *drop* (*{丶}*) of blood."
1449,盆,"basin",0,2025-04-30 03:05:41,"The *part* (*{分}*) of the kitchen sink in which you wash *dishes* (*{皿}*)  is the basin."
1450,盟,"alliance",0,2025-04-30 03:06:34,"(re: Raichu) An undercover alliance between Japan (the *sun* (*{日}*) on its flag) and Turkey (the *moon* (*{月}*) on its flag)  detected by a surveillance satellite *dish* (*{皿}*)."
1451,盗,"steal",0,2019-08-21 03:50:57,"you are so poor you don't know where your *next* (*{次}*) *dish* (*{皿}*) will come from all you know is that you will have to steal it."
1452,温,"warm",0,2025-04-30 15:24:10,"If you leave *water* (*{氵}*) out in the *sun* (*{日}*) in a *dish* (*{皿}*), naturally it will get *warm*."
1453,監,"oversee",0,2025-04-30 15:26:18,"The *retainer* (*{臣}*) whose duty it was to oversee preparation of the master's *dishes* (*{皿}*) bowed to the floor (*{一}*) when he brought them in."
1454,濫,"overflow",0,2025-04-30 15:26:52,"Whose job is it to *oversee* (*{監}*) the *water* (*{氵}*) level on the dam?  It's overflowing!"
1455,鑑,"specimen",0,2025-04-30 15:28:00,"A rare *gold* (*{金}*) specimen requires *overseeing* (*{監}*) at all times."
1456,猛,"fierce",0,2025-04-30 15:29:17,"The fierce *wild dog* (*{犭}*) attacked the *child* (*{子}*) who came near his feeding *dish* (*{皿}*)."
1457,盛,"boom",0,2025-04-03 10:57:31,"The boom of satellite TV has made antennas *turn into* (*{成}*) *dishes* (*{頭}*)."
1458,塩,"salt",0,2025-05-07 07:59:17,"in the old days, salt was a worth a lot, so it is not surprising to find someone *reclining* on the *ground*, *mouth* (*{十}*) to *plate* (*{皿}*), getting every last grain of that delicious salt."
1459,銀,"silver",0,2025-04-30 15:31:02,"Like *gold* (*{金}*), *bright-silver* (*{艮}*) is a *metal* (silver)."
1460,恨,"resentment",0,2025-04-30 15:31:14,"The athlete's *state of mind* is nothing but resentment after getting the *silver* (*{艮}*) medal."
1461,根,"root",0,2025-04-09 07:40:55,"Since trees eat through their roots, one could imagine roots as *tree* (*{木}*) *silver*ware (*{艮}*)."
1462,即,"instant",0,2022-08-14 08:06:35,"he scratches off the *bright-silver* (*{艮}*) *postage stamp* (*{卩}*) and discovers that he is an instant winner"
1463,爵,"baron",0,2012-07-23 17:11:49,"A *vulture* stole the #baron#'s *eye* in the war, but now he has a *bright-silver* coin *glued* in the socket instead."
1464,節,"node",0,2025-05-03 05:57:15,"Counting the nodes on *bamboo* (⺮) is an *instant* (*{即}*) way to tell how old it is."
1465,退,"retreat",0,2025-03-10 14:01:47,"You see a huge army of people in silver armour on the *road* (*{辶}*) so you retreat"
1466,限,"limit",0,2025-05-30 16:45:37,"The speed #limit# at *The Pinnacle* (*{阝}*) is posted on *silver* (*{艮}*) signs."
1467,眼,"eyeball",0,2023-06-15 09:38:40,"T-1000.
http://clicknothing.typepad.com/Images_Posts_2006/T1000.jpg
Parts: *eye* (*{目}*) and *bright-silver* (*{艮}*)."
1468,良,"good",0,2025-04-30 15:32:49,"with a *drop* of *silver* (*{艮}*), the forces of good can vanquish werewolves."
1469,朗,"melodious",0,2025-08-21 16:43:32,"Many very *good* (*{良}*) composers (like Ludwig van Beethoven) have been inspire by the *moon* (*{月}*) to write something melodious."
1470,浪,"wandering",0,2020-10-27 13:02:31,"*Water* (*{氵}*) is a *good* (*{良}*) thing to have when you're out wandering."
1471,娘,"daughter",0,2025-02-26 14:02:43,"your daughter is a *girl* (*{女}*) that is *good* (*{良}*) ......well, let's hope so... :-)"
1472,食,"eat",0,2025-04-30 15:41:44,"That *umbrella* looks *good* (*{良}*) enough to eat!"
1473,飯,"meal",0,2025-04-12 08:40:10,"*Eat* (*{飠}*) a real meal: I am *anti* (*{反}*) fast-food."
1474,飲,"drink",1,2025-04-30 15:54:04,"If something to *eat* (*{飠}*) is what you *lack* (*{欠}*), drink something to keep you going."
1475,飢,"hungry",0,2025-04-12 08:34:40,"The smell of something to *eat* (*{飠}*) wafts past you in the *wind* (*{几}*), making your stomach rumble and you feel hungry."
1476,餓,"starve",0,2025-04-30 15:54:21,"All those models who starve in Hollywood - they want to *eat* (*{飠}*), but their *ego* (*{我}*) won't let them!"
1477,飾,"decorate",0,2025-05-01 10:41:49,"[decorate; ornament; adorn; embellish]

 We #decorate# a table before we *eat* (*{飠}*), *reclining* a *towel* (*{巾}*) over it."
1478,館,"Bldg.",0,2025-04-30 15:55:32,"*Eat* (*{飠}*) in this #building# you say to the *bureaucrat* (*{官}*)."
1479,養,"foster",0,2020-09-18 03:34:58,"You foster (""promote the growth of"") your *sheep* (*{羊}*) so you can  *eat* (*{食}*) them."
1480,飽,"sated",0,2025-04-30 15:56:04,"I *eat* (*{飠}*) until I am sated, then I *wrap up* (*{包}*) whatever is left in a doggy bag."
1481,既,"previously",0,2022-08-25 15:14:22,"previously, we left some *silver* (*{艮}*) on the table for the *waitress* (*{旡}*)."
1482,概,"outline",0,2025-05-03 05:39:21,"A murder has been committed. A corpse was found under a *tree* (*{木}*). The police chalks the outline of the victim, a *silvered-haired* (*{艮}*) *waitress* (*{旡}*), *previously* (*{既}*) working at a restaurant nearby."
1483,慨,"rue",0,2025-05-01 10:45:46,"To rue something is to let your *state of mind* (*{忄}*) be ruled by whatever *previously* (*{既}*) happened."
1484,平,"even",0,2012-07-23 17:59:34,"Even if Heisig showed me in person, I still wouldn't believe that this is a *water lily*. I don't get it."
1485,呼,"call",0,2025-05-02 11:25:34,"If someone opens their *mouth* (*{口}*) and calls you, acknowledge them; that makes you *even* (*{平}*)."
1486,坪,"two-mat area",0,2025-05-02 11:28:13,"Place the two mats on the *ground* (*{土}*) *even*ly (*{平}*) to get a two-mat area"
1487,評,"evaluate",0,2025-05-01 10:47:40,"Good #evaluation# should always be *words* (*{言}*) of *even* (*{平}*) fairness."
1488,刈,"reap",0,2024-06-14 17:05:12,"*X* marks the spot where you sweep your *sabre* (*{刂}*) to reap the harvest."
1489,希,"hope",0,2025-08-21 16:43:54,"Wolverine (sheaf, see (*{刈}*)) hopes they invent linen sheets that he won't keep shredding in his sleep."
1490,凶,"villain",0,2025-08-21 16:44:17,"Wolverine (sheaf, see (*{刈}*)) takes out a villain who can't be cut by smacking him with a *shovel* (*{凵}*)."
1491,胸,"bosom",0,2025-05-01 10:49:31,"Bosom is a *flesh* part that should be *bound up* (*{勹}*) lest it provoke villain (*{凶}*) thoughts."
1492,離,"detach",0,2025-05-01 10:50:41,"I've finally met my arch-rival, the evilest of all *villains*. Finally, I'm about to fight him. But what's this? He's suspiciously quiet. I move to attack him, and his right arm falls off at the *elbow*. Strange. I walk up to him and detach his left arm. Very strange. I undo his *belt*, and take off his *top hat*... BLAST! It was just a decoy *turkey*!"
1493,殺,"kill",0,2025-08-21 16:44:41,"Wolverine (sheaf, see (*{刈}*)) leaps over a *tree* (*{木}*) and with one swipe of his claws kills a bad guy aiming a *missile* (*{殳}*) launcher."
1494,純,"genuine",0,2025-04-29 16:11:33,"Only the best pure genuine *thread* (*{糸}*) is used to make tents at the *barracks* (*{屯}*)."
1495,鈍,"dull",0,2025-05-01 10:53:24,"The *metal* (*{金}*) *barracks* (*{屯}*) on base  are a pretty dull place, that's why we go to Roppongi every chance we get!"
1496,辛,"spicy",0,2020-10-27 19:13:49,"Eating spicy food makes you *stand up* (*{立}*) *ten* (*{十}*) times faster than usual, 'cause you just need to get something to drink!"
1497,辞,"resign",0,2025-03-01 18:04:35,"This guy's job is tasting the *spicy* (*{辛}*) curry at the local Indian Food Factory. He has to resign from his job before his *tongue* (*{舌}*) is rendered completely useless after all the spicy food that he has to try all day long..."
1498,梓,"catalpa",0,2012-07-23 18:05:36,"The CATALPA is the tree that bears the SPICY Indian bean (NOTE - The Catalpa is also known as the ""Indian Bean"" due to the bean pods that grow from it)."
1499,宰,"superintend",0,2025-05-01 10:54:59,"Superintendant Chalmers is dining at Principal Skinner's *house* (*{宀}*). He takes a bite of his meal which is unbelievably *spicy* (*{辛}*). His wig pops off and he yells out: ""SKINNERRR!"""
1500,壁,"wall",0,2025-04-28 16:25:06,"Did anyone else used to put *ketchup* (*{辟}*) packets on the *soil* (*{土}*) and jump on them so they spattered on the wall?"
1501,避,"evade",0,2025-04-28 16:25:47,"You can try and evade them, but they'll ""ketchup"" (*{辟}*) with you on the *road* (*{辶}*) ..."
1502,新,"new",0,2025-05-03 08:02:54,"Here we have the woodcutter *standing* (*{立}*) atop a *tree* (*{木}*) waving his brand new *axe* (*{斤}*). ""Look what I got for Christmas, yippee!"""
1503,薪,"firewood",0,2025-05-03 08:03:35,"If your firewood still has *flowers* (*{艹}*) on it, it is *new* (*{新}*) and is unsuitable for burning. You need drier wood."
1504,親,"parent",0,2025-03-13 14:50:15,"I remember this one the way the Japanese do: a parent *standing* (*{立}*) on top of a *tree* (*{木}*) *watching* (*{見}*) what his or her kid is doing."
1505,幸,"happiness",0,2022-11-24 17:02:31,"#Happiness# is the *one* (*{一}*) bite of *spicy* (*{辛}*) curry."
1506,執,"tenacious",0,2015-09-11 17:40:31,"If you are tenacious about finding *happiness* (*{幸}*), you will become well *round*ed (*{丸}*)"
1507,報,"report",0,2025-08-21 16:45:14,"Recall the fashion model wearing just a *stamp* (*{卩}*) over his *crotch* (*{服}*). When he got *happy* (*{幸}*), of course, it ended up in the news report."
1508,叫,"shout",0,2025-05-05 17:38:34,"There was a man in a village who had a special gift: whenever he shouted and screamed, his *mouth* (*{口}*)  became a *cornucopia* (*{丩}*), overflowing with fruits and food of all sorts."
1509,糾,"twist",0,2025-05-03 08:06:32,"Stories full of twists are difficult to write, because of the *cornucopia* (*{丩}*) of  *threads* (*{糸}*) the author has to manage."
1510,収,"income",0,2021-02-16 03:29:16,"Women love men with money. If you have a high income you can  get a *cornucopia* (*{丩}*) of crotches"
1511,卑,"lowly",0,2025-03-18 18:10:39,"A lowly single rice grain, *dropped* (*{丶}*) in an empty *rice field* (*{田}*), can produce a *cornucopia* (*{丩}*) of food"
1512,碑,"tombstone",0,2025-05-06 17:06:46,"A simple *stone* (*{石}*) is a *lowly* (*{卑}*) tombstone."
1513,陸,"land",0,2025-05-03 08:08:39,"The land around *The Pinnacle* (*{阝}*) has *mushrooms* (*{圥}*) covering the *soil* (*{土}*).  

(圥 is the rare kanji for a *mushroom* (*{茸}*). Sticking out of the *soil* (*{土}*) like little knobbly *legs*, it's pretty easy to remember)."
1514,睦,"intimate",0,2025-05-03 08:09:26,"I keep an intimate relationship with my *rice seedlings* (*{圥}*) -- I never take my *eye* (*{目}*) from the *soil* (*{土}*)."
1515,勢,"forces",0,2025-05-03 08:10:28,"The *rice-seedlings* (*{圥}*) still stuck in the *soil* (*{土}*) gather *round* (*{丸}*) in a circle.  Their combined *power* (*{力}*) forces them out of the ground at last."
1516,熱,"heat",0,2025-05-03 08:10:51,"The *rice-seedlings* (*{圥}*)  (newly freed from the ground but with *soil* (*{土}*) still clinging to their roots) gather in a circle *round* (*{丸}*) an *oven fire* (*{灬}*).  They need to heat up prior to their journey (presumably plants can't walk if they're too cold?)"
1517,菱,"diamond",0,2025-05-03 08:11:43,"Some girls want diamonds, but others will be satisfied with just *flowers* (*{艹}*). However if you think you can win her over with *rice seedlings* (*{圥}*), expect her to get up on her *walking legs* (*{夂}*) and walk on out!"
1518,陵,"mausoleum",0,2025-05-03 08:12:55,"However, the *pinnacle* (*{阝}*) that the *rice-seedlings* (*{圥}*) finally reach with the use of their *walking legs* (*{夂}*) turns out not to be the Promised Land after all, but simply a mausoleum (containing many dead rice-seedlings exhausted from previous quests?).  Oh no!"
1519,亥,"sign of the hog",0,2020-10-25 12:06:39,"For those of you who have read the book ""Animal Farm"".  A sure sign that the leading hog has been corrupted is that he's starts wearing *top hats* (*{亠}*), contributes very little *elbow* grease and is acting like a lazy human *person*."
1520,核,"nucleus",0,2012-07-24 15:41:05,"Ernest Rutherford discovered the Nucleus. Picture him sitting under a *tree* pondering atoms, after an *acorn* falls on him he suddenly understands that each atom has a nucleus."
1521,刻,"engrave",0,2020-10-25 12:03:25,"While it's traditional for lovers to engrave their names on a tree in many countries, in Japan, however, it was traditional for a samurai to signify his undying love for a woman by engraving the kanji of her name on an *acorn* (*{亥}*) with his *sabre* (*{刂}*)."
1522,該,"above-stated",0,2025-05-03 08:14:12,"I asked my teacher what this strange *word* (*{言}*) meant, and she furiously replied that it was explained in the above-stated paragraph before throwing an *acorn* at me!"
1523,劾,"censure",0,2025-05-03 08:14:29,"The activist group known as *ACORN* has been censured for their misuse of *power* (*{力}*)."
1524,述,"mention",0,2025-03-10 14:02:39,"Why didn't you  #mention# that there was *resin* (*{术}*) on the *road* (*{辶}*). Now I'm stuck!"
1525,術,"art",0,2025-05-03 08:15:22,"Behold the ""Boulev'Art"" : a life-size section of a *boulevard* cast in a huge block of *resin* (*{术}*). Some call it ... art."
1526,寒,"cold",0,2025-03-14 16:53:50,"A cold lunch: in the *house* (*{宀}*) , *celery*, pre cooked *animal legs* (i.e. chicken drumsticks) and *ice* tea."
1527,醸,"brew",0,2025-08-21 16:45:41,"On the tropical island of JOU, they brew *whiskey* (*{酉}*) while wearing *grass skirts* (top hats and scarves too). (Image: the strangely dresses islanders stirring a pot of brew. Careful (*{酵}*))."
1528,譲,"defer",0,2025-05-07 16:45:01,"A graduate student in anthropology tells the University that he plans to defer his studies for a year, and instead conduct ""field research"" on the *grass-skirt* (㐮)-wearing native women on the island of Jou."
1529,壌,"lot",0,2025-05-07 12:25:36,"My dream is to buy a small lot of soil (*{土}*) on a tropical island and spend the rest of my days relaxing in a *grass skirt* (㐮)."
1530,嬢,"lass",0,2025-05-07 12:25:59,"Conversation at a party: A: ""Who is that lass?"" B: ""Which one?"" A: ""The *woman* (*{女}*) wearing the *grass skirt* (㐮)."" B: ""Alas, I don't know"""
1531,毒,"poison",0,2025-05-08 14:22:25,"For *grow up* (龶) I will be using the idea of *Peter Pan* the boy who did anything but grow up.  Have you ever wondered what happened to *Peter Pan's* *mother* (*{毋}*)?  My guess is he poisoned her."
1532,素,"elementary",0,2025-03-15 07:01:58,"An elementary principle of knitting is that as your piece *grows up* (龶),  the *thread* (*{糸}*) ball becomes smaller!"
1533,麦,"barley",0,2025-05-07 12:28:16,"If you eat lots of barley, you'll *grow up* (龶) to have strong *walking legs* (*{夂}*)."
1534,青,"blue",0,2025-04-18 17:58:38,"""Once in a blue *moon*"" refers to a rare event. But originally ""blue moon"" refers to a full moon, in other words a fully *grown-up* (龶) *moon* (*{月}*). Whether once a month is rare or not depends on what we're talking about, but that happens to be the origin of the expression."
1535,精,"refined",0,2020-06-26 02:43:15,"before *rice* (*{米}*) is refined, it is actually *blue* (*{青}*)."
1536,請,"solicit",0,2025-04-27 18:29:26,"There's a big sign on my front door, and the *words* (*{言}*) clearly say ""No Soliciting"". So that door-to-door salesman can stand outside ringing my doorbell until he's *blue* (*{青}*) in the face."
1537,情,"feelings",0,2025-05-07 12:29:09,"When your *state of mind* (*{忄}*) is dominated by your feelings, you feel *blue* (*{青}*)."
1538,晴,"clear up",0,2025-05-07 12:29:44,"*Sun* (*{日}*) and *blue* (*{青}*) sky! Yep, the weather's #cleared up#!"
1539,清,"pure",0,2020-11-04 08:37:35,"Pure sea *water* (*{氵}*) is always a radiant *blue* (*{青}*)."
1540,静,"quiet",0,2020-06-03 06:56:48,"When someone you know who is normally talkative goes quiet, it's usually a sign that it's the *blues* (*{青}*) that they are *contending* (*{争}*) with."
1541,責,"blame",0,2025-04-28 03:38:41,"As one *grows up* (龶), one typically starts to blame all of one's problems on *money* (*{貝}*)."
1542,績,"exploits",0,2025-03-15 18:01:38,"*Spidey'*s (*{糸}*) exploits are world famous but still The Daily Bugle's pages *blame* (*{責}*) him for every problem out there."
1543,積,"volume",0,2020-10-20 18:13:23,"on many *wheat* (*{禾}*) cereal boxes, there is a disclaimer stating that ""This package is sold by weight, not by volume. Some settling of contents may have occurred."" Well they only say that because they don't want people to *blame* (*{責}*) them for how little is in the box."
1544,債,"bond",0,2025-04-18 18:18:32,"*Mr. T's* (*{亻}*) plot of world domination is foiled.  Who is to *blame* (*{責}*)?  The name's Bond.  James Bond."
1545,漬,"pickling",0,2025-05-07 12:31:10,"When #pickling# you MUST use distilled water!  When it doesn't come out right, generally it is the *water* (*{氵}*) that  is to *blame* (*{責}*)."
1546,表,"surface",0,2025-05-07 12:31:34,"When I was *growing up* (龶), the surface of my *scarf* was always covered with snot from blowing my nose on it."
1547,俵,"bag",0,2025-04-18 18:19:17,"*Mr. T*'s (*{亻}*) punching bag has one beat up *surface* (*{表}*)."
1548,潔,"undefiled",0,2025-05-07 12:32:10,"To ensure she remained undefiled, a young girl *growing up* (龶) in a rough area always kept a *dagger* (*{刀}*) concealed under her *threads* (*{糸}*), even when she went into the *water* (*{氵}*)."
1549,契,"pledge",0,2025-05-07 12:32:24,"Imagine a totalitarian regime where, while *growing up* (龶),  you have to pledge allegiance to the flag at *dagger*-point and with *St. Bernard* guard dogs watching you."
1550,喫,"consume",0,2020-10-27 02:59:57,"My *mouth* (*{口}*) makes a *pledge* (*{契}*) to consume less."
1551,害,"harm",0,2024-05-22 17:31:38,"With kids *growing up* (龶) in your *house* (*{宀}*), you have to keep them from #harm# of putting anything in their *mouth* (*{口}*), paint chips, bleach, knives, etc."
1552,轄,"control",0,2015-02-22 17:06:22,"#Control# is very important!  Especially when operating a *car* (*{車}*).  Few people realize the *harm* (*{害}*) they can cause just by losing #control# of their *car* for a second.  Tremendous *harm*.   Stay in #control#!"
1553,割,"proportion",0,2025-05-08 13:44:19,"Hey, don't take this out of #proportion#! I did you just a little *harm* (*{害}*), no need to come over here with a *sabre* (*{刂}*) ..."
1554,憲,"constitution",0,2025-05-08 13:46:33,"The #constitution# is important.  At least my parents thought so.  In the *house* (*{宀}*) where I *grew up* (龶), it was framed on the wall.  Under the watchful (sideways) *eye* (*{罒}*) of my mother, we had to study it until we knew it by *heart* (*{心}*)."
1555,生,"life",0,2025-05-01 17:32:17,"This is the first cell of a human, the foundation of its entire life, a small *drop* (*{丶}*) that will *grow up* (龶) to form a complex organism."
1556,星,"star",0,2023-07-29 18:13:40,"The *sun* (*{日}*) is the nearest star to the only planet known to support *life* (*{生}*): the Earth."
1557,姓,"surname",0,2025-05-08 13:47:18,"A *woman* (*{女}*) changes her surname when she starts her new married *life* (*{生}*)."
1558,性,"sex",0,2025-05-03 17:45:02,"Your sex (gender) shapes your *state of mind* (*{忄}*) all through your *life* (*{生}*).."
1559,牲,"animal sacrifice",0,2025-05-08 13:47:55,"Animal sacrifice = a *cow* (*{牛}*) gives its *life* (*{生}*)."
1560,産,"products",0,2025-05-08 13:48:42,"If you were to *stand up* (*{立}*) all the products you have accumulated over the course of your entire *life* (*{生}*) on top of one another,  the result would probably be as tall as a *cliff* (*{厂}*)."
1561,隆,"hump",0,2025-05-08 13:49:37,"You are struggling to the top across the humps, but you suddenly see the *pinnacle* (*{阝}*) and you feel in your *walking legs* (*{夂}*) new *life* (*{生}*)."
1562,峰,"summit",0,2025-08-21 17:29:42,"""Walking legs"" over ""bushes"" needs to have a primitive meaning of its own.  It appears in several kanji, such as 縫 (*{縫}*),  逢 (*{逢}*), 蜂 (*{蜂}*), and 鋒 (*{鋒}*), and it is clumsy to work bushes and walking legs into every story.  ""Pointy"" works fairly well: the walking legs are stuck on top of the pointy part of the bush; and for this character: a #summit# is the *pointy* (*{夆}*) end of a *mountain* (*{山}*)."
1563,縫,"sew",0,2025-08-14 17:03:01,"*Spider man* (*{糸}*) has to sew a new costume. He slipped while web swinging and fell on a bunch of *pointy* (*{夆}*) stuff in the *road* (*{辶}*). Thus he was late for his secret *tryst* (*{逢}*)."
1564,拝,"worship",0,2025-05-08 13:52:03,"I put my *fingers* (*{扌}*) together in worship of the *bush* (*{丰}*) that hangs from the *ceiling* (*{一}*) -- that wonderful mistletoe which has gotten me kissed by many a girl."
1565,寿,"longevity",0,2025-05-08 13:53:57,"This old China man had *bushes* (*{丰}*) *glued* (*{寸}*) to his body. The added intake of oxygen from the *bushes* was, according to him, the secret of his longevity."
1566,鋳,"casting",0,2025-05-08 13:54:27,"They made a *metal* (*{金}*) casting of the Chinese man who *glued* *shrubs* to himself to increase his *longevity* (*{寿}*).  It's now sold around the world as it's thought that having one will increase your own *longevity.*"
1567,籍,"enroll",0,2025-08-21 16:46:19,"*Once upon a time* (*{昔}*), in order to #enroll# in a Christian school you had to answer a series of questions to ensure that you were really Christian. For example, the principal might show you a picture of a *Christmas tree* (*{耒}*) and a picture of some *bamboo* (⺮ ... (*{竹}*)) and ask you which one is most suitable for decoration at Christmas time."
1568,春,"springtime",0,2025-05-08 13:57:08,"In the #springtime# *bonsai* get plenty of *sun* (*{日}*)."
1569,椿,"camellia",0,2025-05-08 13:57:33,"The *tree* (*{木}*) of *springtime* (*{春}*). 

Fact: #Camellia# are highly valued in Japan and elsewhere for their very early flowering, often among the first flowers to appear in the late winter [early spring?]."
1570,泰,"peaceful",0,2025-04-14 18:20:48,"If you look into Japanese gardens they seem so peaceful - with their small *bonsai* and the white stones looking like *rice grains* (*{氺}*)."
1571,奏,"play music",0,2025-05-08 13:57:59,"When you play music to them, your *bonsai* will grow like they are in *heaven* (*{天}*)."
1572,実,"reality",0,2025-05-09 18:39:43,"This is the most generic reality TV show ever: just *three* (*{三}*) random *people* (*{人}*) in a *house* (*{宀}*)."
1573,奉,"dedicate",0,2012-07-26 16:42:16,"To join the temple, you have to #dedicate# yourself to raising *bonsai* for enlightenment, and *cornstalks* for sustenance."
1574,俸,"stipend",0,2025-04-18 18:19:42,"*Mr. T* (*{亻}*) gets a #stipend# every month if he is seen to *dedicate* (*{奉}*) enough time to his temple training, a very hard thing for the impatient T."
1575,棒,"rod",0,2020-10-27 19:02:44,"Ha! If you know anything about Buddhist monks, during meditation, they're slapped with *wooden* (*{木}*) #rod#s to stay *dedicated* (*{奉}*) to their task."
1576,謹,"discreet",0,2025-05-10 05:10:09,"""Muttering *words* (*{言}*) of gratitude for a wonderful meal, I discreetly slipped my *cabbage* under the table for the dog.""

HOW TO REMEMBER CABBAGE: it's the flower that is shoved in your mouth while you are growing up (parents force feed you cabbage), note how the ""grow up"" primitive is pushed into the mouth primitive overlapping."
1577,勤,"diligence",0,2025-05-10 05:10:32,"Growing *cabbages* takes *power* (*{力}*) and diligence."
1578,漢,"Sino-",0,2012-07-26 16:43:41,"In the *water* between Japan and China, the Sino- side has put *scarecrows* in the water to try and keep the Japanese away"
1579,嘆,"sigh",0,2025-05-10 05:12:10,"A #sigh# escapes the *mouth* (*{口}*) of the *scarecrow*, who laments: ""...if I only had a brain, I could learn kanji""."
1580,難,"difficult",0,2025-05-10 05:12:37,"It is difficult for a *scarecrow* to scare a *turkey* (*{隹}*) or else they would've been called scareturkeys"
1581,華,"splendor",0,2024-12-04 16:11:29,"Hint: Splendor in the Grass.  Compare with 草 (*{草}*).
This is just a more #splendid# version of that kanji."
1582,垂,"droop",0,2025-05-10 05:15:12,"The *porter* (*{壬}*) drooped under the heavy load of *silage* (*{毌}*) placed on his back."
1583,睡,"drowsy",0,2025-05-10 05:16:00,"Our *eyes* (*{目}*) *droop* (*{垂}*) when we are drowsy."
1584,錘,"spindle",0,2025-05-10 05:16:24,"Wasn't it a cursed spindle that Sleeping Beauty pricked her finger on?  Therefore the spindle was the *metal* (*{金}*) that caused her to *droop* (*{垂}*) and eventually sleep for 100 years."
1585,乗,"ride",0,2025-05-10 05:17:14,"It's a *hay* #ride#! You sit on piles of *silage* (*{毌}*) and everyone likes to imitate old-time farmers with a piece of *wheat* (*{禾}*) sticking out of their mouths."
1586,剰,"surplus",0,2025-05-10 05:17:52,"If you go for a *ride* (*{乗}*) and find a *sabre* (*{刂}*) beside you, perhaps you got into an Army surplus jeep."
1587,今,"now",0,2025-05-10 05:18:44,"My *meeting* (*{亼}*) is at 7 - but that's now!"
1588,含,"include",0,2025-05-10 05:20:18,"If you want to be included in the gang, *now* (*{今}*) is the time to open your *mouth* (*{口}*) and say so."
1589,吟,"versify",0,2025-05-10 05:23:31,"When he opens his *mouth* (*{口}*) to versify
Right *now* (*{今}*) it's time to say goodbye."
1590,念,"wish",0,2025-05-10 05:24:26,"A wish is something that right *now* (*{今}*) your *heart* (*{心}*) desires."
1591,琴,"harp",0,2025-05-10 05:25:12,"The two *kings* (*{王}*) want to hear a harp right *now* (*{今}*)!!"
1592,陰,"shade",0,2025-06-13 07:00:08,"The *pinnacle* (*{阝}*) is in the shade, because it is *now* (*{今}*) obscured by *rising clouds* (*{云}*)."
1593,予,"beforehand",0,2025-05-10 05:27:34,"Beforehand, this was a *halberd* (*{矛}*) but I cut it short so it could #be for hand# to hand combat"
1594,序,"preface",0,2025-05-10 05:28:13,"The preface to all human history was written *beforehand* (*{予}*) in *caves* (*{广}*)."
1595,預,"deposit",0,2020-12-28 13:54:44,"Depositing money into your savings account is something you do *beforehand* (*{予}*) if you use your *head* (*{頁}*). If you're in Japan your passbook says 預金機（よきんき）when you make a deposit"
1596,野,"plains",0,2023-01-15 16:28:51,"These days we all work in front of computers (*{里}*) whereas  *beforehand* (*{予}*) we all worked out in the fields, in the plains."
1597,兼,"concurrently",0,2012-07-26 16:50:28,"Our ninja hero, disguised as a gardener with a *rake*, is suddenly attacked from both left and right concurrently by bulls with *animal horns*. Our hero lets out a blood-curdling scream and tears his rake handle vertically in half, so he now has two wooden staffs (*split rake handle*) to fight with. He grips each staff (left side and right side) and rams it into the horns of the charging bulls. The force of each charging bull causes the tips of each staff to split again (*split bottom of each rake handle*)."
1598,嫌,"dislike",0,2025-05-10 05:29:20,"Naturally, if you're dating more than one *woman* (*{女}*) *concurrently* (*{兼}*), they will certainly dislike each other!"
1599,鎌,"sickle",0,2025-05-10 05:30:38,"This is a special sickle with *metal* (*{金}*) blades on both sides. It can cut many things *concurrently* (*{兼}*)!"
1600,謙,"self-effacing",0,2025-05-10 05:30:59,"When you are self-effacing you use *words* (*{言}*) to *concurrently* (*{兼}*) bring yourself down and make yourself look better."
1601,廉,"bargain",0,2025-05-10 05:31:41,"Stores don't want you to know it, but if you find the secret *cave* (*{广}*), they run #bargains# there *concurrently* (*{兼}*) with their regular prices."
1602,西,"west",0,2025-08-21 16:46:42,"the Wild West represented by a completely empty whiskey bottle (compare (*{酉}*):  whiskey bottle about one third full)"
1603,価,"value",0,2025-04-18 18:20:09,"*Mr. T* (*{亻}*) has a high value in the *Old West* (*{覀}*) because you see him in ""Wanted"" posters all over the place!"
1604,要,"need",0,2025-04-27 18:29:53,"In the *old west* (*{覀}*) the needs of a *woman* (*{女}*) were always at the bottom."
1605,腰,"loins",0,2025-05-11 13:15:45,"The loins are the *flesh* (*{月}*) that many kanji learners *need* (*{要}*) for their stories."
1606,票,"ballot",0,2025-07-05 05:55:57,"In the *Old West* (*{覀}*) there were no ballot boxes.  Afraid of fraud and fighting among the gunslingers, the ballots were posted into a slot in the top of the local church *altar* (*{示}*)  instead.  They may have been rough, but the cowboys wouldn't fight in the church."
1607,漂,"drift",0,2020-12-08 18:12:44,"#Drift#ing on the *water* (*{氵}*) we held a *ballot* (*{票}*) to decide who to kick off the raft."
1608,標,"signpost",0,2025-05-11 13:16:43,"*Trees* (*{木}*) were frequently used as #signposts# in those days, indicating where one had to go to cast a *ballot* (*{票}*)."
1609,栗,"chestnut",0,2025-05-11 13:17:23,"Chestnut tree, *old west* (*{覀}*) nut *tree* (*{木}*)."
1610,遷,"transition",0,2025-05-11 13:18:18,"Since the days of the *Old West* (*{覀}*), travelling has transitioned from trying not to step on *large* (*{大}*) *snakes* (*{己}*) to driving on *big roads* (*{辶}*)."
1611,覆,"capsize",0,2025-05-07 06:10:11,"Remember Oregon Trail? Remember how you had to float your wagon across rivers to get to the *Old West* (*{覀}*)? Well, sometimes that wagon capsizes. Once that happens you'd better quickly head to the nearest town to *restore* (*{復}*)."
1612,煙,"smoke",0,2025-03-14 18:26:47,"In the *Old West* (*{覀}*), they used to light *fires* (*{火}*) in the *soil* (*{土}*) to make smoke signals."
1613,南,"south",0,2025-05-11 13:20:25,"Dr. *Hood* (*{冂}*) found *happiness* (*{幸}*) in a non-paying job in the South."
1614,楠,"camphor tree",0,2025-05-11 13:20:48,"We travelled to *south* (*{南}*) Japan just to see a camphor tree.  It's what we came for."
1615,献,"offering",0,2025-05-11 13:21:11,"a *south* (*{南}*) Korean street vendor is offering *chihuahu* (*{犬}*) snacks"
1616,門,"gates",0,2012-07-30 16:34:25,"The gates to Hell. guarded by Cerebus or ... Bill Gates?"
1617,問,"question",0,2025-05-11 13:21:49,"you begin to question all of the *holes* (*{口}*) *Gates* (*{門}*) leaves in his software!"
1618,閲,"review",0,2025-05-11 13:22:16,"A little *devil* (*{兑}*) at the *gates* (*{門}*) of hell reviews your record to see if you're evil enough to get in."
1619,閥,"clique",0,2015-06-04 11:33:04,"You set a guard at the *gate* (*{門}*) to *fell* (*{伐}*) intruders not of your clique."
1620,間,"interval",0,2025-08-21 16:47:22,"We open the *gates* (*{門}*) at regular #intervals# to let a bit of *sun* (*{日}*) in."
1621,簡,"simplicity",0,2025-05-11 13:22:53,"The #simplicity# of the *bamboo* (⺮) plant is in having an equal *interval* (*{間}*) between all its joints."
1622,開,"open",0,2020-10-28 18:02:17,"To open the *gates* (*{門}*), use *both hands* (*{开}*)."
1623,閉,"closed",0,2025-04-09 07:24:30,"The *gates* (*{門}*) are too big to be closed by an ordinary man. Only a *genius* (*{才}*) can do that."
1624,閣,"tower",0,2018-01-09 17:19:14,"Remember the two towers from LOTR ... *each* (*{各}*) has it's own - very difficult to master - entrance *gates* (*{門}*)."
1625,閑,"leisure",0,2025-08-21 16:47:02,"Imagine the *gate* (*{門}*) to the Garden of Eden, the ultimate land of leisure. You're not allowed in, but if you peek through you can see *trees* (*{木}*)."
1626,聞,"hear",1,2025-08-21 16:47:48,"Press your *ear* (*{耳}*) to the *gate* (*{門}*) and see if you can hear what is going on the other side."
1627,潤,"wet",0,2025-05-11 13:24:31,"Forgetting about the moat, the *king* (*{王}*)  stepped through his *gate* (*{門}*) and landed in the *water* (*{氵}*). Needless to say he got wet."
1628,欄,"column",0,2025-08-19 03:03:47,"I think about *oriental* (*{東}*) Torii (*{門}*): they have two supporting #column#s made of *wood* (*{木}*)."
1629,闘,"fight",0,2025-05-11 13:25:22,"Food fight!  Look, *beans* (*{豆}*) are stuck to the *gate* (*{門}*) like *glue* (*{寸}*)."
1630,倉,"godown",0,2025-04-17 17:10:24,"Near the godown is where we'll *meet* (*{亼}*):  look for the *single gate* (*{門}*).  And keep your *mouth* (*{口}*) shut about it!"
1631,創,"genesis",0,2025-05-12 10:53:34,"Back in the day the people were so excited to get hold of the Sega Genesis they looted the *godown* (*{倉}*) with *sabres* (*{刂}*)."
1632,非,"un-",0,2012-07-30 16:45:37,"Ever wanted to have an #un#do button in life? Well, when you're in a *jail cell*, that's when you most want to press that button."
1633,俳,"haiku",0,2025-01-27 17:50:55,"I pity the fool/
Who put me in this *jail cell* (*{非}*)/
I pity the fool"
1634,排,"repudiate",0,2025-05-12 10:54:26,"When ordered to go to the *jail cell* (*{非}*), the defendant gave the judge the *finger* (*{扌}*) and said he repudiated all that the legal system stood for if they were going to send an innocent man like him to jail."
1635,悲,"sad",0,2020-11-12 10:38:11,"Sadness is like having your *heart* (*{心}*) captured and *jailed* (*{非}*) because of some sad or terrible event, etc. Here the sad *heart* waits for someone to come and *un* (*{非}*)-lock their *jail cell* and set them free again."
1636,罪,"guilt",0,2025-08-21 16:48:09,"Guilty under the *eye*s (*{罒}*) of the law, therefore sentenced to *jail* (*{非}*). 

[note: 'UNDER the eye of the law' works in (*{罰}*) as well.]"
1637,輩,"comrade",0,2020-12-08 18:09:38,"Some man *jailed* in Russia, is freed by his comrade, who crashes into the *jail cell* (*{非}*) with a *car* (*{車}*)."
1638,扉,"front door",0,2025-05-12 10:55:30,"The only way out of a *jail cell* (*{非}*) is to serve your time and walk out of the front door. There is no other *door* (*{戸}*)."
1639,侯,"marquis",0,2025-03-20 17:39:28,"*Mr. T* (*{亻}*) is made a #marquis# after he and the A-Team save the life of a duke. The duke also gives Mr. T the *key* to the gentlemen's *dart* (*{矢}*) room where one can relax in luxury, smoke a cigar, and play a friendly game of *darts*.  *Mr. T* eagerly accepts the *key* and places it on one of the gold chains that hang around his neck which acts as a *key* chain."
1640,候,"climate",0,2025-04-19 02:22:24,"The *marquis* (*{侯}*) has absolutely no interest in issues of climate change. He's old and near death. [Don't forget the *walking stick* (*{丨}*) to symbolize his old age.]"
1641,決,"decide",0,2025-05-12 11:14:37,"""#Decide#!""  ""#Decide#?!  Death by drowning in polluted *water* (*{氵}*) or death by *guillotine* (*{夬}*).  How can I #decide#?"" I asked."
1642,快,"cheerful",0,2025-05-12 11:16:28,"A large crowd in a cheerful *state of mind* (*{忄}*) applaud each criminal as they become victims of the *guillotine* (*{夬}*)."
1643,偉,"admirable",0,2025-03-01 10:41:52,"*Mr. T* (*{亻}*) is certainly an admirable person: parents are buying *lockets* (*{韋}*) with his picture in it and having their children wear them like amulets."
1644,違,"difference",0,2025-05-12 11:17:49,"You lose your precious *locket* (*{韋}*) on the *road* (*{辶}*) to somewhere. You ask people if they've seen it, but no luck. ""Just buy another one,"" someone says. ""I mean, what's the difference?"""
1645,緯,"horizontal",0,2025-05-12 11:19:06,"Imagine yourself tying a *locket* (*{韋}*) to the end of a *thread* (*{糸}*) and spinning it horizontally.."
1646,衛,"defense",0,2025-05-12 11:19:54,"For ""defense against the dark arts"" class, you go the magical *boulevard* and buy an enchanted *locket* (*{韋}*)."
1647,韓,"Korea",0,2025-05-12 11:20:28,"This man has come from far away #Korea#.  His eyes *mist* (龺) up when he looks at a picture of his home in #Korea#, which he keeps in a *locket* (*{韋}*)."
1648,干,"dry",0,2025-03-07 02:06:37,"Dry *one* (*{一}*) item  in *ten* (*{十}*) minutes on the clothesline."
1649,肝,"liver",0,2025-03-07 02:07:55,"Well you all know that the liver is the *part of the body* (*{月}*) that would be quite grateful if you led a *dry* (*{干}*) lifestyle (i.e. no alcohol)."
1650,刊,"publish",0,2025-08-21 16:48:39,"The newspaper pages are hung on the clothesline to (*{干}*) and then cut down with a *sabre* (*{刂}*) to be published."
1651,汗,"sweat",0,2025-05-12 11:21:43,"The way sweat is supposed to work: it gets your skin *wet*, and then as it evaporates your skin becomes *dry* (*{干}*) and you cool off."
1652,軒,"flats",0,2016-12-28 16:44:50,"Garages are small #flats# to keep a *car* (*{車}*) *dry* (*{干}*)."
1653,岸,"beach",0,2025-05-12 11:22:09,"At the base of *mountain* (*{山}*) *cliffs* (*{厂}*), there is usually a beach. You often can see people lying there, trying to *dry* (*{干}*) after a swim."
1654,幹,"tree trunk",0,2025-04-09 07:39:28,"A fine *mist* (龺) is falling, and so everyone gathers around near the tree-trunk, effectively using the rest of the tree as an *umbrella* in order to keep *dry* (*{干}*)."
1655,芋,"potato",0,2025-06-18 09:05:07,"If your #potato#s are growing *flowers *(*{艹}*) and those little *hooked roots*, you should buy fewer,  eat them faster or keep them *dry* (*{干}*)."
1656,宇,"eaves",0,2025-06-18 09:06:04,"Under the eaves of the *house* (*{宀}*) the poor family has potato plants."
1657,余,"too much",0,2021-03-30 03:25:33,"You hang an *umbrella* upside-down on a hook of the #scales# and fill it with *little* (*{小}*) *potatoes* (*{于}*). No luck: it weights #too much#."
1658,除,"exclude",0,2025-04-21 04:03:36,"To become a member of *The Pinnacle* (*{阝}*), they test you on a scale. If you weigh *too much* (*{余}*), they #exclude# you."
1659,徐,"gradually",0,2025-03-01 17:46:41,"You can't expect weight loss to happen overnight. You should limit *going* (*{彳}*) to the *scale* (*{余}*) to weigh yourself to once a day or once a week, in order to observe the anticipated weight loss gradually."
1660,叙,"confer",0,2025-06-18 09:07:02,"When you confer *again* (*{又}*), you confer *too much* (*{余}*)!"
1661,途,"route",0,2025-03-10 14:04:43,"When you’re spending *too much* (*{余}*) time on the *road* (*{辶}*), you’re always en #route# to somewhere."
1662,斜,"diagonal",0,2025-06-18 09:07:35,"The *scale* tilts diagonally when a *measuring cup* (*{斗}*) filled with *too much* (*{余}*) is set on one end."
1663,塗,"paint",0,2025-08-21 16:49:00,"If you add *too much* (*{余}*) *water* to the paint it will drip onto the *soil* (*{土}*)."
1664,束,"bundle",0,2020-11-07 15:16:39,"Mnemonic: Bundle of joy. Here I see the proverbial stork with a baby hanging from its *mouth* (*{口}*) fly straight into a *tree* (*{木}*). Painful, but he doesn't drop the bundle."
1665,頼,"trust",0,2025-03-27 04:38:14,"We found a *bundle* (*{束}*) of severed *heads* (*{頁}*) in your room: it's difficult to trust you after that."
1666,瀬,"rapids",0,2025-05-07 05:46:22,"You need complete *trust* (*{頼}*) in your *water* (*{氵}*) guide to attempt Class 5 #rapids#."
1667,勅,"imperial order",0,2025-05-07 05:46:55,"This is an imperial order for pizza.  To deliver the huge *bundle* (*{束}*) of pizzas  to the emperor, the pizza boy needs lots of *power* (*{力}*)."
1668,疎,"alienate",0,2025-05-07 05:48:16,"""Ma (マ), *stop* (*{止}*) bundling (*{束}*) me up in those strange clothes! You alienate me from my school mates!""

(Careful: the second stoke of マ is omitted)"
1669,速,"quick",0,2025-03-16 16:12:36,"If you find a *bundle* (*{束}*) of money on the *road* (*{辶}*), pick it up quick before anyone notices."
1670,整,"organize",0,2020-10-02 12:37:19,"Recycling in Japan, you have to organize your *bundle* (*{束}*)  for the *taskmasters* (*{攵}*) *correctly* (*{正}*) otherwise they won't accept it."
1671,剣,"saber",0,2025-08-05 17:32:10,"An *ice-pick* (㑒) is as deadly as a saber (*{刂}*) in the right hands."
1672,険,"precipitous",0,2025-07-16 17:41:23,"The edge of *The Pinnacle* (*{阝}*) is #precipitous#, so they have a guard posted with an *ice pick* (㑒) to poke people and keep them from the edge."
1673,検,"examination",0,2025-08-21 16:49:23,"You're giving a *tree* (*{木}*) an examination. You take a wood sample from the tree with an *awl* (cmp (*{校}*))"
1674,倹,"frugal",0,2025-08-05 17:32:59,"*Mr. T* (*{亻}*) is as #frugal# as they come. He uses his one *ice pick* (㑒) for everything: to eat, pick his teeth, clean his toilet, kill people, cook, etc."
1675,重,"heavy",0,2025-04-09 07:29:27,"The first *computer*  (*{里}*) in the world was as heavy as a *thousand* (*{千}*) computers are now"
1676,動,"move",0,2025-06-19 17:02:26,"Even though the furniture is *heavy* (*{重}*), it'll be easy to move with all the *power* (*{力}*) that he has."
1677,勲,"meritorious deed",0,2025-06-19 17:03:30,"A meritorious deed? Perhaps *move* (*{動}*) a damsel in distress out of a *fire below* (*{灬}*), maybe?"
1678,働,"work",0,2025-06-19 17:04:10,"*Mr. T*'s (*{亻}*) real line of work is for a *moving* (*{動}*) company."
1679,種,"species",0,2025-08-21 16:49:46,"After the whole low-carb craze, scientists developed a new low-carb species of *wheat* (*{禾}*), so that dieters could eat it without getting *heavy* (*{重}*)."
1680,衝,"collide",0,2025-06-19 17:04:44,"Two *heavy* (*{重}*) trucks *going* (*{行}*) at speed in a game of chicken #collide# while racing toward each other down the centre of the boulevard."
1681,薫,"fragrant",0,2025-06-19 17:06:11,"Do you know how they make those fragrant air fresheners? Well you take some *flowers* (*{艹}*), compress them with a *heavy* (*{重}*) weight, and put them on *fire below* (*{灬}*) for a while."
1682,病,"ill",0,2025-08-28 17:42:27,"*Caveman* (*{疒}*) got #ill# after flying *third class* (*{丙}*). The cabin air and food got to him."
1683,痴,"stupid",0,2020-11-18 01:56:14,"Of course *caveman* (*{疒}*) is #stupid#. He doesn't *know* (*{知}*) anything. He's a *caveman* (*{疒}*)!"
1684,痘,"pox",0,2025-06-19 17:07:35,"*Caveman* (*{疒}*) has a  horrible pox. He caught it through eating bad *beans* (*{豆}*)."
1685,症,"symptoms",0,2025-06-19 17:08:03,"Once you have all the symptoms right, you have *correctly * (*{正}*) identified the *Caveman's* (*{疒}*) problem."
1686,疾,"rapidly",0,2025-06-19 17:08:40,"I picture a sick *caveman* (*{疒}*), and two people rapidly blowing *darts* (*{矢}*) at him. One is blowing poison darts, the other is blowing antidote darts. Will the sick caveman live or die? Depends on how rapidly they fire."
1687,痢,"diarrhea",0,2025-06-19 17:09:39,"*Caveman* (*{疒}*) doesn't have any skills, so he sells his diarrhea as *chili* to peasant wheat farmers for an amazing *profit* (*{利}*)."
1688,疲,"tired",0,2025-06-19 17:10:15,"I picture an tired *caveman* (*{疒}*) snuggling up in a *pelt* (*{皮}*) blanket."
1689,疫,"epidemic",0,2020-11-11 17:29:40,"When *caveman* (*{疒}*) first fashions a primitive *missile* (*{殳}*) and kills a mammoth with it, the technique spreads like an epidemic across the inhabited world."
1690,痛,"pain",0,2025-06-19 17:11:19,"The *caveman* (*{疒}*) felt such a pain after he fell on his *pogo stick* (*{甬}*)."
1691,癖,"mannerism",0,2020-10-27 19:16:26,"*Caveman* (*{疒}*) has a bad #mannerism# of putting *ketchup* (*{辟}*) on everything he eats. I guess that's ok since raw mammoth can't be too good..."
1692,匿,"hide",0,2025-06-19 17:12:23,"*Young* (*{若}*) kids like to #hide# in *cardboard boxes* (*{匚}*)."
1693,匠,"artisan",0,2025-06-19 17:12:49,"Most people don't know that one of the most revered #artisan#s in Japan preserves the ancient art of cutting *cardboard boxes* (*{匚}*) with an *axe* (*{斤}*)."
1694,医,"doctor",0,2025-06-19 17:13:17,"The #doctor# puts the *cardboard box* (*{匚}*) on his head and throws a *dart* (*{矢}*) at a chart to determine his patients' illnesses."
1695,匹,"equal",0,2025-06-19 17:14:06,"Put a *cardboard box* (*{匚}*) over everyone's heads, letting only the *human legs* (*{儿}*) show, and we all look pretty much equal."
1696,区,"ward",0,2025-06-19 17:14:27,"That's the homeless #ward# of the city. *Wolverine* lives in a *cardboard box* (*{匚}*) there."
1697,枢,"hinge",0,2025-06-19 17:14:54,"The hinge in this hospital *ward* (*{区}*) was made of *wood* (*{木}*) because they didn't have enough budget to buy metal ones."
1698,殴,"assault",0,2025-06-19 17:16:01,"The city decides to disperse the homeless *ward* (*{区}*) with a precision *missile* (*{殳}*) assault. 

They didn't know *Wolverine* was living in a *cardboard box* there though..."
1699,欧,"Europe",0,2025-06-19 17:18:13,"Separate economic *wards* (*{区}*) are what Europe *lacks* (*{欠}*)."
1700,抑,"repress",0,2025-06-19 17:20:42,"A true philatelist won't be able to repress the urge to get his *fingers* (*{扌}*) on the latest *cardboard box* (*{匚}*) of collector *stamps* (*{卩}*) !"
1701,仰,"faceup",0,2025-04-18 18:21:49,"*Mr. T*'s (*{亻}*) collection *box* contains *stamps* all laid carefully #face-up#."
1702,迎,"welcome",0,2012-07-31 17:07:26,"*Stamp-collectors* sit and wait on the *road* to #welcome# new postal arrivals."
1703,登,"ascend",0,2025-06-20 14:15:02,"Meditating under the *teepee* (癶), *Mr. Bean* (*{豆}*) is #ascending# in nirvana."
1704,澄,"lucidity",0,2015-01-02 15:18:29,"Lucid dreams allow me to control what is happening. In a nightmare where I was drowning in *water*, I forced lucidity and allowed myself to *ascend* (*{登}*) to the surface."
1705,発,"discharge",0,2025-06-20 14:15:48,"From the flap of the *teepee* (癶), *human legs* (*{儿}*) are sticking out beneath the *double* barrel of a shotgun that has just been discharged."
1706,廃,"abolish",0,2025-06-20 14:16:18,"We should abolish any *discharge* (*{発}*) of nuclear weapons, even underground in a *cave* (*{广}*)."
1707,僚,"colleague",0,2025-06-27 17:56:29,"*Mr. T* (*{亻}*) fired your colleague literally... in a *sacred bonfire* (*{尞}*).

Trivia: The right primitive is *kagaribi* - 尞 - *fuel used for sacrifices*.  I would use *sacred bonfire* as a primitive . (Mnemonic: Top is a merged image of *big* and *fire* - *big sacred bonfire* that looks like *little sun*)."
1708,寮,"dormitory",0,2025-06-27 17:57:16,"To please gods and pass next exams you set a whole dormitory (*house*) afire. Wow! What a *sacred bonfire* (*{尞}*)!"
1709,療,"heal",0,2025-06-27 17:57:50,"The sick *caveman* (*{疒}*) asks gods to heal him (from a hangover) and sets a *sacred bonfire* (*{尞}*) in his cave."
1710,彫,"carve",0,2025-06-20 14:19:10,"Start with a *circumference* (*{周}*) and carve away until you get the *shape* (*{彡}*) you want."
1711,形,"shape",0,2025-06-20 14:20:08,"With *both hands* (*{开}*) you can make any *shape* (*{彡}*)."
1712,影,"shadow",0,2017-08-02 04:42:17,"The *sun* over the *capital* (*{京}*) cast a shadow with the same *shape*."
1713,杉,"cedar",0,2024-03-26 15:52:46,"Cedar is an evergreen *tree* (*{木}*) that keeps its *shape* (*{彡}*) all year long."
1714,彩,"coloring",0,2025-07-01 15:18:44,"In Sydney we occasionally get exotic birds. You first notice a #colouring# in a *tree* (*{木}*). You look more carefully and you make out the *shape* (*{彡}*) of a bird, here represented by its *claws* (*{爫}*)."
1715,彰,"patent",0,2015-08-30 15:14:30,"The *shape* of a sheriff's *badge* (*{章}*) makes it patent who he is."
1716,彦,"lad",0,2012-07-31 06:52:26,"A young lad is *standing* atop a *cliff*, looking at the writhing *shape* of his fallen lass below."
1717,顔,"face",0,2015-01-02 15:18:47,"The *lad* (*{彦}*) jumps off the cliff, breaks his *head*, and smashes his face."
1718,須,"ought",0,2012-08-02 16:19:28,"This Kanji is exceptional: the *shape* ought to be on the left side. Get that into your *head*."
1719,膨,"swell",0,2012-07-31 06:53:20,"An injured *body part* may #swell#.  It will begin to throb like a bass *drum* and will change *shape*."
1720,参,"visit",0,2025-06-29 15:44:52,"I'm going to visit my grandpa in the hospital. He broke his *elbow* (*{厶}*), and it became really *big* (*{大}*) and contorted into a weird *shape* (*{彡}*). I hope he will be all right!"
1721,惨,"wretched",0,2020-11-09 15:19:56,"Whenever I have to *visit* (*{参}*) the relatives... that puts me in one hell of a wretched *state of mind* (*{忄}*)."
1722,修,"discipline",0,2025-04-18 18:22:22,"*Mr. T* (*{亻}*) is a harsh *taskmaster* (*{攵}*) who will discipline you with his *walking stick* (*{丨}*) (to beat you into *shape* (*{彡}*)."
1723,珍,"rare",0,2025-07-01 15:19:20,"The *king* has a really rare *umbrella*, it can change *shape* (*{彡}*)."
1724,診,"checkup",0,2012-07-31 06:57:58,"The doctor at my check-up was expressing words of concern about my gut that is the *shape* of an *umbrella*."
1725,文,"sentence",0,2023-05-09 18:17:36,"The teacher in the *top hat* (*{亠}*) puts an X on every grammatically incorrect sentence."
1726,対,"vis-a-vis",0,2014-01-23 16:41:23,"When sitting #vis-a-vis#, *Scots* will *glue* their *kilt* down to avoid embarrassment."
1727,紋,"family crest",0,2025-06-21 06:21:10,"A family crest sown on to a garment with *thread* (*{糸}*) sometimes has a Latin sentence (*{文}*) as a motto."
1728,蚊,"mosquito",0,2025-06-21 06:21:36,"The mosquito (an *insect* (*{虫}*) knows only one *sentence* (*{文}*): Bzzzzz"
1729,斉,"adjusted",0,2012-07-31 12:48:41,"You are trying to stretch a *plaid* between *two* *fenceposts*. It's not easy, as for all wrinkles to go away the posts' positions must be carefully #adjusted#."
1730,剤,"dose",0,2025-06-21 06:22:14,"When my medicine dose was way too large, I *adjusted* (*{斉}*) it by cutting it into smaller pieces with my *sabre* (*{刂}*)."
1731,済,"finish",0,2025-06-21 06:22:51,"To finish, the lifeguard added *water* (*{氵}*) to the pool after he had *adjusted* (*{斉}*) its pH."
1732,斎,"purification",0,2025-06-21 06:23:33,"A scottish priest in a *tartan* kilt has put his *altar* (*{示}*) between a couple of *fence posts* and is now playing the bagpipes in a very Scottish purification rite."
1733,粛,"solemn",0,2025-07-15 15:17:27,"Even though it's a maddening task, the monks remain #solemn# as they *rake* (*{肀}*) *rice* (*{米}*) between the *fenceposts*."
1734,塁,"bases",0,2025-08-21 16:50:22,"Playing baseball in a *rice field* (*{田}*) with *sparklers* stuck into the *soil* (*{土}*) to act as bases"
1735,楽,"music",0,2025-06-21 06:24:38,"The most #enjoyable# kind of #music# is when the conductor conducts with a *white (*{白}*) *sparkler* while standing in a *tree* (*{木}*)."
1736,薬,"medicine",0,2020-11-30 18:21:42,"New-age medicine involves using things like *flowers* (*{艹}*) and *music* (*{楽}*) (aromatherapy) as treatment."
1737,率,"ratio",0,2012-07-31 17:40:51,"Keep separate from proportion. *Gandalf* is trying to adjust the aspect ratio of his monitor from 4:3 to 16:9 so that he can watch Lord of the Rings in widescreen format. He's poking around the inside of his monitor with a magnesium *needle* when he causes a short circuit which sets his needle on fire making it look just like a *sparkler*."
1738,渋,"astringent",0,2025-06-21 06:25:34,"If you eat something astringent *water* (*{氵}*) will *stop* (*{止}*) the *sparkly* sensation."
1739,摂,"vicarious",0,2025-06-21 06:26:18,"Now that I'm a responsible adult, I have to get my vicarious thrills from watching stupid people put *sparklers* up to their *ears* (*{耳}*) and burn their *fingers* (*{扌}*)."
1740,央,"center",0,2025-06-21 06:27:44,"A person with a *large* (*{大}*) *mouth* (*{口}*) wants to be the #centre# of attention."
1741,英,"England",0,2025-06-21 06:28:04,"The original great seal of the king of #England# had a very ornate *flower* in the *centre* (*{央}*)."
1742,映,"reflect",0,2022-07-02 18:08:22,"In the solar system, the *Sun* (*{日}*) is the *central* (*{央}*) source of all light, everything else just reflects it."
1743,赤,"red",0,2025-06-21 06:28:48,"The *soil* (*{土}*) was red after the hunter used his *dagger* (*{刀}*) to cut off the *animal's legs*."
1744,赦,"pardon",0,2025-06-21 06:29:29,"The student blushed until his face was *red* (*{赤}*), so the *taskmaster* (*{攵}*) decided to pardon him."
1745,変,"unusual",0,2025-06-21 06:30:35,"It's quite unusual to see an *apple* (*{亦}*) with *walking legs* (*{夂}*) running away from the person who wants to eat it!"
1746,跡,"tracks",0,2024-04-23 17:25:29,"Pirate pokes the tip of his *wooden leg* into an *apple* (*{亦}*) to disguise his tracks."
1747,蛮,"barbarian",0,2025-06-21 06:31:12,"The barbarian picks an *apple* (*{亦}*) from above and eats it even though there is an *insect* (*{虫}*) in it."
1748,恋,"romance",0,2025-06-21 06:32:18,"The romance between Snow White and Prince Charming started when Snow White took a bite of poison *apple* (*{亦}*) and her *heart* (*{心}*) stopped."
1749,湾,"gulf",0,2025-06-21 06:33:07,"Across the *water* (*{氵}*) of the #gulf#., William Tell shot an *apple* (*{亦}*) off the head of his son with his *bow* (*{弓}*)."
1750,黄,"yellow",0,2025-09-08 17:17:55,"*Once upon a time* (*{昔}*) the *salad* did not look very appetizing... The *sprouts* (*{由}*) were yellow and there were *animal legs* (ハ) sticking out of it."
1751,横,"sideways",0,2025-06-21 06:35:25,"A *tree* (*{木}*) went all *yellow* (*{黄}*). It died and fell down, ending up sideways."
1752,把,"grasp",0,2020-10-23 03:33:00,"Your *fingers* (*{扌}*) grasp the *Rubik's cube* (*{巴}*) ... if only your brain could too."
1753,色,"color",0,2025-06-23 07:59:10,"*Bound up* (*{勹}*) in the *Rubik's cube* (*{巴}*) are the 6 different #colours#."
1754,絶,"discontinue",0,2025-06-23 07:59:44,"As times move on and fashion tastes inevitably change, *threads* (*{糸}*) of certain *colors* (*{色}*) often get discontinued."
1755,艶,"glossy",0,2025-08-21 16:50:49,"To print something with *bountiful* (*{豊}*) *colour* (*{色}*), they use glossy paper."
1756,肥,"fertilizer",0,2025-06-23 08:02:16,"Your *body* (*{月}*) excretes something that is commonly used for fertilizer.  Sometimes this process is slow, so you solve a *rubik's cube* (*{巴}*) while you sit and wait."
1757,甘,"sweet",0,2025-06-23 08:03:22,"Girls are kinda sweet until they reach their twenties. So *20* (*{廿}*) minus (*{一}*)."
1758,紺,"navy blue",0,2025-06-23 08:04:39,"The schoolgirls in navy blue *threads* (*{糸}*) licked *sweet* (*{甘}*) ice cream cones."
1759,某,"so-and-so",0,2025-06-23 08:04:57,"Lately I've been seeing a lot of so-and-so girls on the street. They have *sweet* (*{甘}*) faces, but their bodies look like *tree* (*{木}*) trunks."
1760,謀,"conspire",0,2025-05-22 15:04:26,"When you conspire against someone, you use the *word* (*{言}*) ""so-and-so"" (*{某}*) in case they or one of their friends is listening."
1761,媒,"mediator",0,2025-06-23 08:05:34,"In a divorce, the *woman* (*{女}*) needs a mediator because she won't talk to that *so-and-so* (*{某}*)."
1762,欺,"deceit",0,2025-06-25 15:26:58,"My opponent in a game of chess used deceit and now a *rook* (*{其}*) is what I *lack* (*{欠}*)."
1763,棋,"chess piece",0,2025-06-23 08:09:41,"#Chess piece# = *wooden* (*{木}*) *rook* (*{其}*)."
1764,旗,"national flag",0,2025-06-23 08:10:01,"The United Republic of Chess' #national flag# is actually a *banner* with a *rook* (*{其}*), that way they can hang it at every tournament."
1765,期,"period",1,2025-06-23 08:10:22,"The slowest remote chess game ever: a *rook* (*{其}*) moves in a period of a *month* (*{月}*)."
1766,碁,"Go",0,2025-06-23 08:10:31,"#Go# is *chess* played with *stones*."
1767,基,"fundamentals",0,2025-06-23 08:10:41,"Fundamentals of *chess*: use the *rooks* (*{其}*) to protect your *ground* (*{土}*)."
1768,甚,"tremendously",0,2012-08-03 16:11:40,"It's a #tremendous# match between the two chess-players. They are clearly each other's equal."
1769,勘,"intuition",0,2019-04-09 15:45:07,"Intuition is a *tremendous*(*{甚}*)ly *power*(*{力}*)ful resource of the mind."
1770,堪,"withstand",0,2024-03-27 19:17:15,"Because I hid myself behind a huge *dirt* (*{土}*) barrier I dug, I was able to withstand the *tremendously* (*{甚}*) strong nuclear blast."
1771,貴,"precious",0,2025-04-30 13:47:48,"Inside your *purse* is all of your *money* (*{貝}*) and your keys (き) etc.  All of your precious valuables."
1772,遺,"bequeath",0,2025-06-25 03:28:19,"Bilbo bequeathes the ""*precious*"" (*{貴}*) to Frodo, who will carry it on the long *road* (*{辶}*) to Mordor."
1773,遣,"dispatch",0,2012-08-01 16:24:19,"#Dispatch# all cars and *chase* the *maestro*! He's gone crazy and stolen a lady's *purse*!"
1774,舞,"dance",0,2025-08-21 16:51:16,"I learned (*{無}*) first because it is a very common kanji. Probably easier to think of this kanji in that context. Attractive dancers should dance wearing #nothing# but #sunglasses#."
1775,無,"nothingness",0,2025-05-22 15:02:09,"When I enter the *wooden tub* heated by *burning flames* (*{灬}*) in the onsen, I can let all my worries slip away and be submerged into nothingness"
1776,組,"association",0,2025-06-24 16:13:52,"I tie a *thread* (*{糸}*) around items on my *shelf* (*{且}*) that have an association with each other."
1777,粗,"coarse",0,2025-08-21 17:30:12,"Refined rice [(*{精}*)] can only be found in exclusive grocery shops. Coarse *rice* by contrast fills the supermarket *shelves* - don't go looking for anything else there."
1778,租,"tariff",0,2025-06-24 16:15:22,"The EU and US impose such high tariffs on food imports that third world *wheat* (*{禾}*) (the most basic of staples) never reaches first world supermarket *shelves* (*{且}*)."
1779,祖,"ancestor",0,2020-12-13 15:36:26,"The ancestor worship is so common in Daoist and buddhist countries that you can buy tiny *altars* (*{礻}*) to put on the *shelves* (*{且}*), one for each deceased family member."
1780,阻,"thwart",0,2025-06-24 16:15:56,"In a last ditch effort to #thwart# the invaders of *The Pinnacle* (*{阝}*), they push glass *shelves* (*{且}*) over the edge onto their heads below."
1781,査,"investigate",0,2025-02-28 15:33:42,"A whole team of cops is sent to #investigate# how a *tree* (*{木}*) could grow on top of a *shelf* (*{且}*) with no soil or water."
1782,助,"help",0,2020-10-28 11:31:47,"HELP! Someone's pinned under this *shelf* (*{且}*) and it's going to take a lot of muscle *power* (*{力}*) to lift it off!"
1783,宜,"best regards",0,2025-06-24 16:17:04,"It seems like every time my Japanese friends send me their best regards, they accompany them with a gift. Over time, I've gotten so many that I had to buy a *house* (*{宀}*) which contains nothing but several fancy *shelves* (*{且}*). Each shelf is dedicated to a certain friend of mine and contains every last one of their presents."
1784,畳,"tatami mat",0,2025-03-09 18:46:57,"the king is peacefully sleeping on his new tatami mat when all of a sudden a *shelf* (*{且}*) falls over and kills him.  You can see his *crown* (*{冖}*) poking out and the *brains* (*{田}*) splatter out the top of his head from all the pressure"
1785,並,"row",0,2025-06-20 17:03:53,"Roman numeral II with 2 rows of animal *horns* (*{丷}*)."
1786,普,"universal",0,2025-06-24 16:17:51,"People at Universal Studios wait in a *row* (*{並}*) so long that the *sun* (*{日}*)  goes down."
1787,譜,"musical score",0,2017-07-28 05:45:52,"A musical score is in a language that is *universal* (*{普}*)."
1788,湿,"damp",0,2025-06-26 09:16:08,"If you're out sailing on the *water* (*{氵}*) and it begins to get damp, beware: Thor (*{显}*) is getting angry and there's a thunderstorm coming!"
1789,顕,"appear",0,2025-06-26 09:12:52,"One day *Thor* (*{显}*) appeared in the sky, turning everyone's *heads* upwards."
1790,繊,"slender",0,2025-06-26 09:00:56,"The *Viking* (*{业}*) sentries wore microfiber *threads* (*{糸}*) and stood on the *soil* (*{土}*), guarding the *fiesta* (*{戈}*) ."
1791,霊,"spirits",0,2025-06-30 05:39:13,"In the *rain* (*{雨}*), stuck between *two* (*{二}*) worlds, are the *Viking* (*{业}*) spirits."
1792,業,"profession",0,2012-08-01 16:31:35,"A truly gruesome profession: an abattoir worker. Where the carcasses are *upside down in a row* that have *not yet* been cut up into sausages and steaks."
1793,撲,"slap",0,2025-06-26 09:08:48,"Did you know that *professional* (*{業}*) *finger* (*{扌}*) slapping is a spectator sport?"
1794,僕,"me",0,2012-08-01 16:32:33,"Building on johnskb:
Although it goes against the Heisig method, this story is a lot easier to remember when you know it's the kanji for ""boku.""  Males usually use either ""boku"" or ""ore"" (instead of ""watashi"") to refer themselves.  ""Boku"" is slightly boyish and soft; ""ore"" is rough & tough.  Mr. T would definitely use ""ore"" -- but when he's one of the husbands hung upside down in a row about to be punished by his wife, he puts on a sweet act and switches to ""boku"" when he pleads ""come on baby, it's ME!"""
1795,共,"together",0,2025-08-21 16:51:52,"The character for (*{洪}*) gave me the idea to use together as a primitive for *Noah's Ark*. Noah kept plenty of *salad* on board to entice the animals with their *animal legs* to scurry on board together, two by two."
1796,供,"submit",0,2025-08-21 17:30:53,"*Mr. T* (*{亻}*) submits a resume *together* (*{共}*) with his application. ""I pity da foo don't got no resume!"" he says.

It took over 600 frames for *Mr. T* (*{亻}*) to (*{作}*) the *Ark*, but when he was finally done, he cast his saw aside and submitted the *Ark* to Noah for his approval. ""I pity the foo who doesn't climb aboard this ark,"" said Noah to his friend. (*{共}*) ??"
1797,異,"uncommon",0,2025-06-24 16:29:41,"It was uncommon to share a *rice field* (*{田}*) *together* (*{共}*); everyone worked their own land."
1798,翼,"wing",0,2020-10-18 17:06:04,"The thing about feathers is that they usually cover the entire bird.  A creature with *feathers* (*{羽}*) only on its #wings# would be very *uncommon* (*{異}*)."
1799,洪,"deluge",0,2025-06-24 16:26:11,"When *water* (*{氵}*) comes *together* (*{共}*), that makes a deluge."
1800,港,"harbor",0,2025-06-24 16:27:00,"During a *deluge* (*{洪}*), the poor *snake* (*{己}*) gets washed into the #harbour#."
1801,暴,"outburst",0,2024-03-27 19:16:15,"Having spent all *day* (*{日}*) stringing *together* (*{共}*) *grains of rice* he suddenly had an outburst, ""I can take it any longer!"""
1802,爆,"bomb",0,2020-07-13 04:35:05,"Actually means explosion: like an *outburst* (*{暴}*) of *fire* (*{火}*)."
1803,恭,"respect",0,2025-06-29 15:27:16,"If you wanna stay *together* (*{共}*) you have to show your *valentine* respect."
1804,選,"elect",0,2025-06-29 15:29:04,"You see two *snakes* (*{己}*) *together* (*{共}*) on the *road* (*{辶}*). You can't avoid both, so you have to elect which one gets run over."
1805,殿,"Mr.",0,2025-06-29 15:30:17,"#Mr.# President! We all stand here under this *flag* (*{尸}*) *together* (*{共}*) under a national *flag*. We are launching nuclear *missiles* (*{殳}*) now!"
1806,井,"well",0,2025-03-11 17:43:18,"I nearly died by falling in a #well#.  Actually, on *two* (*{二}*) separate occasions.  I'm glad to see they've added these  *fence posts*.  Now the #well# will be much safer."
1807,囲,"surround",0,2025-03-05 18:08:50,"The village #surround#ed the *well* (*{井}*) with a *wall* (so that it was *pent in* (*{囗}*) so kids wouldn't fall in."
1808,耕,"till",0,2025-05-09 16:04:05,"If you just grow your *Christmas tree* (*{耒}*) in a *well* (*{井}*), there will be no need to till the soil."
1809,亜,"Asia",0,2025-06-29 15:31:17,"In Asia, people use *II* chopsticks to get things into their *mouth* (*{口}*). Just imagine someone shoving a piece of sushi into their mouths with chopsticks."
1810,悪,"bad",0,2024-04-28 18:22:19,"Because *Asian* (*{亜}*) people started to eat Western food, their *hearts* (*{心}*) became bad and they started having *heart* (*{心}*) attacks."
1811,円,"circle",0,2012-08-01 16:37:52,"The shape of a Yen coin."
1812,角,"angle",0,2025-05-26 03:05:06,"A museum display of two *walking sticks* (*{丨}*) *bound up* (*{勹}*) together under a glass canopy, showing the first device used to measure an angle."
1813,触,"contact",0,2020-08-15 16:27:01,"If they place their antenna at just the right *angle* (*{角}*), two  *insects* (*{虫}*) can get in contact with each other."
1814,解,"unravel",0,2025-01-12 14:57:56,"Did you know that you can unravel a cow? If you choose exactly the correct *angle* (*{角}*) to stick the sword (*{刀}*) in, the whole *cow* (*{牛}*) will just unravel."
1815,再,"again",0,2020-10-10 18:18:00,"The *king* (*{王}*) has eaten too much and has to get a replacement *belt* (*{冂}*)  #again#.  See his fat rolls hanging over?"
1816,講,"lecture",0,2025-06-29 15:33:42,"I take my professors lecture and put the *words* (*{言}*) into a text file with a *funnel* (*{冓}*). The bigger the funnel, the more accurate the conversion, so picture a bunch of laptops with large, unwieldy funnels attached to the USB port."
1817,購,"subscription",0,2025-06-29 15:34:08,"Subscription *money* (*{貝}*) comes in via a *funnel* (*{冓}*), because the receiving end is small (just one company) and the other end is wide (the whole country)."
1818,構,"posture",0,2025-04-01 18:19:47,"A farm girl uses a *wooden* (*{木}*) *funnel* (*{冓}*) as a corset to improve her posture."
1819,溝,"gutter",0,2025-06-29 15:35:34,"*Water* (*{氵}*) is *funnelled* (*{冓}*) by a gutter."
1820,論,"argument",0,2025-06-12 08:39:07,"Arguments are naturally carried out with *words* (*{言}*) at *academic conferences* (*{侖}*).

Right part: *academic conference* (*{侖}*):  a *meeting*, some of the attendees making notes in *scrapbooks* during presentation."
1821,倫,"ethics",0,2025-06-29 15:36:31,"*Mr. T* (*{亻}*) talks about ethics at the *academic conference* (*{侖}*).  ""I pity the fool who gets caught plagiarising someone else's stuff!"""
1822,輪,"wheel",0,2025-08-21 17:31:28,"Someone stole all the wheels off the ladies' *cars* (*{車}*) at the scrapbook  (*tome* (*{冊}*)) convention (*meeting* (*{亼}*)).

[*academic conference* (*{侖}*)]"
1823,偏,"partial",0,2025-04-18 18:24:17,"Comic book is a nice idea. It's a sort of *scrapbook* that is like a *door* to a different kind of reality. *Mr. T* (*{亻}*) is always partial (unfair) on the subject of comic books, because he doesn't like them."
1824,遍,"everywhere",0,2025-06-29 16:12:19,"A *tome* (*{冊}*) is a *door* (*{戸}*) that takes you down the *road* (*{辶}*) to everywhere you've ever been."
1825,編,"compilation",0,2025-05-23 16:51:12,"A compilation is knit together by a common *thread* (*{糸}*), but many of these *tomes* (*{冊}*) are just 20-lb *door* (*{戸}*) stops."
1826,冊,"tome",0,2012-08-01 17:28:46,"A pictograph of The Lord of the Rings Trilogy viewed end on: All *3* tomes held together with *one ribbon* - ""one ribbon to bind them all""."
1827,典,"code",0,2025-06-30 05:25:38,"#Coding# is a *tool* (*{具}*) which you can use to *bend* (*{曲}*) the computer to your will."
1828,氏,"family name",0,2012-08-02 04:46:27,"Looks a bit like Ft => #F#amily #t#itle => Family name"
1829,紙,"paper",0,2025-06-30 05:27:00,"All that *threads* (*{糸}*) you to your *family name* (*{氏}*) is a piece of paper."
1830,婚,"marriage",0,2025-06-30 05:27:23,"A *woman* (*{女}*) gets a new *family name* (*{氏}*) on the *day* (*{日}*) of her marriage."
1831,低,"lower",0,2025-03-18 18:06:24,"*Mr. T* (*{亻}*) travels to Japan and knows he must bow #lower# when presenting his *business card* (*{氐}*)."
1832,抵,"resist",0,2020-10-18 13:47:26,"Most japanese find it impossible to resist pushy businessmen in Japan when they push their damned *business cards* (*{氐}*) into your *fingers* (*{扌}*)."
1833,底,"bottom",0,2025-06-30 05:30:03,"I put all those useless *business cards*  (*{氐}*) at the bottom of  a *cave* (*{广}*)."
1834,民,"people",0,2025-06-30 05:30:32,"All the #people# of the world using their *mouths* (*{口}*) to shout their *family name* (*{氏}*)."
1835,眠,"sleep",0,2017-05-21 09:10:48,"In an Orwellian sense, the eye (*{目}*) watching the *people* (*{民}*) never sleeps."
1836,捕,"catch",0,2025-06-30 05:31:19,"I was retreating from the battlefield.  In the chaos, my friend threw his *dogtags* (*{甫}*) at me to give to his family.  I managed to catch them with my *fingers* as the chopper was lifting off."
1837,浦,"bay",0,2025-06-30 05:31:49,"The *water* (*{氵}*) of the #bay# washes all the *dog tags* (*{甫}*) up after the battle."
1838,蒲,"bullrush",0,2025-06-30 05:32:22,"Bulrush was the *flower* (*{艹}*) that you could see near almost every *bay* (*{浦}*) in Japan before the Japanese started putting concrete everywhere."
1839,舗,"shop",0,2025-06-30 05:32:54,"A shop in an impoverished country is just a *cottage* (*{舎}*) with a *dog tag* (*{甫}*) identifying it."
1840,補,"supplement",0,2025-03-14 15:27:21,"I usually hear supplement in ""dietry supplement"". So you're given a *cloak* (*{衤}*) for extra fibre and *dog tags* (*{甫}*) for extra iron. Keeps you regular and stops you feeling tired and run-down."
1841,邸,"residence",0,2025-06-30 05:33:33,"The *business card* (*{氐}*) says his residence is just to the left of the *city walls* (*{阝}*).  Can you find it?  Yep, got it."
1842,郭,"enclosure",0,2025-06-30 05:33:49,"Even the *tall* *kids* can't get out of the enclosure that is the *city walls* (*{阝}*)."
1843,郡,"county",0,2025-06-30 05:34:07,"County cricket. ""I say *old boy* (*{君}*), you've hit that ball clear over the *city walls* (*{阝}*). That's six and out!"""
1844,郊,"outskirts",0,2025-06-30 05:34:43,"The country folk and and the city folk *mingle* (*{交}*) at the outskirts of town, just past the *city walls* (*{阝}*)."
1845,部,"section",0,2025-06-30 05:35:23,"Within the *city walls* (*{阝}*), this section of town was so noisy that we had to *muzzle* (*{咅}*) them up."
1846,都,"metropolis",0,2025-04-30 14:07:59,"A vision of a futuristic metropolis: standing at the window of your 400th floor apartment, hand in hand with *someone* (*{者}*), gazing out at the gigantic *city walls* (*{阝}*) that you can never escape."
1847,郵,"mail",0,2025-06-30 05:36:52,"*Droopy Dog* (*{垂}*) delivers the #mail# by walking along the *city walls* (*{阝}*) and throwing it to the people below."
1848,邦,"home country",0,2025-06-30 05:38:01,"He reminisced about his home country: ""Ah, back in my home country, the *bushes* (*{丰}*) grew so high that they covered the *city walls* (*{阝}*)!"""
1849,郷,"hometown",0,2025-08-15 17:12:50,"Your home town is where you broke out of your *cocoon* ((*{乡}*) or perhaps (*{幺}*)) (were born), and where you left when your hair was *bright silver* (*{艮}*) (died); your whole life was spent inside the *city walls* (*{阝}*)."
1850,響,"echo",0,2020-10-08 16:29:53,"A person's voice is like an echo of *sound* (*{音}*) from their *hometown* (*{郷}*)....you can always tell where they're from by how they talk."
1851,郎,"son",0,2025-07-02 05:54:29,"In the story of the Prodigal Son, the *good* (*{良}*) son stays within the *city walls* (*{阝}*)."
1852,廊,"corridor",0,2025-04-14 04:19:56,"Your *son* (*{郎}*) plays in the corridor pretending he's exploring a *cave* (*{广}*)."
1853,盾,"shield",0,2025-07-02 05:42:39,"This is a magic shield with *ten* (*{十}*) *eyes* (*{目}*) which has the power to *drag* the victim towards it."
1854,循,"sequential",0,2020-12-03 18:10:41,"A *column* (*{彳}*) of  soldiers, each bearing a *shield* (*{盾}*), advancing sequentially to avoid revealing the size of their army. (Think ""Sandpeople always ride single file to hide their numbers"" from Star Wars)."
1855,派,"faction",0,2012-08-02 08:16:44,"Drag + rag gave me trouble until I came up with *zombie* for it.

The *zombie* population became more diverse, separating into different factions. One of them being the *water* Zombies."
1856,脈,"vein",0,2025-04-14 18:30:47,"The vein is the part of the *body* (*{月}*) most lusted after by the flesh hungry *zombies*."
1857,衆,"masses",0,2015-07-18 16:38:51,"*blood* splattered over masses of *zombies*."
1858,逓,"parcel post",0,2012-08-02 08:18:32,"(I prefer *2 towels* over cornstalk and belt) - Have you ever wondered why your parcels always end up in such bad condition when you get them? Or why you never get them at all? That's because you've never looked at how they're actually delivered - each postman is given a load of parcel post and *2 towels* on which to *drag* them down the *road*."
1859,段,"grade",0,2025-06-14 14:12:56,"This is a military-#grade# *staple gun* (see the extra tick)! It can be loaded with real *missiles* (*{殳}*)."
1860,鍛,"forge",0,2025-06-23 03:35:13,"*Metal* (*{金}*) has to be forged many times over in order to reach a high *grade* (*{段}*)."
1861,后,"empress",0,2025-07-02 05:44:37,"The *F* word often comes out of the *mouth* (*{口}*) of the empress."
1862,幻,"phantasm",0,2025-06-25 16:32:45,"After the play, The Phantasm of the Opera hangs up his cape on a *clothes hanger* (フ) and returns to his *cocoon* (*{幺}*) to sleep."
1863,司,"director",0,2025-07-02 05:45:10,"Director with one big mouth stuck on a hanger."
1864,伺,"pay respects",0,2017-06-16 05:58:03,"*Mr. T* is the *director* (*{司}*). You better #pay respects# to him!"
1865,詞,"parts of speech",0,2022-10-10 09:33:00,"Whatever you *say* (*{言}*), the  *director* (*{司}*) is picky about the #parts of speech# you use."
1866,飼,"domesticate",0,2025-06-12 15:50:20,"After a pride of hungry lions *eat* (*{飠}*) the *director* (*{司}*), the producer decides to tone down his documentary and film domesticated cats instead."
1867,嗣,"heir",0,2025-07-02 05:46:15,"The *director's* (*{司}*) *mouth* (*{口}*) dropped open as he flipped through the *tome* (*{冊}*) of properties to which  he was about to become heir."
1868,舟,"boat",0,2025-07-02 05:46:43,"try not to get any *drops* (*{丶}*) on the navigational *AI* of the boat"
1869,舶,"liner",0,2025-07-02 05:47:12,"The most famous liner is the Titanic, which struck an iceberg and sank. Just imagine that huge *boat* (*{舟}*) striking an even larger mass of *white* (*{白}*) ice."
1870,航,"navigate",0,2022-06-03 07:33:35,"To navigate a *boat* (*{舟}*) through a *whirlwind* (*{亢}*) takes a skilled sailor."
1871,般,"carrier",0,2025-07-02 05:48:11,"A carrier is a *boat* (*{舟}*) with *missiles* (*{殳}*)."
1872,盤,"tray",0,2017-10-14 05:32:35,"What do you call a *carrier* (*{般}*) of *dish*es (*{皿}*)?  A tray."
1873,搬,"conveyor",0,2015-08-27 15:20:57,"When workers neglect workplace safety, their fingers get cut off and carried away by the conveyor belt, which looks like a '*finger* *carrier* (*{般}*)' in that case."
1874,船,"ship",0,2025-07-02 05:49:26,"A boy floats his toy *boat* (*{舟}*) in a *gully* (㕣) and imagines it to be an immense ship."
1875,艦,"warship",0,2025-07-02 05:49:50,"The warship towers over the smaller *boats* (*{舟}*), to *oversee* (*{監}*) their safe passage from port to port."
1876,艇,"rowboat",0,2025-07-04 09:08:05,"In Venice, the *boat* (*{舟}*) used by the *courts* (*{廷}*) to transport criminals is a rowboat."
1877,瓜,"melon",0,2025-06-11 05:30:04,"M for melon. 瓜elon."
1878,弧,"arc",0,2025-05-09 02:12:39,"Joan of Arc (""arc"" also means ""bow"" in french) is practicing with a *bow* (*{弓}*), shooting at a *melon* (*{瓜}*) in a distant field."
1879,孤,"orphan",0,2025-06-11 05:29:35,"Adopt an orphan *child* (*{子}*) today and receive a free *melon* (*{瓜}*)."
1880,繭,"cocoon",0,2025-07-04 09:10:13,"This is a simple two-column manga showing the metamorphosis of a caterpillar into a cocoon. 

First, the caterpillar gets under a large flower (*{艹}*)
Then, in the first frame, we see the caterpillar (*insect* (*{虫}*)). 
Then, a bar separating this frame from the next frame (remember that Japanese manga run the other way!), in which we see the *insect* (*{虫}*) covered with *thread* (*{糸}*), making a beautiful cocoon."
1881,益,"benefit",0,2025-07-04 09:11:08,"The benefit of having sharp *horns* (䒑) and fast *legs* is that an animal can get to the food *dish* (*{皿}*) first."
1882,暇,"spare time",0,2025-08-21 17:32:00,"She spends the spare time she has during the day (especially SUNdays (*{日}*)) on her favorite *hobby* (*{叚}*) (creating flags with streamers while drinking コーヒー and sitting crossed legs).

Tip: The complex right side of this kanji appears twice more in Heisig. He later names it *hobby* (*{叚}*). REF: (*{蝦}*), (*{霞}*)."
1883,敷,"spread",0,2025-07-04 09:14:40,"After working *ten* (*{十}*) *fields* (*{田}*) he was ready to *drop* (*{丶}*) (spread out), under the *direction*(*{方}*) of the harsh taskmaster (*{攵}*)."
1884,来,"come",0,2025-07-04 09:14:56,"*One* (*{一}*) serving of *rice* (*{米}*) #coming# up!"
1885,気,"spirit",0,2025-07-04 09:16:14,"Spirit rises like *steam*  (*{气}*) from spot marked by *X*."
1886,汽,"vapor",0,2025-07-04 09:17:39,"*Water* (*{氵}*) vapour almost looks like a *spirit* (*{汽}*) but is just *steam* (*{气}*)."
1887,飛,"fly",0,2025-07-04 17:18:18,"Two *hummingbirds* flying to feed at a *measuring box* (*{升}*) filled with sugar water. #This kanji is famous for having hard-to-remember stroke order. #  Try it this way: first a *hummingbird* #flies# over the *measuring box walls backwards*.  But finally the other *hummingbird* manages to stick its beak right through them."
1888,沈,"sink",0,2025-05-04 18:50:32,"This is the famous story of Archimedes and the Crown, where buoyancy was discovered. Watching the *crown* (*{冖}*) sink in the *water* (*{氵}*), Archimedes detected the fraud and ran naked through the city (*human legs* (*{儿}*) distorted from running) yelling ""Eureka! Eureka!""."
1889,妻,"wife",0,2025-07-04 09:18:28,"Your wife's fingernails are like *ten* (*{十}*) rakes clawing into you. What a savage *woman* (*{女}*)."
1890,衰,"decline",0,2025-08-21 17:32:33,"If you thought that the dude in 哀 was *pathetic* (*{哀}*), you haven't seen him after his decline. Here he is carrying a stick around in his mouth like a dog, begging people to throw it for him. Note that the mouth is closed only after the stick goes in, as is only logical."
1891,衷,"inmost",0,2025-08-21 17:32:53,"The guy from (*{哀}*) shared his inmost feelings with a girl and she rammed a *walking stick* down his throat. It ruptured his inmost organs."
1892,面,"mask",0,2025-07-04 09:19:46,"When Jim Carrey puts on #The Mask#, he can make it seem like he has *100* (*{百}*) *eyes* (*{目}*) popping out of his head."
1893,革,"leather",0,2025-03-06 12:44:32,"You can feed *twenty* (*{廿}*) *mouths* (*{口}*) for the price of *ten* (*{十}*) leather coats."
1894,靴,"shoes",0,2020-06-14 16:25:45,"*Leather* (*{革}*) shoes are nice because they *change* (*{化}*) shape to fit your foot."
1895,覇,"hegemony",0,2025-07-04 09:20:54,"In the *Old West* (*{覀}*), cowboys had #hegemony# OVER the Indians despite their *leather* (*{革}*) craft and ability to navigate by the *moon* (*{月}*)."
1896,声,"voice",0,2025-07-04 09:21:46,"When an enemy's *flag* (*{尸}*) is raised, a true *samurai* (*{士}*) can *split* it in half with just his voice."
1897,呉,"give",0,2012-08-03 17:03:02,"As a present, I #give# my dentist a *hand-crank tool* for spreading *mouths*. He is so happy since it makes his job easier."
1898,娯,"recreation",0,2025-03-27 10:51:07,"A *woman* (*{女}*) needs recreation time so *give* (*{呉}*)  your wife time alone away from the kids."
1899,誤,"mistake",0,2025-08-21 17:33:17,"It is a rookie #mistake# to believe the *words* (*{言}*) when your girlfriend says ""You don't have to *give* (*{呉}*) me anything for my birthday."" Trust me, she wants something, something shiny, and if you disappoint, you will suffer."
1900,蒸,"steam",0,2020-10-24 16:54:47,"Note: *complete + water + floor* are later combined into *helping hand* (*{丞}*). Story: The driver of a steam train asks you for a *helping hand* and explains that your job is to throw *flowers* (*{艹}*) on the *fire* (*{灬}*) to make the steam."
1901,承,"acquiesce",0,2025-07-05 05:36:19,"Elizabeth was disinclined to acquiesce to Barbosa’s request until he dunked her *completely* (*{了}*) in the bilge*water* *three* (*{三}*) times. (I know this story makes me a dork, but the line from the movie is all that pops into my head now when I hear the word “acquiesce.”)"
1902,函,"bin",0,2025-07-05 05:37:22,"Blasted racoons: I'll show them! I put a *snare* (*{丂}*) in the bin as well as a few phosphorous sparklers so as to scare them as they rummage through it."
1903,極,"poles",0,2024-04-28 18:25:27,"Can simplify this using *decay* (*{朽}*). Then: The expedition to the poles is bad for your health, and the *decay* that started in your *mouth* (*{口}*) spreads to your *crotch* – at which point you fall to the *floor*."
1904,牙,"tusk",0,2012-08-04 17:57:43,"the kanji looks like an elephant with tusks. the box is the elephant's eye. The final stroke is the tusk"
1905,芽,"bud",0,2025-07-05 05:38:29,"Zoo keepers are baffled as to why the tips of the elephant's *tusk* (*{牙}*) keeps #budding# into *flowers* (*{艹}*)."
1906,邪,"wicked",0,2025-07-05 05:38:52,"The #wicked# queen uses *tusks* (*{牙}*) to build her *city walls* (*{阝}*)."
1907,雅,"gracious",0,2025-06-25 07:28:03,"""Goodness gracious! A  *tusk* (*{牙}*)!"" on a *turkey* (*{隹}*) screamed the elegant lady walking through the GM farm."
1908,釈,"interpretation",0,2024-04-15 14:19:01,"The magical *shakuhachi* (*{尺}*) can provide an interpretation for *animal tracks* (*{釆}*)."
1909,番,"turn",0,2025-02-15 18:03:48,"the farmers take it in turns to watch out for any *animal tracks* (*{釆}*) in their *rice field* (*{田}*)."
1910,審,"hearing",0,2025-04-30 14:06:08,"In the *house* (*{宀}*) of law, both sides take *turns* (*{番}*) during the hearing."
1911,翻,"flip",0,2012-08-04 18:00:33,"Don't play *dice* with birds. When you're not looking, they'll flip the *dice* with their *feathers*."
1912,藩,"clan",0,2020-10-25 11:47:31,"Each member of the clan has to take his *turn* (*{番}*) at *water*ing (*{氵}*) the *flowers* (*{艹}*).  The order they do it in is decided by a roll of the *dice*."
1913,毛,"fur",0,2025-04-09 07:31:08,"I've heard of people having hair on the back of their *hands* (*{手}*), but this is ridiculous!  That's not hair, that's fur!"
1914,耗,"decrease",0,2025-07-05 05:41:43,"The amount of ""*fur* (*{毛}*)"" (needles) on a *Christmas tree* (*{耒}*) decreases, until it doesn't look all that good."
1915,尾,"tail",0,2025-07-05 05:42:17,"A dog waves its *fur* (*{毛}*) - covered tail like a *flag* (*{尸}*)."
1916,宅,"home",1,2025-07-05 05:43:00,"Wherever I hang a *lock of hair* (*{乇}*) in my *house* (*{宀}*), that's my home."
1917,託,"consign",0,2025-07-05 05:43:50,"When you consign a matter to someone, you get their *word* (*{言}*) and a *lock of their hair* (*{乇}*) (to be used in a voodoo ritual if they don't keep their word)."
1918,為,"do",0,2012-08-05 02:12:54,"Am I the only one that sees a pictograph of a tank here?
You have the cannon at top, with it's two story body and chain wheels (the tail feathers).
You can also see someone standing on the top holding the side machine gun (the drop)."
1919,偽,"falsehood",0,2025-07-05 05:44:39,"*Mr. T* (*{亻}*) doesn’t do (*{為}*) falsehood. It goes against everything he stands for. “I pity da foos who revel in falsehoods!”"
1920,長,"long",0,2012-08-05 02:15:17,"The *mane* which needs a *hairpin* is too long."
1921,張,"lengthen",0,2016-10-11 05:48:54,"The longbow is follows the design of a standard *bow* (*{弓}*), only it is *long* (*{長}*), that is, it has been lengthened."
1922,帳,"notebook",0,2025-07-05 05:45:38,"In ancient China books were rolled-up scrolls of paper. So notebooks were nothing more than *towels* that were *long* (*{長}*)."
1923,脹,"dilate",0,2025-07-05 05:46:18,"Staying out in the dark *moonlit* (*{月}*) sky for a *long* (*{長}*) time, your pupils dilate."
1924,髪,"hair of the head",0,2025-08-21 17:33:39,"*Friends* (*{友}*) influence how *long* (*{長}*) each other's #hair of the head# is and its  *shape* (*{彡}*). 

(Also (*{髟}*) is *mane*)"
1925,展,"unfold",0,2012-08-05 02:18:26,"Unfold the *flag*, take out the *salad*, pin the flag down with *hairpins* and have a picnic."
1926,喪,"miss",0,2020-11-06 16:58:07,"*Ten* (*{十}*) days ago, our *two mouths* (*{口}*) met for the last time... then she gave me her *hairpin* as a sayounara gift. How I miss my Geisha girl..."
1927,巣,"nest",0,2025-04-14 04:21:33,"*Owls* (⺍) only nest in *fruit* (*{果}*) trees."
1928,単,"simple",0,2025-05-03 11:53:21,"*Owls* (⺍) are smart...for this *owl* (⺍) everything is simple because his *brain* (*{田}*) is *ten* (*{十}*) times more powerful than mine."
1929,戦,"war",0,2020-12-02 13:34:56,"George W. Bush's plans for war were so *simple* (*{単}*).  To him, it's all just a big *fiesta* (*{戈}*)."
1930,禅,"Zen",0,2025-07-08 07:40:51,"Knowing the Zen emphasis on “nothingness,” it’s not hard to envision a Zen *altar* (*{礻}*) being quite clean and *simple* (*{単}*)."
1931,弾,"bullet",0,2025-07-08 07:41:26,"Hunting with a *bow* (*{弓}*) is too complicated. I'm switching using a bullet: it's so *simple* (*{単}*)."
1932,桜,"cherry tree",0,2025-04-09 07:34:07,"I was taking a picture of my *girlfriend* (*{女}*) under the cherry tree during 花見, when an *owl* (⺍) happened to poop on her at the exact moment the shutter snapped."
1933,獣,"animal",0,2025-04-09 07:35:13,"The *owl* (⺍)  looks for its prey in the *rice field* (*{田}*). It sees so many potential #animal#s to eat but since it only has *one* (*{一}*) *mouth* (*{口}*), it decides that the tasty looking *chihuahua* (*{犬}*) will be its meal for tonight."
1934,脳,"brain",0,2025-07-08 07:42:56,"The *brain* is the part of the *body* (*{月}*) that can give you the wisdom of the *owl* (⺍)... or the wickedness of the *villain* (*{凶}*)."
1935,悩,"trouble",0,2025-05-03 11:55:08,"The *owl* (⺍) *villain* (*{凶}*) is the one that troubles me most of all the super-*villains*. He's just so smart... you never know what he'll do! Definitely enough to put you in a troubled *state of mind* (*{忄}*)."
1936,厳,"stern",0,2025-04-30 14:23:43,"This represents a stern looking *owl* (⺍), perched up on a *cliff* (*{厂}*). This cliff is quite famous for *daring* (*{敢}*) individuals to cliff dive from, but is any of them daring enough to threaten the owl?"
1937,鎖,"chain",0,2025-07-08 07:44:31,"A *gold* (*{金}*) chain with *small* (*{小}*) *seashells* (*{貝}*) hanging on it is in fashion these days."
1938,挙,"raise",0,2025-07-08 07:45:14,"This is a special *owl*(*{兴}*)-luring *tool*. All you need is to #raise# it in your *hand* (*{手}*). The *owl* will come flying and perch on it right away."
1939,誉,"reputation",0,2025-04-30 03:42:36,"This *owl*'s (⺍) reputation skyrocketed after he created a *tool* (*{具}*) in order to speak human *words* (*{言}*)."
1940,猟,"game hunting",0,2025-05-03 11:48:53,"The *wild dogs* (*{犭}*) are game-hunting the *owl* (⺍) who flies like the *wind* through the *corn stalks*."
1941,鳥,"bird",0,2012-08-05 02:42:49,"There is only *one* bird with such beautiful *white* tail feathers: the albino *peakcock*."
1942,鳴,"chirp",0,2025-03-06 12:35:49,"A chirp is the sound that comes from the *mouth* (*{口}*) of a *bird* (*{鳥}*)."
1943,鶴,"crane",0,2025-08-21 17:34:00,"The original version of the ""Ugly Duckling"" was about a crane who grew up in a *turkey coop.* Every other *bird* (*{鳥}*) made fun of it for not having a wattle or a snood or fanning its tail..."
1944,烏,"crow",0,2025-07-06 02:03:47,"A crow is a *bird* (*{鳥}*), but *not a white one*.

MEANING: write *bird* (*{鳥}*), but skip writing *one* in *white*."
1945,蔦,"vine",0,2025-07-08 07:46:55,"It's strange that you don't often see *flowers* (*{艹}*) on vines, that's because a sneaky *bird* (*{鳥}*) keeps swooping in and stealing them!"
1946,鳩,"pigeon",0,2025-07-08 07:47:27,"A pigeon defecates *nine* (*{九}*) times as often as any other *bird* (*{鳥}*). Or so it seems."
1947,鶏,"chicken",0,2020-11-02 05:20:18,"Ever since that *vulture* (*{爫}*) attacked my *husband* (*{夫}*) from above, he acts like a #chicken# whenever he sees a *bird* (*{鳥}*), fearing that it might be the vulture who has come back to finish the job."
1948,島,"island",0,2025-07-08 07:48:12,"On the *mountain* (*{山}*) of the island.. there was a *bird* (*{鳥}*) with no tail feathers."
1949,暖,"warmth",0,2024-10-02 07:12:34,"Follow the warmth of the *sun* (*{日}*), ""ducks migrate"" (*{爰}*) south for the winter... .

 (Mnemonic for migrating ducks: ducks always migrate together in pairs to protect themselves from vultures--they become friends in the process)."
1950,媛,"beautiful woman",0,2025-07-08 07:59:52,"You want to know about a beautiful woman? There's a *woman* (*{女}*) who's so beautiful, the *birds migrate* (*{爰}*) to her instead of following the sun!"
1951,援,"abet",0,2012-08-10 12:03:56,"You abet the escape of *migrating ducks* by pointing them the way with your *finger*."
1952,緩,"slacken",0,2025-04-27 15:54:23,"The *thread* (*{糸}*) was tense with all the *migrating ducks* (*{爰}*) perched on it, but it slackened when the entire flock flew away."
1953,属,"belong",0,2012-08-05 03:01:38,"These *insects* belong to an extremist group promoting insect independence. They are parading the *flag* of their group, the Nationalist *GNATS*, and wearing explosives *belts* for their planned terrorist war."
1954,嘱,"entrust",0,2014-12-30 12:31:14,"The commando *gnats* entrusted their *mouths* to the translators and what came out was ""All your base are *belong* (*{属}*) to us!"""
1955,偶,"accidentally",0,2025-07-09 10:16:50,"*Mr. T* (*{亻}*) accidentally stepped on *Jiminy Cricket* (*{禺}*) (a brainy insect, with a belt sort of sash to hold his ""conscience"" badge)."
1956,遇,"interview",0,2025-07-09 10:17:43,"On the *road* (*{辶}*) to my #interview# I bump into *Jiminy Cricket* (*{禺}*) who gives me some good advice."
1957,愚,"foolish",0,2025-07-09 10:18:06,"""Don't be #foolish#!"" says *Jiminy Cricket* (*{禺}*) as he lashes you with his belt. Follow logic, like me, not your *heart* (*{心}*)."
1958,隅,"corner",0,2025-07-09 10:18:38,"At *The Pinnacle* (*{阝}*), *Jiminy Cricket* (*{禺}*) has a favourite #corner# he likes to slip into for a long drink."
1959,逆,"inverted",0,2025-06-20 07:31:41,"There's a *road* (*{辶}*) that's been inverted- it's gone from horizontal to directly vertical! The only beast that could possibly climb it is a *mountain goat* (*{屰}*) with a tail of course."
1960,塑,"model",0,2025-07-09 10:21:02,"A legend says that if you model a *mountain goat*  (*{屰}*) (with tail and everything) from *soil* (*{土}*) and leave it in the light of the moon on the *first day of the month* (*{朔}*), the *soil* (*{土}*) will become *flesh* (*{月}*)."
1961,岡,"Mount",0,2025-07-09 10:21:33,"On mount Everest even *mountain goats* (*{屰}*) (= *mountain* (*{山}*) + 䒑) would need a *glass canopy* (*{冂}*) to keep them safe from the cold."
1962,鋼,"steel",1,2025-07-09 10:22:05,"Steel is the *metal* (*{金}*) from which *Mount* (*{岡}*) Fuji is made."
1963,綱,"hawser",0,2025-07-09 10:22:37,"*Spiderman* saves Japan from floating away by tying *Mount* (*{岡}*) Fuji to mainland Asia using a hawser made of *threads* (*{糸}*)."
1964,剛,"sturdy",0,2025-07-09 10:23:13,"*Mount* (*{岡}*) Fuji is very sturdy, you can hit it all day with a *sabre* (*{刂}*) and it will not even wobble."
1965,缶,"tin can",0,2012-08-05 03:25:30,"Horses kept in the mountains have a unique savory taste. At least so the text on this tin can would have us believe."
1966,陶,"pottery",0,2025-07-09 10:24:27,"At *The Pinnacle* (*{阝}*), traditional pottery is done by *binding* (*{勹}*) up a bunch of *tin cans* (*{缶}*) into whatever pot shape desired."
1967,揺,"swing",0,2012-08-05 03:26:35,"For the *condor* primitive: A #condor# is like a *vulture*, but *twice* as big and it lives near *mountains* (a suitable place for such a majestic bird).  For swing: I'm sitting on a swing when a *condor* comes by and picks up the whole swing set with its big *finger*-like claws and now I'm swinging in mid-air. Weeeeeeeee!!!!!"
1968,謡,"Noh chanting",0,2012-08-05 03:26:56,"#Noh chanting#?!?  I meant ""NO CHANTING!""  Now all you, just shut up!  Not another *word*!  Don't you know that chanting can provoke attacks from the local *condor*?  So, no chanting, and especially no #Noh chanting#."
1969,就,"concerning",0,2025-07-09 10:26:03,"in the *capital* (*{京}*) they have been having hearings concerning bioethics and bioengineering. They call as their first witness a *chihuahua* with *one human leg*"
1970,懇,"sociable",0,2024-05-23 02:47:07,"The *skunk* (*{豸}*) here is Pepe LePew of Looney Tunes fame. He's a very sociable skunk, as far as skunks go, but instead of having a ""heart of gold"" he has a heart of silver (since he always finishes second in the game of love)."
1971,墾,"groundbreaking",0,2012-08-05 03:28:48,"I got sprayed by a *skunk*, so no one is helping me with the groundbreaking of my farm. On a positive note, I found *silver* laying all over the *ground*. Mine all mine!"
1972,免,"excuse",0,2025-08-21 17:34:23,"Obviously this is the rabbit from Alice, excusing himself and rushing away on his legs, as he has a binding day schedule. This is at the same time an image, with bound=ears, day=head and legs are just legs. The image is used in (*{兎}*)."
1973,逸,"elude",0,2025-07-09 16:19:52,"A *rabbit* (*{免}*) on the *road* (*{辶}*) has a hard time #eluding# cars."
1974,晩,"nightfall",0,2025-07-09 10:27:26,"At nightfall the *sun* (*{日}*) asks to *excuse* (*{免}*) itself and goes to sleep."
1975,勉,"exertion",0,2020-10-04 10:33:20,"Notice how BUGS BUNNY's legs (hint about stroke extension) are starting to get big MUSCLES? It must be because he's always EXERTING himself on the run from Elmer Fudd (or from kicking the shit out of Elmer Fudd when he catches up!!). [*excuse* (*{免}*)]"
1976,象,"elephant",0,2025-07-10 03:28:39,"An elephant has huge ears, like a *rabbit*, and a big, fat body, like a *sow* (*{豕}*)."
1977,像,"statue",0,2025-07-10 03:29:15,"The statue of liberty is being replaced by a statue of *Mr. T* (*{亻}*) riding a *sow* (*{象}*)."
1978,馬,"horse",0,2012-08-05 03:32:57,"Ron again failed to transfigure a turkey into the horse properly. His horse still has a body of a *turkey* and a tail of a *peacock*.  Wicked ..."
1979,駒,"pony",0,2025-07-10 03:30:03,"The cute little innocent-looking plastic #pony# on the desk of a student is in fact a Trojan *horse* (*{馬}*), hiding *phrases* (*{句}*) in its belly which are used for cheating during an exam.  No #pony# will be permitted on desks during tests!"
1980,験,"verification",0,2025-06-20 10:29:22,"The verification proves the *horse* (*{馬}*) is real by poking it with an *ice pick* (㑒)."
1981,騎,"equestrian",0,2025-07-10 03:30:36,"If the equestrian team used a Trojan *horse* (*{馬}*), it would be really *strange* (*{奇}*)."
1982,駐,"parking",0,2025-07-10 03:32:01,"A *lord* (*{主}*) gets valet parking for his *horse* (*{馬}*)."
1983,駆,"drive",0,2025-07-10 03:32:34,"You have to be craaazzzzyy to drive a *horse* (*{馬}*) and buggy through a *ward* (*{区}*) of Tokyo!"
1984,駅,"station",0,2025-05-02 05:12:25,"Anyone living in Japan knows that train stations play little melodies when the train is about to arrive. In Ye Olden Days, when a *horse* (*{馬}*) and carriage was used for transport, the carriage driver would play a little melody on his *shakuhachi* (*{尺}*) to let the passengers know the carriage was arriving at the next station."
1985,騒,"boisterous",0,2025-07-10 03:33:15,"The hidden Greeks inside the Trojan *horse* (*{馬}*) are getting boisterous as one of them is bitten in the *crotch* by a nasty *insect* (*{虫}*). If they don't shut up, the Trojans will hear them..."
1986,駄,"burdensome",0,2025-07-10 03:33:48,"The Greek warriors inside the Trojan *horse* (*{馬}*) are complaining about this burdensome *plump* (*{太}*) warrior who is not helping at all (say, just eating candies and watching). - ""You know, you're such a burden!"". Note : be sure to keep ""plump"" distinct from the primitive meaning of ""round"" (""fat man"")."
1987,驚,"wonder",0,2017-03-11 03:14:14,"You stand in *awe* (*{敬}*) at the 8th wonder of the world, a huge Trojan *horse* (*{馬}*)."
1988,篤,"fervent",1,2025-07-10 03:34:40,"There's no need to use a *bamboo* (⺮) whip over a a fervent *horse* (*{馬}*): it wants go fast without any urging."
1989,騰,"inflation",1,2025-06-30 17:54:57,"Every *month* (*{月}*), the cost of a Trojan *horse*  (*{馬}*) rises one *quarter* (龹) thanks to inflation."
1990,虎,"tiger",0,2012-08-05 03:59:54,"Tigger, the tiger, (from the Pooh stories) is happy to have found a *magic wand*.  Using it he can bounce up to a the top of a *cliff*, *seven* times as high as some *human legs* could bounce.   #Tigger# thinks ""It's great to be a #tiger#!"
1991,虜,"captive",0,2025-07-10 03:35:47,"Captive *men* (*{男}*) are thrown to the *tigers* (*{虎}*)."
1992,膚,"skin",0,2017-04-01 03:39:39,"They say, ""there's more than one way to #skin# a cat"", but if you try to #skin# a tiger (*{虎}*) you might end up in its *stomach* (*{胃}*)."
1993,虚,"void",0,2020-11-29 13:52:27,"In Japanese folklore there is no hell, but there is the void. There, a *row* (*{並}*) of *tigers* (*{虎}*) waits in the blackness to devour those souls who have failed in their spiritual life."
1994,戯,"frolic",0,2025-07-10 03:36:37,"This is a story about the end of the universe.  The universe is turning into a featureless *void* (*{虚}*).  There's nothing we can do about it except throw a *fiesta* (*{戈}*) and frolic a little bit before it's all over."
1995,虞,"uneasiness",0,2012-08-05 04:01:37,"The dentist couldn't help but feel #uneasiness# as he used his *hand crank mouth tool* on the *tiger* in his chair."
1996,慮,"prudence",0,2025-03-14 16:56:21,"You have to think with prudence  about approaching a *tiger* (*{虎}*). *Think* (*{思}*) before you act!"
1997,劇,"drama",0,2025-03-18 17:55:10,"A great Indian #drama# acted out every year is how a poor Bengali boy fended off the *tigers* (*{虎}*) from his *pigs* (*{豕}*) using only a *sabre* (*{刂}*)."
1998,虐,"tyrannize",0,2022-10-14 17:29:16,"Here we see the evil tyrannizing *tiger* (*{虍}*). What is on his chest? A giant *E*, for EVIL, of course."
1999,鹿,"deer",0,2025-07-10 03:37:59,"This is a #deer# from the *Old West* (*{覀}*), in a *cave* (*{广}*). Just *compare* (*{比}*) it to European kind."
2000,薦,"recommend",0,2025-09-04 15:23:12,"One hunter to another: ""I #recommend# you use *flowers* (*{艹}*) to attract the *deer* (*{鹿}*) then use a *slingshot* to fire *tail feathers* at it""."
2001,慶,"jubilation",0,2012-08-05 04:04:38,"In this kanji, ""*deer*"" replaces the ""head"" primitive from the ""melancholy"" kanji. Poor Ned is feeling melancholy so Uncle Jimbo (of South Park animated series) suggests a good *deer* huntin' trip to fix that and turn that *melancholy* into jubilation."
2002,麗,"lovely",0,2025-09-04 15:23:23,"A *crocodile with raised eyebrows* (*{丽}*) eyes a lovely *deer* (*{鹿}*) it might have for dinner."
2003,熊,"bear",0,2021-10-11 02:56:38,"Most don't know it, but #bear#s have the *ability* (*{能}*) to walk on *fire* (*{灬}*). They're invincible creatures!"
2004,能,"ability",0,2025-04-21 05:04:19,"*Bears* (*{熊}*) don't have the ability to walk on *burning flames* (*{灬}*). (Remove 灬 from 熊)."
2005,態,"attitude",0,2017-03-03 13:27:23,"This guy has an attitude problem – lots of *ability* (*{能}*), but his *heart* (*{心}*) is not in it."
2006,寅,"sign of the tiger",0,2025-07-16 17:22:11,"I don't know why but when I read sign of the tiger I get the ""eye of the tiger song"" stuck in my head.  So I see Rocky training in his house.  He's hitting the *ceiling* (no punching bag), eating *brussel sprouts* to keep in good health and running with only the available *animal legs*: his dog."
2007,演,"performance",0,2016-11-14 04:17:49,"That was some great #performance#!   He caused the *water* to shoot up into the air and form the *sign of the tiger* (*{寅}*) in airborne droplets.  You sure missed a great  #performance#!"
2008,辰,"sign of the dragon",0,2012-08-05 06:17:17,"#Bruce Lee# is such a badass he climbed a sheer vertical *cliff* using only *2 hairpins*."
2009,辱,"embarrass",0,2025-07-16 17:23:57,"During the shooting of one of his first movies in China, *Bruce Lee* (*{辰}*) fell through the cheaply built movie set, and into a barrel of *glue* (*{寸}*). As you can imagine, to put *Bruce Lee* in that position must have caused great embarrassment to the producer. Note the hints in the story for the position of the primitives."
2010,震,"quake",0,2025-05-22 15:00:26,"*Bruce Lee* (*{辰}*) has magical abilities in his newest movie. He can conjure *rain* (*{雨}*) and make the Earth quake."
2011,振,"shake",0,2024-11-01 15:24:54,"*Bruce Lee* (*{辰}*) shakes the confidence of his opponents by simply waving his *fingers* (*{扌}*) in front of them, they know that each of them is a deadly weapon in their own right. Hwwaaaa..."
2012,娠,"with child",0,2025-07-16 17:24:40,"Any *woman* (*{女}*) spending a night with the virile *Bruce Lee* (*{娠}*) is bound to end up with child"
2013,唇,"lips",0,2025-07-16 17:25:04,"*Bruce Lee* (*{辰}*) comes flying out of nowhere and kicks you right in the *mouth* (*{口}*) ... leaving you with fat lips."
2014,農,"agriculture",0,2025-05-25 17:26:41,"The most unlikely people in the world to take up agriculture must be *Bender* (*{曲}*) and *Bruce Lee* (*{辰}*). An awkward moment as they stare at the various farming utensils: hoe, plough. Both with straw hats on and blue overalls, and drawn in Groenig's irreverent style."
2015,濃,"concentrated",0,2017-04-27 14:30:56,"The *agriculture* (*{農}*) of Florida is concentrated on making concentrated orange juice. Just add *water*! Imagine a can of FCOJ, dumping it into a pitcher and adding *water*"
2016,送,"send off",0,2025-07-19 07:46:51,"After they worshipped the *golden calf* (*{关}*), God #sent off# the Jews on a long *road* (*{辶}*) through the wilderness."
2017,関,"connection",0,2025-07-16 17:29:00,"The *golden calf* (*{关}*) is sent to the *gates* (*{門}*) of Hell for its connection to false idols."
2018,咲,"blossom",0,2025-07-16 17:29:26,"It's the circle of life. The *mastodon* (*{关}*) died, but the body was able to provide nutrition to the new plants, #blossoming# out of the *mouth* (*{口}*) of the dead *mastodon*."
2019,鬼,"ghost",0,2025-07-16 17:29:57,"This ghost had only a *drop of brains*, his *human legs* and *elbow* (*{厶}*) were easily visible from under his sheet."
2020,醜,"ugly",0,2025-08-21 16:36:17,"*Whiskey* (*{酉}*) is drunk at the bar by the ugly *ghost* (*{鬼}*) who can't get a date."
2021,魂,"soul",0,2025-07-16 17:31:31,"When we die, our soul rises up in a *rising cloud* (*{云}*) of mist, just like a *ghost* (*{鬼}*) up to heaven (we hope)."
2022,魔,"witch",0,2025-06-25 16:31:29,"the witch sold me some *hemp* (*{麻}*) that made me see that a *ghost* (*{鬼}*).   Don't do drugs!"
2023,魅,"fascination",0,2020-09-26 17:36:32,"*Ghost*s (*{鬼}*) have *not yet* (*{未}*) left the world, they must still have a deep fascination with their past life on Earth."
2024,塊,"clod",0,2025-07-16 17:32:12,"Without any weapons, our only defense was to throw clods of *soil* (*{土}*) at the advancing *ghost* (*{鬼}*) horde."
2025,襲,"attack",0,2012-08-10 15:16:18,"Kept in a *vase* and fed with *meat*, the *imperial dragon* is a rare ""*slingshot-three-headed-snake with a tail*""; it's very aggressive, so at feeding time you need to wear the special *garment* or it will attack you."
2026,嚇,"upbraid",0,2020-11-24 18:41:39,"To upbraid someone, you criticize them in a menacing way.  In other words, you jaw at them with your *mouth* (*{口}*) until both sides of their face turn *red* (*{赤}*) (hence the double-red)."
2027,朕,"majestic plural",0,2025-07-19 07:34:44,"The king says ""Only #We majestic plural)# are allowed to partake of the *flesh* (*{月}*) of the *golden calf* (*{关}*)."""
2028,雰,"atmosphere",0,2025-07-19 07:35:31,"(This is #atmosphere# as in ambiance, mood).

*Rain* (*{雨}*) is only *part* (*{分}*) of the atmosphere for a romantic porch date. Food, music, and candles are the rest."
2029,箇,"item",0,2025-06-23 03:43:59,"You've entered in a Chinese shop where apparently the only item in sale is old, dusty, *hardened* (*{固}*) *bamboo* (⺮) (for construction for example)."
2030,錬,"tempering",0,2025-07-19 07:36:11,"Tempering should be done with the *metal* (*{金}*) facing *east* (*{東}*). (If not, the metal may pick up the earth's magnetic field)"
2031,遵,"abide by",0,2025-07-19 07:36:59,"You must abide by the *revered* (*{尊}*) rules of the *road* (*{辶}*)! No devil's brew and stay glued to your lane in the road!"
2032,罷,"quit",0,2025-07-30 17:31:24,"I won't quit studying until my *eyes* (*{罒}*) have the *ability* (*{能}*) to read kanji!"
2033,屯,"barracks",0,2012-08-05 13:26:45,"The game characters from *Worms* sleep in their #barracks# at night."
2034,且,"moreover",0,2012-08-05 13:27:00,"Moreover is a literary term to *shelve* what you had just been talking about, to come back to it later."
2035,藻,"seaweed",0,2012-08-05 13:27:17,"Let *wood*en *goods* = *furniture*. Then: Walking along the sea shore you see some washed-up *furniture* with *water* (waves) splashing against it. From a distance it looks like *flowers* are growing out the top, but as you get closer you see it is in fact seaweed."
2036,隷,"slave",0,2012-09-02 10:06:51,"The *samurai* sits on the *altar* and watches the #slave# *rake* *rice grains* all day."
2037,癒,"healing",0,2012-08-10 12:25:30,"At the *butcher's meeting*, all the butchers who have *heart disease* attend the faith healing workshop."
2038,丹,"cinnabar",0,2012-08-05 13:28:06,"How about a rusty cinnabar colored dilapidated boat, found abandoned somewhere. The smoke-stack and the keel have fallen off..."
2039,潟,"lagoon",0,2025-07-20 17:04:47,"You are walking into this beautiful lagoon. You turn around and see a *magpie* (*{舄}*) stealing your jewellery! You run after it still dripping with *water* (*{氵}*)."
2040,丑,"sign of the cow",0,2012-08-05 13:29:17,"77 cows behind a fence."
2041,卯,"sign of the hare",0,2012-08-05 13:29:32,"*rabbit ears*"
2042,巳,"sign of the snake",0,2012-07-26 17:26:27,"The 巳nd!!! =D"
2043,此,"this here",0,2025-07-20 17:25:39,"""#This here# is our destination."", the tour guide says. ""*Stop* (*{止}*) and *sit* (*{匕}*) down. """
2044,柴,"brushwood",0,2025-08-21 17:34:56,"I'll *stop* (*{止}*) and *sit* (*{匕}*) down on *this here* (*{此}*) *tree* (*{木}*), which happens to be brushwood."
2045,砦,"fort",0,2025-07-20 16:59:40,"*Stop* (*{止}*) and *sit* (*{匕}*) down to listen to the tour guide's story. ""That *stone* (*{石}*) down there used to be a fort, but the enemy came and tore the place down. It has never been rebuilt""."
2046,些,"whit",0,2025-07-20 17:26:32,"Those *two* (*{二}*) tourists from my tour group don't have a whit of common sense. They never *stop* (*{止}*) and *sit* (*{匕}*) down when the tour guide tells them to!"
2047,髭,"beard",0,2025-06-23 03:31:33,"He had *long* (*{長}*) *hair* (*{彡}*) in his beard because he couldn't *stop* (*{止}*) and *sit* (*{匕}*) down to trim it. 

""Please *stop and sit down* to look to the painting up there"", the tour guide says. ""We don't know exactly who is on the painting, but from the hair*'s *shape* (*{形}*) and the distinctive beard, we think they meant to depict President Lincoln."""
2048,璃,"crystal",0,2025-07-20 17:00:49,"The *king* (*{王}*) gifts a crystal to the visiting *sheik* (*{离}*)."
2049,禽,"fowl",0,2025-07-20 17:01:03,"The *sheik* (*{离}*) enjoys a feast of fowl under an *umbrella*."
2050,檎,"apple",0,2025-07-20 16:56:38,"The *sheik* (*{离}*) knocks an apple down from the *tree* (*{木}*) using a *fowl* (*{禽}*)."
2051,憐,"sympathize with",0,2025-08-01 03:17:50,"Tom Cruise - American with sunglasses. I can't sympathise with Tom Cruise's *state of mind* (*{忄}*) regarding scientology."
2052,燐,"phosphorus",0,2025-08-01 03:18:15,"Tom Cruise's shoes caught on *fire* (*{火}*), because he was using phosphorous to shine them."
2053,麟,"camelopard",0,2025-08-01 03:19:04,"A *deer* (*{鹿}*), to a scientologist such as TOM CRUISE, is not just a deer. It is actually a descendent of a camelopard that was sent by extraterrestrials"
2054,鱗,"scaled",0,2014-12-30 12:31:44,"Little known fact: *Tom Cruise* turns into a merman at night, scaled like a *fish* (*{魚}*). Weird."
2055,奄,"encompassing",0,2025-08-01 03:21:11,"The *St. Bernard* swallowed a live *eel* (*{电}*) in one piece. Now its stomach is #encompassing# the entire *eel*."
2056,庵,"hermitage",0,2025-08-01 03:21:52,"Are you looking for hermitage? Look no further! This all-*encompassing* (*{奄}*), all-inclusive *cave* (*{广}*) is all you need."
2057,掩,"shrouded",0,2025-08-02 16:26:52,"When your *fingers* (*{扌}*) *encompass* (*{奄}*) something completely, it is shrouded from view."
2058,俺,"myself",0,2025-08-02 15:59:30,"That *person* (*{亻}*) said ""I ate the *large* (*{大}*) *eel* (*{电}*) all by myself""."
2059,悛,"make amends",0,2014-11-26 07:12:58,"The STATE OF MIND of the former STREETWALKER is to MAKE AMENDS for her past transgressions."
2060,駿,"steed",0,2025-08-01 03:25:07,"To *walk* (*{夂}*) a steed (*{馬}*) in the street you need a you need a *licence* (*{允}*)."
2061,峻,"steep",0,2025-08-01 03:26:38,"The slow way up the steep *mountain* (*{山}*) is to *dawdle* (*{夋}*)."
2062,竣,"complete a job",0,2025-08-01 03:28:46,"While I wait to complete a job, I *dawdle* (*{夋}*) around the *vase* (*{立}*)."
2063,臼,"mortar",0,2014-01-01 09:37:44,"I removed all the *back to back staples* and ground them in a mortar to create metal dust."
2064,舅,"father-in-law",0,2025-08-01 03:29:53,"""Real *men* (*{男}*) don't use a pestle and *mortar*  (*{臼}*)"", said my father-in-law, as he began to grind some stones down using only his fists."
2065,鼠,"mouse",0,2025-08-21 17:35:26,"You are chasing the famous three blind #mice# and try to catch them by slamming a *mortar* (*{臼}*) on top of them. Success! You can see their *three tails* sticking out from under the mortar. In fact the impact has broken the first two tails, as you can see from the sharp angle they bend at, and the *two drops* (blood) on each. The third tail still curves nicely though, and hence has no drops of blood on it."
2066,鑿,"bore",0,2025-08-05 17:35:33,"Hanging *upside down in a row* are *ten* *mortar*s. You must shoot chisel tipped *missiles* (*{殳}*) into all of them and successfully bore holes through them in order to get the prize of *gold*. Talk about a messed up county fair game!"
2067,毀,"break",0,2025-08-02 16:01:42,"Wow, that baker must really be mad! He's trying to BREAK his *mortar* (*{臼}*) by throwing it on to the *soil* (*{土}*). Whoa! Now he's aiming a *missile* (*{殳}*) at it!"
2068,艘,"small craft",0,2015-01-07 06:54:27,"In military terms, a #small craft# is a *boat* that only has enough room for a *mortar* (*{臼}*) that fires *walking sticks* - which is pretty useless unless you hit the enemy in the *crotch*."
2069,犀,"rhinoceros",0,2025-08-02 16:03:04,"Mr. Rhinoceros doesn't see well, so to prevent an unwanted attack, I don't surprise him.  I always approach waving a *flag* (*{尸}*) attached to my *walking stick*.  I've drawn a picture of the *I-ching* and an attractive *cow* (*{牛}*) on the *flag* (*{尸}*), so Mr. Rhinoceros will stay calm when he sees it."
2070,皐,"lunar month",0,2025-08-21 17:36:23,"What's a lunar month? The amount of time it takes a (*{白}*) to read just (*{十}*) pages of the *I Ching*.  Reviewing the Kanji notwithstanding."
2071,脊,"spinal column",0,2014-01-01 09:43:55,"""Look"", says the teacher in biology class. ""The spinal column holds your *flesh* together, just like the metal rod of this *umbrella* (he demonstrates this with an umbrella covered in *I-Ching* symbols) holds the umbrella together""."
2072,畷,"rice-field footpath",0,2025-02-23 15:28:35,"*Four* people have fallen *crotch* deep into mud because they didn't follow the #rice field footpath# (*{田}*)."
2073,綴,"mend",0,2025-03-14 18:17:59,"*Spiderman* (*{糸}*) had to *concatenate* (*{叕}*) patches to mend his costume."
2074,爾,"let it be",0,2025-08-21 17:35:52,"Let it Be came out after the Beatles broke up. 

They had put down their *tools* (*{具}*) and thrown in the *towel* (*{巾}*); they were four exes."
2075,璽,"imperial seal",0,2025-05-10 16:50:06,"if you find a *jewel* (*{玉}*) with the imperial seal on it, just *let it be* (*{爾}*). You wouldn't want to be accused of stealing the royal family *jewels* (*{玉}*)."
2076,鎧,"suit of armor",0,2017-11-10 04:15:11,"A suit of armor crafted from *gold* (*{金}*) so strong that it could withstand the weight of a *mountain* (*{山}*) of* beans* (*{豆}*)."
2077,凱,"triumph",0,2025-02-23 15:31:48,"After eating a *mountain* (*{山}*) of *beans* (*{豆}*), I was able to triumph in the *wind* (*{几}*) contest."
2078,妖,"bewitched",0,2025-08-11 03:13:19,"If you don't want to get #bewitched#, then avoid any  *woman* (*{女}*) you see carrying what might appear to be a *sapling* (*{夭}*).  It's really a wand in disguise, and if you're not aware you might get #bewitched#."
2079,沃,"irrigate",0,2025-02-23 15:34:18,"You use *water* (*{氵}*) to irrigate your *saplings* (*{夭}*)."
2080,呑,"quaff",0,2025-07-15 16:49:47,"After planting the *saplings* (*{夭}*), the villagers open their *mouths* (*{口}*) and quaff large quantities of sake!"
2081,韮,"leek",0,2025-08-13 03:36:49,"You can tell *green onions* (*{韭}*) from leeks, because leeks are the ones that *flower* (*{艹}*)."
2082,籤,"lottery",0,2025-08-11 03:16:36,"They threw a *fiesta* (*{戈}*) for the workers at the *bamboo* (⺮) furniture *assembly line* and held a lottery there; the winner got a year's supply of  *green onions* (*{韭}*).

Also see 韱."
2083,懺,"penitential",0,2025-05-05 17:24:37,"He was in a PENITENTIAL *state of mind* (*{忄}*) over wasting the family's savings playing the *lottery* (*{籤}*)."
2084,芻,"hay",0,2025-02-25 16:16:47,"Some #hay# *bound up* (*{勹}*) to feed two *baby mountain goats* (*{屮}*) separately."
2085,雛,"chick",0,2025-02-27 18:15:32,"The #chick# got lost in the *hay* (*{芻}*).  Now mama *turkey* (*{隹}*)  is throwing the stuff all over looking for her #chick#."
2086,趨,"scurry",0,2025-03-15 19:44:28,"If you suddenly open the barn doors, the rats will scurry away, *running* (*{走}*) quickly over the *hay* (*{芻}*) scattered across the floor."
2087,尤,"understandably",0,2025-05-31 02:45:25,"A *chihuahua* with one *human leg* (*{儿}*) is understandably not as fast as other chihuahuas."
2088,稽,"training",0,2020-10-28 16:08:26,"The hardest part of my training as a cook was when they gave me some *wheat* (*{禾}*) and a *chihuahua with a human leg* (*{尤}*) and said, ""Now make something *delicious* (*{旨}*)""."
2089,厖,"immense",0,2025-08-11 04:17:39,"When I think of immense I think of something like the Grand Canyon, with its *cliffs* (*{厂}*) that, *understandably* (*{尤}*), before science we could not understand how they were *shaped* (*{彡}*)."
2090,采,"grab",0,2025-03-09 19:01:47,"The gigantic *vulture* (*{爫}*) swoops down and grabs that huge *tree* (*{木}*)!! AAAAH!!"
2091,或,"a  (a certain)",0,2025-03-31 05:17:14,"I think back to a certain someone *kissing* (*{口}*) the floor at a *fiesta* (*{戈}*)."
2092,斬,"chop off",0,2025-07-09 16:11:51,"I wanted a convertible so I #chopped off# the top of my *car* (*{車}*) with an *axe* (*{斤}*)."
2093,兎,"rabbit",0,2025-08-25 17:46:36,"A story from NHK-E for this one: 
""イー口してんなあ、うさぎ"" 
(What a nice mouth you have, Rabbit!).  
A katakana イ plus a 口, the right ""leg"" is like a hiragana し, then finally a てん (点, dot)."
2094,也,"est",0,2025-08-13 03:13:29,"C'#est# un *scorpion*"
2095,尭,"lofty",0,2025-03-15 19:46:26,"The *strawman* had a lofty ambition of becoming human."
2096,巴,"comma-design",0,2020-10-30 19:25:22,"This is a comma-design outlaid in mosaic on the floor."
2097,甫,"offspring",0,2013-12-20 15:28:37,"At this hospital, all the new #offspring# are immediately given little *dog tags* with the parent's name on them, just to be sure there is no chance of a mix-up."
2098,疋,"critters",0,2025-02-22 05:15:27,"The *zoo* is full of critters"
2099,菫,"violet",0,2025-03-15 19:46:48,"Violets are blue, *cabbages* are green. *Flowers* on a *spike* are a sight rarely seen."
2100,曼,"mandala",0,2025-03-15 19:47:41,"Mandala is a pattern of nets (*{罒}*) bright like a sun (*{日}*), repeating themselves over and over again (*{又}*)."
2101,巾,"towel",0,2023-04-26 18:10:03,"This kanji means *towel*, but also *wide*.

1. *Towel*: A pictogram of a thin person wrapping themselves with a towel.

2. *Wide*: An illustration of wide vs. thin."
2102,云,"quote",0,2024-04-24 10:37:34,"Think of manga where what a person says is #quoted# in a *rising cloud*."
2103,卜,"augury",0,2022-08-29 16:03:46,"a *magic wand* is used for augury"
2104,喬,"heaven-high",0,2025-02-27 15:02:22,"Angels go to classes at #heaven-high#.   They *quaff* (*{呑}*) their thirst for knowledge, sure that the instructors there will never give them a *belt* (*{冂}*) in the *mouth* (*{口}*).  Not at #heaven-high#!

Also known as ""angel*"
2105,莫,"shalt",0,2014-11-26 07:11:26,"""Thou shalt not kill"", 'cause the *graveyard* is full. There's no room left to dispose of the evidence!"
2106,倭,"Yamato",0,2025-03-15 19:49:58,"*Mr. T* (*{亻}*) was selected to head up the *committee* (*{委}*) studying the Yamato period."
2107,侠,"chivalry",0,2025-08-17 11:32:00,"*Mr.T* (*{亻}*) shows his *chivalry* even when fighting with *scissors* (*{夹}*)!"
2108,倦,"fed up",0,2025-08-17 11:32:50,"*Mr. T* (*{亻}*) invented the book because he was fed up with *old scrolls* (*{卷}*).

 [(*{巻}*) modern variant]"
2109,佼,"comely",0,2025-03-15 19:51:46,"*Mr. T* (*{亻}*) only likes to *mingle* (*{交}*) with #comely# people."
2110,俄,"abrupt",0,2015-10-04 17:16:24,"*Mr. T* is known to be particularly #abrupt# with anybody that has a big *ego* (*{我}*)."
2111,佃,"work a field",0,2025-03-15 19:52:52,"*Mr. T* (*{亻}*) refuses to work a field,  he says he can do better things with his *brain* (*{田}*)."
2112,伶,"minstrel",0,2025-03-15 19:53:30,"*Mr. T* (*{亻}*) *orders* (*{令}*) the minstrel to play a happy song, one full of frank and mirth."
2113,仔,"animal offspring",0,2025-03-15 19:54:24,"*Man* (*{亻}*) is an animal, and therefore, *man*'s *child* (*{子}*) is undoubtedly an animal offspring."
2114,仇,"foe",0,2025-03-15 19:54:57,"*Mr. T* (*{亻}*) can handle *nine* (*{九}*) foes all by himself!"
2115,伽,"look after",0,2025-08-17 11:34:08,"*Mr. T* (*{亻}*) #looks after# the kids by making sure he *adds* (*{加}*) enough カロ ries to their diet."
2116,僅,"trifle",0,2025-08-28 17:46:56,"To *Mr. T* (*{亻}*) swallowing a whole *cabbage* (*{堇}*) is no more than a trifle."
2117,僻,"biased",0,2022-06-03 07:32:07,"It is well known that *Mr. T* (*{亻}*) is quite biased in the great debate between *ketchup* (*{辟}*) and mustard."
2118,儲,"make a profit",0,2025-04-10 14:15:23,"*Mr. T* (*{亻}*) is able to make a profit from *various* (*{諸}*) things: merchandise, slogans, muscles, etc. ""I pity the foo who can't make a profit"", Mr. T says to his love doll."
2119,倖,"bliss",0,2025-05-10 16:54:20,"True bliss for the world is when *Mr. T* (*{亻}*) is in a state of *happiness* (*{幸}*). That way *Mr. T* won't pity them!"
2120,僑,"emigrant",0,2025-08-17 11:36:14,"*Mr.T* (*{亻}*) was the emigrant's guardian *angel* (*{喬}*), protecting him against harassment from any fool."
2121,侶,"partner",0,2025-05-10 16:55:33,"*Mr. T* (*{亻}*) don't take a #partner#, especially one with no *spine* (*{呂}*).  ""I pity da foo got no *spine*"", he says."
2122,伎,"performing artist",0,2016-09-25 05:41:24,"*Mr T* is singing and dancing and all that, but he's doing it on a *branch* (*{支}*). 

(note: this is the 'ki' from kabuki).//The performing artist is a Mr T doing Kabuki theatre."
2123,侃,"forthright",0,2025-07-03 12:29:58,"*Mr. T* (*{亻}*) is pretty forthright. Sometimes he just opens his *mouth * (*{口}*) and everything he's thinking pours out like a *stream* (*{川}*)."
2124,倶,"mate",0,2025-07-03 12:30:55,"""Oy, mate"", the carpenter calls out to *Mr. T* (*{亻}*), ""where did you leave my *tools* (*{具}*), mate?"""
2125,侭,"as is",0,2025-08-17 17:27:54,"*Mr T* (*{亻}*) was warned about the  *exhaust* (*{尽}*) emissions from his truck but he left it as is."
2126,佑,"adjutant",0,2025-07-03 12:31:48,"An assistant is on *Mr. T's* (*{亻}*) left and an adjutant on his *right* (*{右}*)."
2127,俣,"fork in a road",0,2025-07-03 12:32:32,"*Mr. T* (*{亻}*) came to a #fork in a road#.  He pondered which way he should go, when a large *mouth* (*{口}*) appeared in the *heavens* (*{天}*) above him and said ""Go west!"""
2128,傭,"hire",0,2025-07-03 12:33:31,"I pity da foo' with no underlings! So, *Mr. T* (*{亻}*) hires a janitor to make his life more *comfortable* (*{庸}*)."
2129,偲,"memorial",0,2025-07-03 12:34:01,"At a memorial service for *Mr. T* (*{亻}*), everyone is *thinking* (*{思}*) ""I pity that foo"""
2130,脩,"dried meat",0,2025-07-03 12:36:09,"*Mr. T* (*{亻}*) doesn't like dried *meat* (*{月}*). He's been known to take a *walking stick* (*{丨}*) to the *taskmaster* (*{攵}*) trying to hand him a piece of *meat* (*{月}*) that had been dried out."
2131,倅,"my son",0,2025-09-10 08:02:44,"""#My son#"", sniffs *Mr. T* (*{亻}*), ""I'm so glad that you are now a college *graduate* (*{卒}*)"" he said."
2132,做,"make do",0,2025-03-01 09:58:07,"*Mr. T* (*{亻}*) doesn't rely on *happenstance* (*{故}*), he #makes# things #do# what he wants. 

Note that the meaning of this (rare) kanji is ""make (something) / do (something)"", not ""get by with""."
2133,凄,"nifty",0,2025-03-16 18:37:21,"His *wife* (*{妻}*) has a nifty way of making all types of *ice* (*{冫}*) cream in her home freezer."
2134,冴,"sharp",0,2025-07-05 11:42:57,"out of the *ice* (*{冫}*) points a sharp *tusk* (*{牙}*). Probably belongs to a mammoth."
2135,凋,"wilt",0,2025-03-01 09:59:19,"Plants wilt, wither and die when *ice* (*{冫}*) envelopes the *circumference* (*{周}*) of their roots."
2136,凌,"pull through",0,2025-09-10 08:04:01,"The rice fields have turned to *ice* (*{冫}*)! The farmers are strutting around the little *rice seedlings* (*{圥}*) anxiously on their *walking legs* (*{夂}*), hoping they will pull through."
2137,冶,"metallurgy",0,2025-07-05 11:48:47,"The secrets of metallurgy and smithing: get your metal redhot and cool it quickly with lots of *ice* (*{冫}*) while you bang it against the *pedestal* (*{台}*)."
2138,凛,"stately",0,2025-09-10 08:04:49,"Much more #stately# than that soil *podium* (*{壇}*), this is made of *ice* (*{冫}*).  You can still see the dude standing behind it in his *top hat* (*{亠}*), and he still spouts pretty much nonsense as many *times* (*{回}*) as he can, but you have to admit his *showy altar* (*{示}*) is quite #stately#."
2139,凧,"kite",0,2025-07-05 11:50:45,"If the *wind* (*{几}*) is strong enough, even a *towel* (*{巾}*) makes a good kite."
2140,凪,"lull",0,2023-04-11 17:22:50,"A lull in a storm occurs when the *wind* (*{几}*) *stops* (*{止}*)."
2141,夙,"earlybird",0,2025-07-05 11:54:58,"You can either fly like the *wind* (*{几}*) and be an earlybird at the buffet or come late and be left with only the *bones* (*{歹}*)."
2142,鳳,"phoenix",0,2025-09-10 08:05:36,"The Phoenix -- the *bird* (*{鳥}*) made famous in myth, that after it reaches *hundreds* (*{百}*) of years of age, is reborn and rises again on the *wind* (*{几}*).

(The extra stroke (*{一}*) combines with white in the bird component to make a hundred (*{百}*)-year-old *bird* (*{鳥}*)"
2143,劉,"slaughter",0,2025-08-09 07:06:25,"Because the police had confiscated the *swords* (*{刀}*) (though they got a *receipt* in return) from the group of men protecting the *gold* (*{金}*) transport, bandits attacked them with *sabres* (*{刂}*) and slaughtered every last one of them."
2144,刹,"moment",0,2025-07-05 11:56:38,"The kendo artist takes a brief moment to practice his skills: he throws *sheafs* over the *tree* (*{木}*) and tries to cut them with his *saber* when they come down again."
2145,剥,"peel off",0,2025-06-04 03:39:10,"The *broom* (*{彐}*) had so many grains of *rice* (*{米}*) stuck to it, that I had to use a *sabre* (*{刂}*) to peel off all of them."
2146,剃,"shave",0,2025-08-09 07:11:31,"The *younger brother* (*{弟}*) wants to look cool and shaves himself with a *sabre* (*{刂}*) instead of a razor."
2147,匂,"aroma",0,2016-09-16 08:51:30,"The aroma of any delicacy is *bound up* in a *spoon* (*{匕}*)."
2148,勾,"hooked",0,2025-08-09 07:13:00,"Peter Pan tried to escape, but Hook hooked him by the *elbow* (*{厶}*) and *bound* him *up* (*{勹}*)."
2149,厭,"despondent",0,2021-04-01 17:34:59,"The poor *chihuahua* (*{犬}*) who had fallen down a *cliff* (*{厂}*) was totally despondent about his position. He saw the *sun* (*{日}*) and the *moon* (*{月}*) pass by, but expected no rescue any more."
2150,雁,"wild goose",0,2025-08-09 07:14:39,"I've been sent on a wild goose chase at the top of the *cliff* (*{厂}*) by *Mr. T* (*{亻}*) and that tricky *turkey* (*{隹}*)."
2151,贋,"counterfeit",0,2025-08-09 07:15:12,"The police hoped to catch the crooks making counterfeit *money* (*{貝}*), but it all turned out to be a *wild goose* (*{雁}*) chase."
2152,厨,"kitchen",0,2025-08-09 07:17:19,"I threw the natto (*bean* (*{豆}*) *glue* (*{寸}*)) off the *cliff* (*{厂}*)."
2153,仄,"insinuate",0,2020-11-03 17:29:01,"I imagine seeing an #indistinct# outline of a *person* (*{人}*) falling off a *cliff* (*{厂}*) in the distance. You could barely make out what happened. Did they jump off? Were they pushed? You're not sure, but either #insinuation# is scary."
2154,哨,"scout",0,2025-08-09 07:18:09,"The scout reports with his *mouth* (*{口}*) what he saw by *candle* (*{肖}*)."
2155,嘲,"derision",0,2025-03-01 10:03:38,"I opened my *mouth* (*{口}*) in the *morning* (*{朝}*) and had such bad breath, I faced derision ..."
2156,咎,"reprehend",0,2025-03-01 10:04:55,"*Each* (*{各}*) time I see this kanji I reprehend the *person* (*{亻}*) primitive for knocking the *each* (*{各}*) primitive out of shape."
2157,囁,"whisper",0,2020-11-23 05:50:41,"it's funny how if I just talk, no one listens, but if I whisper, *many ears* (*{耳}*)  are eager to hear what's coming from my *mouth* (*{口}*)."
2158,喋,"chatter",0,2025-08-21 17:37:37,"People who protest against deforestation do nothing but chatter with their *mouths* (*{口}*) for *generations* (*{世}*) about the *trees* (*{木}*) being cut down. They don't really take action..."
2159,咽,"windpipe",0,2025-08-09 07:19:27,"The windpipe in your *mouth* (*{口}*) is what *causes* (*{因}*) you to breath."
2160,嘩,"quarrel",0,2017-07-25 05:05:00,"The quarrel is over whose *mouth* (*{口}*) has more *splendor* (*{華}*)."
2161,噂,"gossip",0,2025-08-21 17:38:03,"If you open your *mouth* (*{口}*) to gossip about people, it's usually the most fun if you have some juicy bits on people who are generally *revered* (*{尊}*), for instance that they are secretly glued to their bottle of Horned Whiskey."
2162,咳,"cough",0,2025-03-03 17:29:52,"I looked up, opened my *mouth* (*{口}*) and suddenly an *acorn* (*{亥}*) fell in! I had to cough it up quickly so that I wouldn't choke."
2163,喧,"clamor",0,2016-10-28 12:53:49,"To clamor means to open your *mouth* (*{口}*) and loudly *proclaim* (*{宣}*) your opinions."
2164,喉,"throat",0,2025-03-20 17:37:27,"Some stuffy guy opens his *mouth* (*{口}*) to clear his throat so the *marquis* (*{侯}*) can speak."
2165,唾,"saliva",0,2020-12-03 18:13:52,"If you let your *mount* (*{口}*) *droop* (*{垂}*) open, saliva drips out."
2166,叩,"bash",0,2025-03-02 12:24:31,"When I lick them with my *mouth* (*{口}*), these &^% *stamps* (*{卩}*) won't stay fixed to the envelope . No matter how hard I bash them, they come loose every time!"
2167,嘘,"fib",0,2025-08-21 17:38:33,"A fib comes from the *mouth* (*{口}*) but is  *void* (*{虚}*) of truth."
2168,啄,"peck at",0,2025-08-11 19:17:57,"Just like the ones on a rhinoceros, there are little birds who like to peck at the skin near the *mouth* (*{口}*) of a *sow* (*{豕}*) and clean it."
2169,呪,"curse",0,2025-08-21 17:39:21,"Caution: this means a spell, not to swear. I put a curse on my *elder brother* (*{兄}*) so that he can never open his *mouth* (*{口}*)."
2170,吠,"barking",0,2025-03-14 18:22:00,"The *mouth* (*{口}*) of a *dog* (*{犬}*) is good at barking."
2171,吊,"dangle",0,2017-09-22 05:26:24,"a *towel* (*{巾}*) dangles under his *mouth* (*{口}*) to keep him clean at dinner"
2172,噛,"chew",0,2025-05-23 02:25:54,"""To chew, you need a *mouth* (*{口}*) with *teeth* (*{歯}*)"" said the toothless granny."
2173,叶,"within my ability",0,2025-03-14 10:10:29,"With his big *mouth* (*{口}*) he claims he can do *ten* (*{十}*) things at once. ""It's all within my ability"", he boasts."
2174,吻,"sides of the mouth",0,2025-08-10 11:47:02,"There is *not* (*{勿}*) an *opening* on the sides of the mouth (hopefully)"
2175,吃,"stammer",0,2020-10-27 16:58:28,"My *mouth* (*{口}*) often stammers when I *beg* (*{乞}*)."
2176,噺,"spin a tale",0,2025-08-10 11:47:34,"He really can spin a tale. Every time he opens his *mouth* (*{口}*), some *new* (*{新}*) and creative tale comes out."
2177,噌,"miso",0,2015-08-20 11:44:21,"The みそ汁 in your *mouth* (*{口}*) was *formerly* (*{曽}*) soy beans."
2178,唄,"pop song",0,2025-08-10 11:48:51,"Pop Song = using your *mouth* (*{口}*) to get lots of *shellfish* (*{貝}*)."
2179,叱,"scold",0,2024-10-06 17:05:27,"Kids are scolded if they don't open their *mouth* (*{口}*) to take their *spoonful* (*{匕}*) of medicine."
2180,邑,"city walls",0,2025-03-18 14:14:30,"The city walls had a lovely *mosaic* design. However, they also had defensive features including *openings* above through which boiling oil could be poured or cannons fired."
2181,呆,"dumbfounded",0,2025-08-21 17:51:30,"I felt DUMB when I FOUND out that the apricot (see (*{杏}*)) isn't actually found underneath the tree in real life, but above, high in the branches."
2182,喰,"ingest",0,2025-03-14 10:13:35,"#Ingest# is a fancy word for what you do with your *mouth* (*{口}*) as you *eat* (*{食}*)."
2183,埴,"clay",0,2025-08-10 11:49:40,"This one rhymes: ""If you fights wiz Cassius Clay, you'll hit the *soil* (*{土}*), boy, *straightaway* (*{直}*)!"""
2184,坤,"authochthonous",0,2025-08-10 11:51:57,"The authochthonous (meaning indigenous) *monkeys* (*{申}*) bury their food in the *soil* (*{土}*)."
2185,堆,"piled high",0,2025-08-10 11:52:55,"We piled high all the *turkey* (*{隹}*) corpses atop the *soil* (*{土}*) of the farmyard."
2186,壕,"dugout",0,2025-08-10 11:53:31,"We needed to create a dugout in the *soil* (*{土}*) in order to avoid the *overpowering* (*{豪}*) attacks coming from the sky."
2187,垢,"blemish",0,2025-05-06 16:04:49,"Big consternation in the court! A little bit of *{土}* in the garden touched the *empress*' (*{后}*) face and left a blemish there. Courtiers fainted left and right..."
2188,坦,"flat",0,2025-03-14 10:53:04,"The FLAT earther thinks sun slips off the edge of the ground at nightbreak"
2189,埠,"wharf",0,2025-08-10 11:54:19,"If you build a wharf on a *large hill* (*{阜}*), the vessels should be able to sail the *soil* (*{土}*)."
2190,填,"inlay",0,2025-08-10 11:54:49,"For a geologist, inlayed right in the *soil* (*{土}*) is the *truth* (*{真}*)."
2191,堰,"dam",0,2025-08-10 11:56:08,"To build the dam, *soil* (*{土}*) was collected and carried in *cardboard boxes* (*{匚}*). And when the *sun* (*{日}*) got hot, they made the *women* (*{女}*) do it."
2192,堵,"railing",0,2025-03-14 10:53:40,"The *ninja* sprinkled a thin powder of fine *soil* along the hand railing, so he would know if anyone had walked down the staircase - if the *soil* were disturbed, he would find another way out."
2193,嬰,"suckling infant",0,2025-08-10 11:57:10,"after a *woman* (*{女}*) has a #baby#, she now needs enough money (*clams* (*{貝}*)) to support *two* people - her and her child."
2194,姦,"violate",0,2025-03-14 10:54:41,"Being married to *three women* at once is a #violation#."
2195,妬,"jealous",0,2022-08-23 03:39:09,"*Women* (*{女}*) are jealous of the *stone* (*{石}*) on my wife's ring"
2196,婢,"handmaiden",0,2025-08-10 11:57:47,"A handmaiden is a *woman* (*{女}*) in a *lowly* (*{卑}*) regarded profession."
2197,婉,"well finished",0,2025-03-14 10:55:20,"To become well finished, young *women* often go to a finishing school at a posh *address*"
2198,娼,"harlot",0,2025-08-10 11:58:50,"Harlots are *women* (*{女}*) who make a living selling themselves to *prosperous* (*{昌}*) men."
2199,妓,"courtesan",0,2025-08-10 11:59:26,"This *woman* (*{女}*) is not a harlot; she is a courtesan. Her clientele are from a much higher *branch* (*{支}*)."
2200,娃,"fair",0,2025-08-10 11:59:53,"The photographer took a picture of this fair *woman* (*{女}*) framed by *ivy* (*{圭}*)."
2201,姪,"niece",0,2025-08-11 19:19:27,"A  *woman* (*{女}*) who likes to throw *soil* (*{土}*) on the *wall*."
2202,嫉,"envy",0,2025-08-11 19:20:27,"This kanji shows a *woman* (*{女}*) being envied by all her classmates for her *rapid* (*{疾}*) thinking."
2203,嬬,"mistress",0,2025-08-11 19:21:01,"As any servant knows, a mistress who runs things well must be nature be a very *demanding* (*{需}*) *woman* (*{女}*)."
2204,姥,"aged woman",0,2025-03-14 12:35:02,"The *woman* (*{女}*) version of an *old man* (*{老}*) is an aged woman."
2205,姑,"mother-in-law",0,2025-04-17 17:25:27,"According to Japanese traditions, daughters-in-law have to pay respect to the *woman* (*{女}*) who is their mother-in-law, because they are *older* (*{古}*)."
2206,姐,"young miss",0,2025-03-14 10:56:32,"A young miss in a rich Japanese household is often treated with such care that she is a like a *woman* who is put on a *shelf* like an ornament."
2207,嬉,"overjoyed",0,2025-08-11 19:22:34,"a *woman* (*{女}*) *rejoicing* (*{尋}*) is overjoyed."
2208,孕,"expecting",0,2025-08-11 19:24:31,"The expecting mother can feel the *child* (*{子}*) inside her trying to get out  *from* (*{乃}*) her womb."
2209,孜,"assiduous",0,2025-08-11 19:25:18,"Well, yeah, the *child's* (*{子}*) assiduous: he's got that *taskmaster* (*{攵}*) on his back all the time! What else would you expect?"
2210,宥,"soothe",0,2025-08-11 19:26:02,"It really soothes my mind that I *possess* (*{有}*) a *house* (*{宀}*). Now at least all my payments are going towards something solid, instead of just throwing it away as rent."
2211,寓,"imply",0,2025-08-11 19:26:39,"When you see *Jiminy Cricket* (*{禺}*) near a *house* (*{宀}*), it will imply that Pinocchio isn't far off."
2212,宏,"extensive",0,2025-08-11 19:32:54,"taking you in the *elbow* (*{厶}*) *by his side* - the *forearm* (*{厷}*), he gives you an extensive tour of his *house* (*{宀}*)."
2213,牢,"jail",0,2025-08-05 06:28:47,"For a *cow* (*{牛}*) used to free-grazing, being stuck in a *house* (*{宀}*) is equivalent to being in jail."
2214,塞,"block up",0,2016-09-30 14:26:49,"The air conditioning  won't make the house *cold* (*{寒}*)  if you block up the filters with *soil* (*{土}*)."
2215,宋,"Sung dynasty",0,2025-03-14 10:57:01,"The Sung dynasty was so-called because people kept *trees* in their *houses* and as a consequence birds #sung# in them."
2216,宍,"venison",0,2025-08-11 19:33:29,"I was once served venison at *home* (*{宀}*), but the only way I could eat it was to down a *six* (*{六}*) pack first."
2217,屠,"butchering",0,2025-02-24 09:47:09,"*Flag someone* down before the murderer starts butchering you."
2218,屁,"fart",0,2025-08-11 19:34:22,"at a fart contest each contestant holds up a *flag* (*{尸}*) whenever they fart so the judges can come over and *compare* (*{比}*) it to the others"
2219,屑,"rubbish",0,2025-08-11 19:35:12,"You aren't supposed to throw an American *flag* (*{尸}*) out with the rubbish.  The proper way to get rid of a flag is to burn it, shown here by holding a *candle* (*{肖}*) underneath it."
2220,尻,"buttocks",0,2022-09-16 04:53:24,"Every time I visit a new country I tattoo a *flag* (*{尸}*) on my buttocks. I have *nine* (*{九}*) so far."
2221,屡,"frequently",0,2025-08-11 19:36:33,"Warning! Frequently waving the *flag* (*{尸}*) over the rice *constellation*  (*{娄}*) can attract aliens!"
2222,屍,"corpse",0,2025-08-11 19:39:45,"After meeting *death* (*{死}*), a *flag* (*{尸}*) covers the soldier's corpse."
2223,屏,"folding screen",0,2025-03-14 10:57:34,"This folding screen looks quite pretty, with all the national flags printed on it, but folding and unfolding it is rather complicated. It looks more like a *puzzle* than a utility item."
2224,嵩,"high-reaching",0,2017-02-25 17:30:26,"A *mountain* (*{山}*) that's *tall* (*{高}*) is also high-reaching"
2225,崚,"rugged mountains",0,2025-08-12 10:31:05,"Rugged mountains are ""mountains* (*{山}*) that make you *dawdle* (*{夋}*)."
2226,峨,"high mountain",0,2025-08-12 10:32:10,"In local folklore, the mountain (*{山}*) has a big *ego* (*{我}*) for being the highest mountain and is therefore rather unkind to people who dare to climb it."
2227,崖,"bluffs",0,2025-08-07 16:38:26,"This clearly depicts a *mountain* (*{山}*) and its #bluffs#, *cliffs* (*{厂}*) clad in *ivy* (*{圭}*)."
2228,嶺,"mountaintop",0,2025-03-14 10:21:36,"This *mountain* lies exactly between two prefectures, so naturally there was a struggle about which prefecture had *jurisdiction* there. And would you believe it, one of them gained jurisdiction over the base, and the other over the mountaintop."
2229,嵌,"fit into",0,2016-09-24 14:28:56,"For my climb up the *mountain* (*{山}*), I was going to take some *sweets* (*{甘}*) but they wouldn't fit into my bag, so I *lack* (*{欠}*) them."
2230,嵯,"rocky",0,2025-08-12 10:33:19,"The rocky *mountains* (*{山}*)  have the *distinction* (*{差}*) of being the rockiest mountain range."
2231,帖,"quire",0,2025-03-18 07:26:41,"(25 sheets of paper) -- the fortune teller orders a quire of paper but receives a quire of towels.  She calls to complain, but customer service tells her, ""Why didn't you see it coming?"""
2232,幡,"banner",0,2025-03-09 04:34:59,"My favorite *towel* (*{巾}*) is one that says ""Who wants a *turn* (*{番}*)?"" like it's an advertising banner"
2233,幟,"pennant",0,2025-03-09 04:36:11,"A pennant is a *cloth* flag that is blown so hard by the wind that it vibrates audibly, buzzing like a *kazoo*."
2234,庖,"cleaver",0,2025-03-14 12:36:08,"the cleaver was found with the dismembered body *wrapped up* (*{包}*) in a *cave* (*{广}*)."
2235,廓,"licensed quarters",0,2025-03-14 12:36:23,"The Fight Club had no licensed quarters, so they battled it out in the *enclosure* down inside a *cave*."
2236,庇,"overhang",0,2025-03-14 12:38:38,"this overhang has so much shade it's *comparable* (*{比}*) to being in a *cave* (*{广}*)"
2237,鷹,"hawk",0,2025-08-12 10:35:49,"*Mr. T* (*{亻}*) moves his *turkey* (*{隹}*) farm into a *cave* (*{广}*) so his *birds* (*{鳥}*) don't get picked off by hawks from above."
2238,庄,"shire",0,2025-03-14 12:39:51,"In the Shire, hobbits used to live in *caves* (*{广}*). Nowadays their holes in the *soil* (*{土}*) still look a little like *caves* (*{广}*)."
2239,廟,"tomb sanctuary",0,2025-03-14 12:40:25,"With few visitors, the tomb sanctuary in the *cave* (*{广}*) is only open in the *morning* (*{朝}*)."
2240,彊,"strengthen",0,2025-03-14 12:40:34,"if you can't pull your *bow* all the way back, you need to strengthen yourself by eating a *stack of pancakes and waffles*"
2241,弥,"more and more",0,2025-08-12 11:34:16,"More and more with thy *bow* (*{弓}*) *thou* (*{尓}*) must practice, by the command of the king!"
2242,弛,"loosen",0,2025-03-14 12:42:23,"The string of my *bow* (*{弓}*) was nibbled by the *scorpion* (*{也}*), which loosened it. Now I have to string the bow again!"
2243,粥,"rice gruel",0,2025-08-12 11:44:28,"#Rice gruel#: the *rice* (*{米}*) gives you the strength to use two *bows* (*{弓}*) at once."
2244,挽,"lathe",0,2025-04-19 09:46:37,"To stop workers losing *fingers* on the #lathes#, the company has decided to issue lucky *rabbit's* feet to its workers."
2245,撞,"bump into",0,2025-08-12 11:45:56,"*Juveniles* (*{童}*) are well known to have not entirely well coordinated bodies, so they bump into anything, and use their *fingers* (*{扌}*) to steady themselves."
2246,扮,"disguise",0,2025-08-12 11:46:56,"If I use my *fingers* (*{扌}*) to cover *part* (*{分}*) of my face with, is that a good enough disguise?"
2247,掠,"pillage",0,2025-08-12 11:48:32,"Light-*fingered*  (*{扌}*) conquering soldiers pillage the *capital* (*{京}*)."
2248,挨,"shove",0,2025-08-21 17:52:45,"Your *fingers* (*{扌}*) slip when someone's *elbow* (*{厶}*) shoves you, causing you to drop the *dart* (*{矢}*) you were about to throw. But as you can see, their elbow is very small, so you decide they're too weak to shove back."
2249,掴,"clutch",0,2020-10-10 18:30:11,"Reminds me of a Star Wars quote, Leia: ""The more you tighten your grip, Tarkin, the more star systems will slip through your *fingers* (*{扌}*).""  (i.e., the tighter you #clutch#, the more *countries* (*{国}*) you'll lose)."
2250,捺,"impress",0,2022-09-16 04:43:37,"in *Nara* (*{奈}*), you impress wax seals with just your *finger* (*{扌}*)."
2251,捻,"wrench",0,2025-06-25 16:24:22,"Ever try wrenching a bolt with just your *fingers* (*{扌}*)? Trust me, you'll *wish* (*{念}*) you had a wrench!"
2253,撰,"assortment",0,2025-08-12 11:49:49,"This is an assortment of chocolate *fingers* (*{扌}*) all pointing *south-east* (*{巽}*) i.e. all angled towards the lower-right corner of the box."
2254,拭,"wipe",0,2021-01-01 16:11:13,"Just use your *fingers*  (*{扌}*) to wipe away the gel when you *style* (*{式}*) your hair."
2255,揃,"muster",0,2021-12-28 07:41:52,"This Kanji means ""be complete; uniform; all present""...  when you want to build something or cook something, you use your *finger* (*{扌}*) to muster together all of the parts/ingredients you will need *in front* (*{前}*) of you."
2256,捌,"deal with",0,2025-03-17 02:42:44,"If you deal with the Yakuza, you might get a *finger* (*{扌}*) *separated* (*{別}*)."
2257,撹,"churn up",0,2020-12-18 05:59:09,"My stomach starts to churn up if I try to count on my *fingers* (*{扌}*) how many kanji I still have to *memorise* (*{覚}*)."
2258,摺,"rubbing",0,2017-10-30 11:20:48,"Think of Braille – rubbing things with your *fingers* in order to *learn* (*{習}*)."
2259,按,"press down on",0,2025-08-12 11:50:31,"Think of shiatsu. You press down on someone  with your *fingers* (*{扌}*) to help them *relax* (*{安}*)."
2260,捉,"nab",0,2021-02-16 03:36:45,"i felt a *finger* (*{扌}*) on my *leg* (*{足}*) as someone tried to nab my wallet"
2261,拶,"imminent",0,2025-07-09 14:00:11,"The old lady said that there was a *flood* (*{巛}*) imminent, because her *fingers* (*{扌}*) hurt in the *evening* (*{夕}*)."
2262,播,"disseminate",0,2025-03-18 07:04:04,"Imagine your fingers disseminating dice instead of seeds."
2263,揖,"collect",0,2025-08-12 11:53:20,"I'm here to collect  money for the deaf, people whose *ears* (*{耳}*) don't work. We are going to teach them to sign using their *fingers* and to lip read *mouths* (*{口}*)."
2264,托,"receptacle",0,2025-08-13 18:19:42,"My job at the hair salon really sucks. I have to use my *fingers* (*{扌}*) to gather up the *locks of hair* (*{乇}*) on the floor and drop them in the receptacle. Maybe someday they'll give me a broom!"
2265,捧,"devote",0,2022-03-23 07:49:42,"My *fingers* (*{扌}*) are #devoted# to writing kanji, because I *dedicated* (*{奉}*) myself to Japanese"
2266,撚,"twirl",0,2025-03-18 07:53:33,"Bad guys in movies always twirl their moustache with their *fingers*, and *that sort of thing*."
2267,挺,"counter for tools",0,2025-08-13 18:20:45,"The *courts* (*{凍}*) use their *fingers* (*{扌}*) as a counter for tools used in murder cases"
2268,擾,"commotion",0,2025-03-18 07:29:20,"A new dance, called the ""#commotion#"" where you move your *fingers* in a *melancholy* way. (Derived from ""The Locomotion"": Everybody's doin' a brand new dance now, Come on baby, do the Lo#comotion#.)"
2269,捗,"make headway",0,2025-08-12 11:54:33,"""Come on people, the only way to make headway in this business is to let your *fingers* (*{扌}*) do the *walking* (*{扌}*)!"" bust out the yellow pages and dial as many numbers as possible, surely someone is a sucker for a cold call sell."
2270,撫,"petting",0,2025-03-18 07:54:09,"I was petting my pet, but when I looked at my *fingers* I saw . . . *nothingness* – my pet had bitten them off."
2271,撒,"sprinkle",0,2025-06-11 18:04:18,"Use your *fingers* (*{扌}*) to *scatter* (*{散}*) sprinkles on top of your ice cream cone まく"
2272,擢,"outstanding",0,2025-08-13 18:22:56,"I felt the *turkey-feather futon* (*{翟}*) with my *fingers* (*{扌}*) and could tell it was outstanding!"
2273,捷,"spoils",0,2025-08-18 03:47:22,"Someone tries to lay their fingers on your spoils, and you *promptly* (*{疌}*) run after them hitting them with a rake as they run from you."
2274,抉,"gouge out",0,2025-08-18 03:48:44,"Your *fingers* will be *guillotined* if you’re not careful when you #gouge#."
2275,怯,"wince",0,2015-10-20 12:52:22,"When you wince your *state of mind* is *gone* (*{去}*) for just a second."
2276,惟,"ponder",0,2025-03-18 07:30:01,"The *state of mind* of a *turkey* is to ponder the meaning of life while waiting to be eaten."
2277,惚,"infatuation",0,2025-08-13 18:25:31,"Infatuation is the *state of mind* (*{忄}*) when you *instantaneously* (*{忽}*) fall in love."
2278,怜,"quickwitted",0,2025-08-13 18:26:08,"The commando team under *orders* (*{令}*) need to be quickwitted and are always in the right *state of mind* (*{忄}*) for action."
2279,惇,"considerate",0,2025-08-13 18:26:45,"The *state of mind* (*{忄}*) of the *tall child* who *receives* all of the attention is often surprisingly considerate."
2280,憧,"yearn",0,2025-03-05 17:23:47,"The *state of mind* (*{忄}*) of a *juvenile* (*{童}*) tends to yearn for things like fortune or fame."
2281,恰,"as if",0,2025-08-13 18:27:46,"In my *state of mind* (*{忄}*), we perfectly *fit* (*{合}*) together. As if, she replied ..."
2282,恢,"enlarge",0,2025-08-18 03:49:13,"He was in a terrible *state of mind* when his home that he was #enlarging# was consumed by a fire and everything he had build up was turned to *ashes*."
2283,悌,"respect for elders",0,2025-08-13 18:30:55,"Naturally, the *state of mind* (*{忄}*) of the *younger brother* (*{弟}*) is to have little respect for elders."
2284,湧,"bubble up",0,2025-08-13 18:31:44,"Bubble up the *water* (*{氵}*)  and see who has the *courage* (*{勇}*) to jump into it."
2285,澪,"canal",0,2025-08-13 18:32:26,"A canal is used to put *water* (*{氵}*) where there was *zero* (*{零}*)."
2286,洸,"glistening",0,2025-08-13 18:33:58,"*Water* (*{氵}*) #glistens# when lit by the *rays* (*{光}*) from ANY kind of light (fire, candle, lamp) - NOT just sunlight."
2287,滉,"bounding main",0,2025-08-18 03:49:37,"You know you are deep in the *water* of a bounding main (deep body of water), when you look up and can no longer see the *rays* of the *sun* above you."
2288,漱,"gargle",0,2025-08-01 16:58:19,"To gargle, put a *bundle* (*{束}*) of *water* (*{氵}*) in your throat that *lacks* (*{欠}*) moisture."
2289,洲,"continent",0,2025-08-18 03:50:25,"Australia is the only continent that is surrounded by *water* (*{氵}*) on all sides, yet is still a single *state* (*{州}*)."
2290,洵,"swirling waters",0,2025-08-18 03:50:57,"For *ten days*, we watched the swirling waters, but it didn't seem like the *water* would rise in another tsunami."
2291,滲,"seep",0,2023-09-11 03:33:39,"We have a prettily *shaped umbrella* (㐱), but when it started to rain, *water* (*{氵}*) seeped through and *three of our elbows* (*{厶}*) got wet. So much for design over functionality."
2292,洒,"rinse",0,2022-09-21 17:59:17,"In the wild *west* (*{西}*) everything was so dirty! With the limited *water* (*{氵}*) people could spare, a simple rinse was the best your clothes would get."
2293,沐,"douse",0,2025-03-18 07:30:58,"In the forest fire, they doused the *trees* with *water* to prevent more damage."
2294,泪,"teardrops",0,2025-03-18 07:31:19,"*Water* drops from your *eye* are teardrops"
2295,渾,"gushing",0,2025-03-18 07:31:43,"As the Pharaoh's *chariots* tried to cross the Red Sea, gushing *waters* came and crushed them."
2296,沙,"grains of sand",0,2025-03-18 07:32:11,"Each *water* wave washes away a *few* grains of sand."
2297,涜,"blaspheme",0,2025-08-18 03:51:31,"The church is *selling* holy *water* for the faithful, but if you dare to say its tap water, they'd tell you you were #blaspheming#."
2298,淫,"lewd",0,2025-08-18 03:52:20,"The *vulture* is on top of the *porter* and appears to be commiting a lewd act, so I throw *water* over the pair of them."
2299,梁,"roofbeam",0,2015-01-25 16:24:54,"what seemed to be *water* dripping from the *wooden* roofbeam was actually *drops* of blood dripping from a *sword* lodged in it"
2300,澱,"sediment",0,2025-08-18 03:52:37,"*Mr.* President is visiting the city of New Orleans, where the sediment is being cleared away that got there when the *water* rushed in during hurricane Katrina."
2301,氾,"widespread",0,2025-07-05 13:20:42,"It's a widespread belief that *water* (*{氵}*) takes away *fingerprints* (㔾)."
2302,洛,"old Kyoto",0,2025-08-18 03:53:05,"*Each* drop of *water* has been through old Kyoto at some point"
2303,汝,"thou",0,2025-03-19 01:30:27,"The *woman* (*{女}*) of the Lake rises from the *water* (*{氵}*): ""#Thou# art the true bearer of Excalibur."""
2304,漉,"filter",0,2025-08-18 03:53:23,"*Deer* Park *water* is filtered."
2305,瀕,"on the verge of",0,2025-08-18 03:53:38,"*Water* dripping *repeatedly* on someone is enough to put them on the verge of insanity"
2306,濠,"moat",0,2025-08-18 03:53:45,"a moat is a *water* structure used against something potentially *overpowering*"
2307,溌,"spray",0,2025-08-18 03:53:53,"If you *discharge* a *water* gun, it sprays water of course!"
2308,溺,"drowning",0,2025-08-18 03:54:00,"Weak people placed in the water start drowning.  Get some strength in those arms and learn how to swim!"
2309,湊,"port",0,2025-08-18 03:54:09,"They started *playing music* when the ship of the emperor came in sight over the *water* and was brought into port."
2310,淋,"solitude",0,2021-10-21 03:11:35,"A *water*-filled (*{氵}*) *grove* (*{林}*) is a place of solitude."
2311,浩,"abounding",0,2025-08-18 03:54:22,"According to the book of *revelations*, abounding *waters* will be the first sign of the apocalypse!"
2312,汀,"water’s edge",0,2025-08-18 03:54:34,"These *spikes* mark the water's edge in ancient times. Notice that the *water* level is actually much lower today."
2313,鴻,"large goose",0,2025-08-18 03:54:41,"a *bird* often found near *creeks* is the large goose"
2314,潅,"souse",0,2025-08-18 03:55:04,"the soused (drunk) *pegasus* lurched around in the sky and then crashed in the *water*."
2315,溢,"brimming",0,2025-06-25 16:27:37,"When water 氵enters 入 once 一, it's full; when it enters 入 again, the dish 皿 is brimming over. 

Bring me a brimming cup of WATER 氵, or you'll lose OLD BENEFIT 益 (#1881). Primitive: OLD BENEFIT is BENEFIT with inverted horns."
2316,汰,"cleanse",0,2025-08-18 03:56:21,"It takes more *water* (*{氵}*) to cleanse you if you are *plump* (*{太}*)."
2317,湛,"inundate",0,2025-08-18 03:57:08,"#Inundation# (flooding) is due to a *tremendous* amount of *water*"
2318,淳,"immaculate",0,2025-03-19 01:32:29,"*Water* (*{氵}*) you *receive* (*{享}*) as a gift should be immaculate."
2319,潰,"defile",0,2025-04-30 13:47:26,"...Faramir and Frodo watched the tiny creature far below. ""Shall we shoot him?"" Faramir asked. ""This Gollum has #defiled# the *waters* (*{氵}*) of the Forbidden pond, looking for his *Precious* (*{貴}*), and for that the penalty is death""..."
2320,渥,"moisten",0,2025-08-18 03:57:21,"Obviously, *water* on a *roof* will moisten it."
2321,灘,"rough seas",0,2025-03-16 14:03:52,"Rough seas are a body of *water* that is most *difficult* to travel over."
2322,汲,"draw water",0,2025-04-27 16:17:44,"To draw *water* (*{氵}*) from the well,  you *reach out* (*{及}*) and use a bucket."
2324,溜,"cumulation",0,2025-05-27 17:23:49,"I look up at a cumulonimbus cloud and say “There must be a lot of *water* (*{氵}*) *detained* (*{留}*) in that cumulonimbus, quite a cumulation”."
2325,渕,"abyss",0,2025-03-18 07:25:20,"Moses threw the *golden calf* into a nearby abyss, chased the offenders that had worshipped it with a *saber*, and cleaned the whole spot it had been standing with *water* as to wash away the sins of these people."
2326,沌,"chaos",0,2015-03-24 02:27:18,"Chaos theory holds that huge flows of WATER all can be caused by a single EARTHWORM wriggling."
2327,汎,"pan-",0,2021-01-12 17:35:50,"Peter Pan is pretty *mediocre* (*{凡}*) in the *water* (*{氵}*)."
2328,濾,"strainer",0,2025-08-18 04:00:41,"The strainer exercises *prudence* on the *water*, only letting the good *water* pass."
2329,濡,"drench",0,2022-05-13 18:25:42,"Those who *demand* (*{需}*) *water* will be #drench#ed"
2330,淀,"eddy",0,2025-08-18 04:03:41,"an eddy is created when *water* *determines* it doesn't want to just ""go with the flow"""
2331,涅,"black soil",0,2025-03-18 07:26:00,"The *soil* will turn into #black soil# after you pour *water* on it and it sits all *day* under the *sun*. This kanji means #black soil#."
2332,釜,"cauldron",0,2025-08-18 04:04:14,"*Father* keeps his *gold* in a cauldron (he's a leprechaun)."
2333,斧,"hatchet",0,2025-08-18 04:04:26,"*Father* is sitting on top of an *axe*, and when I ask why he says, “*Axe*? It’s a hatchet, and I’m trying to hatch it”."
2334,爺,"grandpa",0,2025-03-18 07:27:29,"your grandpa is a *father* with *ears* as big as *city walls*"
2335,猾,"sly",0,2025-08-18 04:04:56,"The sly criminal gave a *skeleton* to the *pack of wild dogs* chasing him"
2337,狡,"cunning",0,2025-08-18 04:05:57,"you have to have cunning to *mingle* with a *pack of wild dogs* and get away unharmed"
2338,狸,"raccoon dog",0,2013-12-23 17:02:53,"a #raccoon dog# joined the *pack of wild dogs* as their *computer*-literate otaku member with circles around his eyes"
2339,狼,"wolf",0,2025-05-03 11:49:41,"a pack of *wild dogs* (*{犭}*) has to be really *good* (*{良}*) to catch a wolf."
2340,狽,"flustered",0,2025-03-16 14:03:15,"The *pack of dogs* got all flustered when they tried to open the *shellfish* with their snouts."
2341,狗,"pup",0,2025-08-18 04:06:15,"""He encountered  a *pack of dogs*"" sounds like a scary *phrase*, until you mention they were all puppies."
2342,狐,"fox",0,2025-05-03 11:50:34,"In Japanese folklore the fox is known for changing shape.  This one was being chased by a pack of *wild dogs* (*{犭}*) and passing a garden, changed into a *melon* (*{瓜}*) to hide."
2343,狛,"a-un",0,2025-08-18 04:06:32,"From the *pack of wild dogs* only *white* ones are chosen to be a-un (to guard the temple)."
2344,狙,"aim at",0,2025-08-18 04:07:55,"I think the *wild dogs* (*{犭}*) purposely aim at your *shelves* (*{且}*) to deal the most damage."
2345,獅,"lion",0,2025-05-30 18:34:17,"The pack of *wild dogs* (*{犭}*) admire the lion as an *expert* (*{師}*) hunter."
2346,狒,"baboon",0,2025-08-18 04:08:34,"The hunter employs  *wild dogs* (*{犭}*) to hunt baboons, which he sells to zoos for a lot of *dollars*."
2347,莨,"tobacco",0,2025-08-18 04:09:11,"Many people used to believe that tobacco was a *good flower*, now we all know of the damage it can cause."
2348,茉,"jasmine",0,2025-08-18 04:09:20,"Jasmine flowers are at the extremities of the plant."
2349,莉,"hawthorn",0,2025-03-18 07:28:09,"A hawthorn is a *flower* that stands in the way of *profit* as it has to be taken out of the wheat fiels by farmers."
2350,苺,"strawberry",0,2025-08-18 04:09:32,"Most people eat the fruit of the strawberry plant, but your *mother* eats the *flowers*."
2351,萩,"bush clover",0,2025-08-19 02:54:41,"Bush clover *flowers* (*{艹}*) in *autumn* (*{秋}*)."
2352,藝,"technique (old)",0,2025-03-18 07:28:37,"A *technique* that can produce {熱} without using a fire? That's an old technique that anyone can do!"
2353,薙,"trim",0,2025-08-19 02:55:51,"Get a *pheasant* (*{雉}*) to trim your *flowers* (*{艹}*) for you."
2354,蓑,"straw raincoat",0,2015-03-02 06:03:04,"*Flower*y raincoats are on the *decline* (*{衰}*), with straw raincoats now coming into fashion"
2355,萎,"numb",0,2025-03-19 01:33:42,"I grow numb of the *flower* (*{艹}*) *committee* (*{委}*)."
2356,苔,"moss",0,2025-08-19 02:56:33,"*Flowers* (*{艹}*) can be seen on the *pedestal* (*{台}*) covered with moss."
2357,蕩,"prodigal",0,2025-03-19 01:34:49,"When the prodigal son returned, he was greeted with *flowers* (*{艹}*) and *hot water* (*{湯}*) for tea by his mum."
2358,蔽,"cover over",0,2025-08-19 02:57:10,"You cover over the *shredder* with *flowers* (*{艹}*) when the FBI comes a-knockin'."
2359,蔓,"tendril",0,2025-08-17 09:37:51,"The alien plant from outer space *flowered* (*{艹}*) and started drawing *mandalas* (*{曼}*) on the ground with its tendrils as a way of communication."
2360,蓮,"lotus",0,2025-03-19 01:39:05,"A lotus can either be a *flower* (*{艹}*) , or else something that *take*s you *along* (*{連}*) (the sports car)"
2361,芙,"lotus flower",0,2025-03-19 01:36:48,"There's a popular myth amongst *flower* (*{艹}*) girls that the face of their future *husband* (*{夫}*) is hidden inside a lotus flower."
2362,蓉,"lotus blossom",0,2025-03-19 01:37:29,"Those little *flower* (*{艹}*) buds *contain* (*{容}*) a whole lotus blossom when they grow bigger."
2363,蘭,"orchid",0,2025-08-19 02:58:47,"The orchid thief tries to steal exotic *flowers* (*{艹}*) from the *east* (*{東}*), only to be stopped by customs at the departure *gate* (*{門}*)."
2365,薯,"yam",0,2025-03-19 01:40:22,"A yam has a *signature* (*{署}*) *flower* (*{艹}*) that differentiates it from a sweet potato."
2366,菖,"iris",0,2021-02-13 18:11:53,"Only *prosperous* (*{昌}*) people (picture someone with a lot of bling) can afford to have iris *flowers* (*{艹}*) in the house regularly. They're too expensive for daily use."
2367,蕉,"banana",0,2025-03-15 19:29:21,"like the fruit itself, banana *flowers* (*{艹}*) look *charred* (*{焦}*) as they age"
2368,芯,"wick",0,2025-08-19 02:59:33,"A wick is like a *flower* (*{艹}*) stem running through the *heart* (*{認}*) of a candle."
2369,蕎,"buckwheat",0,2025-08-19 03:00:29,"I gave the *angel* (*{喬}*) a *flower* (*{33401*). In return she gifted me with a year's supply of buckwheat to feed my family."
2370,蕗,"butterbur",0,2025-08-19 03:01:02,"Butterbur *flowers* (*{艹}*) can be seen along the *path* (*{路}*)."
2373,苛,"bullying",0,2020-09-18 15:43:58,"""How many *flowers* (*{艹}*) *can* (*{可}*) I stuff in your nostrils?  Well I'm just gonna have to go and see.""  Bullying at its worst!"
2374,蔭,"behind the scenes",0,2025-03-19 01:40:48,"Behind the scenes, in the *shady* areas, they trade various *flowers*: oh, yeah, gather 'round the good stuff!"
2376,芥,"mustard",0,2021-06-03 16:43:35,"mustard has a lot of flavour *jammed in* (*{介}* to its *flowers* (*{艹}*)."
2378,葡,"grape",0,2025-03-03 17:42:39,"my *offspring* ate all the grapes off the *grape vine* (*{萄}*)!"
2379,萄,"grape vine",0,2025-03-03 17:44:53,"""I heard it through the grape vine""' using a pair of *tin cans* (*{缶}*)  *bound up* (*{勹}*) together to form a 糸電話 hidden amongst the *flowers* (*{艹}*)."
2380,蘇,"resurrect",0,2020-12-18 05:51:05,"*Fish* (*{魚}*) are used (as fertilizer) to resurrect your *wheat* (*{禾}*) to a *flower*ing (*{艹}*) state"
2382,苓,"cocklebur",0,2025-03-19 01:42:22,"I *order* (*{令}*) you not to giggle at this *flower*'s (*{艹}*) name, cocklebur! You're being immature!"
2384,蒙,"darken",0,2025-08-11 19:18:13,"Miss Piggy has entered the Miss Universe pageant. Only *one* (*{一}*) *sow* (*{豕}*) will get the *crown* (*{冖}*), when the lights darken, Miss Piggy accepts the *flowers* (*{艹}*) as she is announced the winner!"
2386,芭,"plantain",0,2025-03-15 19:31:18,"A #plantain# is a *flowering* (*{艹}*) fruit that looks kind of like a banana, and of course bananas look sort of like a comma, so you might even say that they have a sort of *comma-design* (*{酋}*)."
2388,蓋,"lid",0,2025-07-10 08:12:43,"The magic lid trick: you put *flowers* (*{艹}*) in the *dish* (*{皿}*) and cover them up with the lid.  Then you lift and the flowers are *gone* (*{去}*)!"
2390,蔑,"revile",0,2025-07-14 16:50:47,"The hippes, with *flowers* (*{艹}*) above their *eyes* (*{罒}*), looked down on and reviled those who *marched* (*{戌}*) into war."
2394,茸,"mushroom",0,2021-01-22 03:47:12,"My mother used to joke that if I didn't wash my *ears* (*{耳}*) properly, mushroom *flowers* (*{艹}*) would be growing out of them."
2395,蒔,"sowing",0,2015-10-31 04:08:46,"*Flowers* grow some *time* (*{時}*) after sowing seeds."
2399,蒼,"pale blue",0,2025-03-19 01:43:28,"pale blue *flowers* (*{艹}*) cover the *godown* (*{倉}*) from sight"
2400,藁,"straw",0,2021-01-29 18:02:22,"When a giant drinks a cocktail, he needs a straw of large proportions.  He hollows out a *tall* (*{高}*) *tree* (*{木}*) for the straw, and sticks a giant *flower* (*{艹}*) on the rim of his drink."
2402,藷,"sweet potato",0,2025-03-18 07:32:43,"The sweet potato is a *plant* that can be used in *various* dishes quite well."
2403,薮,"quack",0,2015-02-14 13:44:01,"the idiot savant was thought to be a quack because he couldn't help but count the *number* of *flowers* he saw"
2409,蒐,"collector",0,2025-03-18 07:33:16,"Debt collectors will even hustle *ghosts* for the *flowers* on their bodies' graves."
2411,葦,"ditch reed",0,2024-10-24 14:49:41,"After breaking up with her boyfriend and ditching him, she threw the *flower*s (*{艹}*) and *locket* (*{韋}*) he gave her into the #ditch reeds#"
2413,辿,"track down",0,2017-11-04 14:11:28,"When you're following someone along a *road* high atop a *mountain* (*{山}*), it is easy to #track# them #down#, since all tracks lead down."
2414,這,"crawl",0,2025-07-30 15:59:37,"There are *words* (*{言}*) written on the *road* (*{辶}*), but you have to #crawl# along to read them: 'If...you...can...read...this...you...look...silly...'"
2415,迂,"detour",0,2025-07-29 18:18:46,"due to *potatoes* (*{于}*) in the *road* (*{辶}*), there was a detour."
2417,逢,"tryst",0,2025-02-15 16:20:44,"Spiderman (糸) is absent. Unable to make a secret tryst with Mary Jane because he has to {縫} 縫 his torn costume."
2418,遥,"far off",0,2015-01-27 17:52:45,"the *condor* has really good eyesight and can see prey scurrying down the *road* from far off"
2420,逼,"pressing",0,2025-08-06 18:42:03,"those with *wealth* (畐)  speed down the *road* (*{辶}*) as if they have some pressing matter to attend"
2422,遜,"modest",0,2025-06-02 07:17:24,"He wasn't at all modest when telling us about his *grandchildren* (*{孫}*) - ""They're all on the *road* (*{辶}*) to success"" he said."
2423,逗,"standstill",0,2025-03-16 14:07:08,"the traffic on the ROAD is at a standstill because someone left a bunch of TABLES laying there"
2426,隙,"chink",0,2014-12-08 05:29:23,"They won't let me in *The Pinnacle*, but I can see a *little* bit of *sun* through this *little* #chink# in the wall. Hmm, maybe I could make this #chink# bigger..."
2427,隈,"nook",0,2025-03-16 14:07:39,"On the *pinnacle* of the secret government organisation, every nook and cranny of the pinnacle is under government control, even the *ricefields*. You can't even drop a *hairpin* there without being noticed."
2429,惹,"attract",0,2025-03-18 18:19:10,"You have to be *young* (*{若}*) at *heart* (*{心}*) to attract the opposite sex"
2430,悉,"without exception",0,2025-04-05 04:33:45,"Without exception, as they come upon the *tracks of an animal* (*{釆}*)., the *heart* (*{心}*) of every hunter starts beating like crazy."
2431,忽,"instantaneously",0,2025-09-06 02:33:04,"A *heart* (*{心}*) will *not* (*{施}*) instantaneously heal, forget, or get better."
2432,惣,"firstborn son",0,2025-03-18 07:34:43,"The caveman, introducing his firstborn son: ""And this is *thing* with *heart*."""
2433,愈,"in the nick of time",0,2025-05-23 02:34:16,"The guy who had a *heart* (*{心}*) attack at the *butcher's meeting* (*{俞}*) was saved in the nick of time."
2434,恕,"sensitive",0,2025-03-18 07:35:22,"He's very sensitive about that sculpture, as it captures the *likeness* of the woman of his *heart*."
2436,晋,"progress",0,2025-03-16 14:06:11,"The churches teach that if we eliminate *horniness* as a *universal* trait, we can make progress as a society."
2437,曖,"unclear",0,2025-07-02 11:50:01,"My feelings about the *sun* (*{日}*) are unclear; I *love* (*{愛}*) the heat and light… sometimes."
2438,晟,"aglow",0,2025-02-24 09:42:22,"When the *sun* (*{日}*) comes up and sets the sky aglow, night *turns into* day."
2439,暈,"halo",0,2020-12-04 16:31:42,"*sun* (*{日}*) *army* (*{軍}*)"
2441,旱,"dry weather",0,2025-03-16 14:06:39,"Dry weather is of course good drying weather, so everyone puts their *clotheslines* out under the *sun*."
2443,晨,"morrow",0,2025-03-18 07:35:53,"*Bruce Lee* waits for the *sun* of the morrow to begin a showdown"
2444,晒,"bleaching",0,2025-07-21 13:41:55,"The *sun* (*{日}*) was the only method for bleaching hair in the old *West* (*{西}*)."
2445,昧,"obscure",0,2025-04-12 08:45:58,"Things are obscure when the *sun* (*{日}*) is *not yet* (*{未}*) out."
2446,晃,"limpid",0,2025-02-24 09:44:25,"The *sun's* (*{日}*)  *rays* (*{光}*) passed through to the very bottom of the limpid pond."
2451,昏,"dusk",0,2025-08-01 15:36:06,"Once dusk hits, my *family name* (*{氏}*) is more fearsome than the *sun* (*{日}*) itself. We are vampire hunters."
2452,晦,"last day of the month",0,2025-08-12 17:46:27,"The last *day* (*{日}*)  of *every* (*{毎}*) month is the last day of the month."
2454,股,"thigh",0,2025-08-05 17:36:21,"The #thigh# is the part of the *body* (*{月}*) where Robocop stores his *missiles* (*{殳}*)."
2456,腑,"viscera",0,2025-07-03 13:28:27,"That *municipality* (*{府}*) is so unsafe, thugs will attack you and cut the viscera out of your *flesh* (*{月}*) to sell them on the black organs market."
2460,臆,"cowardice",0,2017-11-22 13:26:09,"Cowardice is the situation where you get the thought that maybe running away and saving your *flesh* is a good *idea* (*{意}*)."
2462,脆,"fragile",0,2024-11-10 18:14:32,"If you are a fragile person, your *flesh* (*{月}*) will be hurt by lots of *dangerous* (*{危}*) things."
2463,肋,"rib",0,2019-03-17 18:12:03,"Without ribs, our *flesh* wouldn't have the *power* (*{力}*) to stay upright."
2464,肘,"elbow",0,2017-05-12 18:53:41,"The elbow is the *part of the body* 月 that you *glue* 寸 to the desk when you cram the kanji. In Spanish there's the phrase ""hincar los #codos#"" (lit. ""thrust the elbows"") which means ""to cram"". When you cram you put your elbows to the desk and bring your hands to the forehead as you intensely study your notes or your book (see https://blogcdn.4tests.com/wp-content/uploads/2015/03/cram-for-a-test.jpg). Just imagine literally *gluing* 寸 your elbows to the desk. [+sirkne] CAREFUL! {厶} - elbow primitive!"
2467,腫,"tumor",0,2025-06-09 17:27:53,"When *flesh* (*{月}*) clumps together and gets *heavy* (*{重}*), it forms a tumor."
2469,肱,"armrest",0,2025-03-18 07:24:49,"An armrest is something that lets you rest the *flesh* of your arm by keeping your *elbow by your side*."
2470,胡,"uncivilized",0,2025-08-17 15:06:14,"Only uncivilized people eat *old* (*{古}*)  *flesh* (*{月}*)."
2472,枕,"pillow",0,2025-07-05 09:51:04,"*Wooden* (*{木}*) pillows do not *sink* (*{沈}*)."
2473,楊,"purple willow",0,2025-03-18 07:37:22,"because it's easy to spot, a purple willow is the *tree* that marks where my *piggy bank* is"
2477,槌,"wooden hammer",0,2015-01-21 17:17:50,"sick of being *chased*, the *maestro* grabs a #*wooden* hammer# to fight back with"
2480,椅,"chair",0,2022-07-07 09:18:36,"A piece of tree {木} so unusually {奇} shaped one can sit on it is called a chair."
2481,柿,"persimmon",0,2025-04-14 18:22:24,"Persimmon = かき - they grow on *trees* (*{木}*) and are sold at the *market* (*{市}*)."
2482,柑,"citrus tree",0,2025-06-22 09:52:51,"The fruits from the *tree* (*{木}*) called the citrus tree, taste *sweet* (*{甘}*)."
2483,桁,"girder",0,2025-07-14 14:57:10,"When the *wooden* (*{木}*) girders start to snap, the workmen shout ""Run! Let's *go!* (*{行}*)"""
2484,杭,"picket",0,2025-03-01 15:41:04,"Pickets were made out of *trees* (*{木}*) and placed all around to protect against the *whirlwind* (*{亢}*)."
2487,椀,"wooden bowl",0,2021-12-08 16:25:04,"Wooden bowls made of *wood* (*{木}*) have the *address* (*{宛}*) of the maker on the on the side."
2493,楢,"Japanese oak",0,2025-03-16 14:04:44,"The special brand *Horned Whiskey* is riped in special oak caskets made of the Japanese oak *tree*."
2494,橘,"mandarin orange",0,2025-06-22 09:55:24,"The guy who likes to *make a deal* (*{商}*) , traded a *vase* (*{立}*) and *halberd* (*{矛}*) for a mandarin orange *tree* (*{木}*)."
2497,栖,"nestle",0,2025-03-18 07:14:25,"Its a secret that #Nestlé# chocolate syrup is drawn from chocolate *trees* that are found in the *west*."
2498,梗,"spiny",0,2023-04-28 03:20:42,"I learned this one from the movie Evil Dead, but when it *grows late* (*{更}*), *trees* (*{木}*) change shape and become spiny creatures!  Lesson: don't go out at night."
2503,杵,"wooden pestle",0,2021-05-13 05:36:54,"When I read in a cooking book that I had to mash up a horse with a wooden pestle, naturally I tried to obtain a *tree* (*{木}*) to do the job at *noon* (*{午}*)."
2505,椎,"sweet oak",0,2025-03-16 14:05:09,"The sweet oak *tree*’s rich sap attracted a wandering *turkey*, who couldn’t resist a quick taste."
2507,柵,"palisade",0,2022-11-06 02:32:37,"Before I build him a *wooden* (*{木}*) palisade, the mighty leader gives me a great *tome* (*{冊}*) on the subject."
2509,橿,"sturdy oak",0,2025-03-16 14:05:32,"How does an #oak# *tree* become #sturdy#? By eating *pancake stacks* for breakfast every morning. That's a sturdy oak."
2510,杓,"wooden ladle",0,2017-09-15 09:26:46,"A wooden ladle is of course a *ladle* (*{勺}*) made out of wood from a *tree* (*{木}*)."
2511,李,"damson",0,2025-03-18 07:15:09,"*Children* like to stand under the damson *tree* and hope the plum fruits will fall into their mouths."
2512,棉,"raw cotton",0,2025-03-18 07:15:38,"before {綿} is made into thread for Spider-Man's *white towels*, it simply grows on a *tree* as raw cotton"
2513,楯,"escutcheon",0,2025-03-18 07:15:59,"Note: This is not necessarily an escutcheon. It can be any *wooden shield*"
2516,槍,"lance",0,2025-04-17 17:08:12,"When Sir Lancelot wants a new lance he goes down to the *godown* (*{倉}*) (they have a nice selection for sale) and tries some out by thrusting them into a nearby *tree* (*{木}*)."
2519,枇,"loquat",0,2025-03-18 07:16:36,"The loquat tree is very rare. To loquate it, you need to *compare* it to the *trees* next to it."
2524,椰,"coconut tree",0,2021-03-22 19:30:24,"(Note: *ear* + *city walls*  = {耶}).

I see a *tree* (*{木}*) with an *exclamation* (*{耶}*) mark painted on it. ""Why is that?"" I think, ""An *exclamation* (*{耶}*) mark indicates danger, but it's only a *tree* (*{木}*) "". Then a coconut drops on my head. Ah, it's a coconut tree."
2525,檀,"sandalwood",0,2025-03-18 07:17:06,"Sandalwood is the ideal *wood* for a *podium*: it's easy on your sandals!"
2529,彬,"copious",0,2025-03-18 07:05:06,"*Cedar trees*(*{杉}*)  are so copious they only come in *groves* (*{林}*)."
2530,桶,"bucket",0,2025-03-16 14:11:14,"as if in a cartoon, my *pogo stick* got stuck in a *wooden* bucket, causing me to fall over"
2531,楕,"ellipse",0,2015-11-10 12:53:45,"When tasked with planting the *trees* to form a circle, the somewhat *lazy* gardener just winged it (instead of measuring) and the result was an #ellipse# of trees."
2534,燿,"twinkle",0,2025-03-18 07:05:50,"Tuesday is #twinkle# day. Or in kanji arithmetic: 火 + 曜 = 燿 + 日"
2535,燎,"watchfire",0,2025-03-02 13:37:27,"The *fires* (*{火}*) outside the *puptent* of the sentinel are watchfires."
2537,焚,"kindle",0,2020-11-02 15:41:24,"I'm really bad at making *fires* (*{火}*), I needed kindling from a whole *grove* (*{林}*) of trees before I managed to kindle the *fire* (*{火}*)."
2540,煽,"fanning",0,2025-03-18 07:06:21,"Fanning the *flames* with a *fan*"
2545,烙,"branding",0,2025-03-18 07:06:58,"Branding with FIRE - EACH animal"
2548,煎,"roast",0,2022-01-20 10:36:32,"You put things *in front* (*{前}*) of the *fire below* (*{灬}*) to #roast# (煎) them."
2549,烹,"stew",0,2025-02-25 16:09:46,"If  *fire below* (*{灬}*) *goes smoothly* (*{亨}*) you will have stew in no time"
2550,牽,"tug",0,2025-09-01 06:59:35,"a *mysterious* (*{玄}*) *crown* (*{冖}*) appeared on the *cow* (*{牛}*) that wouldn't come off no matter how hard we'd tug"
2551,牝,"female animal",0,2025-03-18 07:07:45,"*Cow*s that give milk for your cereal *spoon* are female animals"
2552,牡,"male animal",0,2025-04-10 14:03:23,"The male animal *cow* (*{牛}*) is called a bull, and it likes to roll around across the *soil* (*{土}*)."
2554,琳,"chime",0,2025-03-18 07:08:53,"the *king* knew playtime in the *grove* was over when he heard the clock tower chime"
2556,斑,"speckled",0,2025-03-18 07:09:29,"The *sentences* exchanged between the two *kings* got more and more heated, finally leading to a fight which left the whole area speckled with blood."
2559,瑳,"burnish",0,2025-03-18 07:13:06,"the *king* appreciated the *distinction* of burnished jewels"
2563,瑞,"fortunate",0,2025-03-18 07:10:06,"The *king* went *mountain*-climbing but dropped his *comb* and it tumbled miles below. However, he happened to find it on the way back. How fortunate!"
2567,玩,"toy",0,2020-09-26 17:50:07,"Even the *king* (*{王}*) played with toys in the *beginning* (*{元}*)."
2569,畏,"apprehensive",0,2020-10-17 15:37:32,"I’m feeling apprehensive because I’m wading barefoot in a *rice field* (*{田}*) and I've just dropped my *hairpin* (*{长}*)."
2572,痒,"itch",0,2025-05-07 11:31:16,"When the *caveman* (*{疒}*) feels an itch, he grabs the nearest *sheep* (*{羊}*) and rubs himself with it."
2574,疹,"measles",0,2025-06-23 03:17:07,"It's measles, said doc to the *caveman* (*{疒}*).  While sick, cover yourself with a *parasol* (㐱)."
2576,癌,"cancer",0,2017-06-04 18:13:25,"The only cure for the *sickness* they call cancer are the *goods* (*{品}*) they sell at the top of that *mountain* (*{山}*)."
2577,痩,"lose weight",0,2025-07-21 11:11:09,"The *caveman* is(*{疒}*) #losing weight# because he is putting *branches* (*{支}*) in his *mouth* (*{口}*)."
2579,痺,"paralysis",0,2025-03-22 18:36:52,"*Caveman* (*{疒}*) was just a *lowly* (*{卑}*) Neanderthal, trying to survive. But he had healing hands and people were brought in from far to have him cure their paralysis."
2581,眩,"dizzy",0,2015-11-07 17:32:23,"If in front of your *eyes* (*{目}*) you see *mysterious* (*{玄}*) things you're definitely dizzy."
2583,眉,"eyebrow",0,2025-02-26 18:45:04,"#Eyebrows# are like *flags* (*{尸}*) that are raised above your *eyes* (*{目}*). The *flag* (*{尸}*) is divided because otherwise that would be a monobrow."
2584,雉,"pheasant",0,2025-08-21 16:53:35,"I threw my *dart* (*{矢}*) at a pheasant during the hunt, but hit a *turkey* (*{隹}*) instead."
2586,磐,"crag",0,2025-03-14 10:25:10,"If you want to take all the *stones* out of this crag, you'll need a large *carrier*."
2587,碇,"grapnel",0,2025-03-15 19:34:01,"Faced with a  *rock*(*{石}*) he was *determined*(*{定}*), he used a grapnel."
2588,碧,"blue-green",0,2025-03-18 07:10:58,"Notes: 珀 (not in Heisig) means ""amber"". Story for both: A bus is stopped at some traffic lights in Japan. Inside, *King* Henry VIII and Barry *White* are arguing over whether the lights are yellow or *amber*. The lights change to ""Go"", and Mick Jagger (*stone*) then joins a new argument over whether the lights are blue or green. They compromise on blue-green."
2591,碗,"teacup",0,2025-02-24 16:30:17,"Similarly to the *wooden bowl* (*{椀}*), the teacup made of *stone* (*{石}*) has it's maker's *address* (*{宛}*) carved into the bottom."
2593,碩,"illustrious",0,2025-03-18 07:12:01,"The illustrious *stone heads* of Easter Island."
2598,祷,"beseech",0,2025-03-17 03:25:22,"If you want *longevity*, go to an *altar* and beseech the gods."
2599,祐,"ancestral tablet",0,2025-03-17 03:22:53,"Picture a Japanese *altar* that contains ancestral tablets, placed on the *right* (on the left would be the incense)."
2600,祇,"local god",0,2025-03-17 03:23:46,"The *altar* dedicated to this local god has the *family names* of all the villagers inscribed in it, so that the god knows whom he should favour."
2603,禎,"felicitation",0,2025-03-18 07:13:34,"The one who lives an *upright* life receives felicitations from the gods at the *altar*."
2607,稔,"bear fruit",0,2025-03-18 07:19:07,"Every day, the farmer works in his *wheat* field, making a *wish* that his hard labor will bear fruit."
2610,稜,"imperial authority",0,2023-07-05 15:58:24,"The imperial authority is coming to inspect the *wheat* (*{禾}*) crop and the *rice seedlings* (*{圥}*). No doubt they want to make sure they'll get very last bit of their dues. The poor farmers run around on their *walking legs* (*{夂}*) to assure they haven't kept anything hidden."
2611,稀,"sparse",0,2025-09-02 04:31:59,"Food is sparse, so the *wheat* (*{禾}*) crops are now their only *hope* (*{希}*)."
2615,窟,"cavern",0,2020-10-30 19:33:24,"It seemed to be just a *hole* (*{穴}*), but it did *yield* (*{屈}*) a wondrous cavern of stalactites and stalagmites."
2620,站,"outpost",0,2025-03-18 07:19:49,"At a good outpost, there are guards standing and a fortune teller that can foresee any threat to stop it on time"
2621,靖,"repose",0,2025-03-16 14:08:57,"I pose once by a red *vase* & then repose by a *blue* one."
2623,衿,"lapel",0,2025-03-16 14:09:25,"""The boss wants to see you *now*,"" I said, grabbing him by the *lapel* of his *cloak* and dragging him into the room"
2627,襖,"sliding door",0,2025-07-14 15:03:47,"Before you open the sliding door to the *core* (*{奥}*) of the nuclear reactor, you'd better put on your anti-radioactivity *cloak* (*{衤}*).

(See (*{奧}*) for a better match. Maybe: Open the sliding door, take down the CLOAK 衤 and enter the OLD CORE 奧 of the kitchen."
2638,篭,"basket",0,2025-02-15 16:18:01,"the only cage that can keep a *dragon* is made of *bamboo*"
2639,篠,"slender bamboo",0,2025-03-16 13:58:25,"Mr T uses a stick of slender bamboo to beat his taskmaster that he chased up into the tree."
2640,箸,"chopsticks",0,2025-05-02 15:19:27,"I am *someone* (*{者}*) who uses *bamboo* (⺮) chopsticks."
2642,竺,"bamboo cane",0,2025-03-17 03:26:22,"My bamboo cane is collapsible. It can fold into *two* (*{二}*) separate *bamboo* sticks."
2645,篇,"livraison",0,2025-03-17 03:27:01,"A limited livraison (edition) of *manga* made of *bamboo*."
2648,粕,"settlings",0,2016-07-11 01:18:13,"(in drawing order): The settlings you see in sake are actually bits of *rice* (*{米}*). How do you know? Because they are *white* (*{白}*)."
2650,糊,"paste",0,2024-03-31 05:07:04,"Let the *rice* (*{米}*)  *age* (*{古}*) for one *month* (*{月}*) and it becomes an absolutely wonderful paste."
2652,糠,"rice bran",0,2025-06-25 16:29:40,"The *rice* (*{米}*) in rice bran is good for you: it keeps you *sane* (*{康}*)."
2654,粟,"foxtail millet",0,2016-10-22 06:10:19,"Maybe the Japanese ought to rethink their nickname for America.  Seriously, in the *wild west* the only ""*rice*"" I have seen is foxtail millet."
2656,綸,"twine",0,2025-03-17 03:27:28,"*Spidey* assists the older ladies at the twine *convention* by providing them with a continuous line of twine to knit with. They thank him for the twine with some wine."
2658,絆,"ties",0,2025-05-25 17:29:58,"A *thread* (*{糸}*) is not a very strong tie. Really only *half* (*{半}*) a tie."
2660,綜,"synthesis",0,2025-03-17 03:28:05,"*Spider-Man*'s *religion* is a synthesis of spirituality and scientific proof"
2661,紐,"string",0,2025-08-04 18:18:01,"A vegetarian replaces all his leather bootlaces with string, saying “In this *thread* (*{糸}*) there’s no *sign of the cow* (*{丑}*)!”."
2662,紘,"chinstrap",0,2025-03-18 07:20:28,"You use your chinstrap to thread your elbow to your side."
2663,纏,"summarize",0,2025-07-03 13:35:46,"To summarize the story: a *thread* (*{糸}*) leads into a *cave* (*{广}*) where upon you find a *rice field* (*{田}*) with *rice seedlings* (*{圥}*) in *soil* (*{土}*). 

You've just discovered the most profitable rice plantation in the world."
2664,絢,"gorgeous",0,2025-08-08 06:48:21,"*Thread* (*{糸}*) that has been woven into a *decameron* (*{旬}*) is the most gorgeous!"
2665,繍,"embroidery",0,2025-03-18 07:21:02,"Embroidery is a much more serious affair than mere sowing. So if you see someone who is holding a *thread* and looking very *solemn*, then they are probably doing embroidery."
2667,綺,"ornate",0,2016-11-14 04:18:34,"*Spiderman*'s a *strange* (*{奇}*) guy, wearing such ornate outfits to make himself look 綺麗【きれい】."
2668,綾,"damask",0,2025-03-16 14:01:55,"The *rice seedlings* notice that *Spiderman*'s blocking their path to the promised land. So they put on #da mask# which was made of a figured cloth and managed to outsmart spidey."
2669,絃,"catgut",0,2025-03-18 07:21:56,"The *thread* with a *mysterious* origin... hint: its not from a plant! catgut."
2670,綻,"come apart at the seams",0,2025-09-06 17:13:52,"The quality of the *thread* (*{糸}*) will *determine* (*{定}*) whether your clothing will #come apart at the seams#."
2673,紗,"gossamer",0,2025-03-16 14:00:48,"If there are very *few threads*, then the light will come through and the fabric be considered to be a gossamer."
2676,聯,"strung together",0,2025-03-18 07:22:24,"My friend's new dangly *ear*rings are interesting--*cacti* strung together with butterfly *cocoons*."
2677,聡,"attentive",0,2021-01-25 15:51:25,"Policymakers' *ears* (*{耳}*) have to be attentive to the *public*'s (*{公}*) *heart* (*{心}*)."
2679,耽,"addiction",0,2024-12-20 16:41:03,"Fearful that I was #addicted# to *ear* (*{耳}*) piercings, my dad put a *crown* (*{冖}*) around one of my *legs* (*{儿}*) so that I couldn’t go to the piercing parlour."
2680,耶,"exclamation",0,2021-03-22 19:32:25,"Quiet!!!! The *city walls* (*{阝}*) have *ears* (*{耳}*) he #exclaimed#."
2683,蛋,"protein",0,2025-03-18 07:23:01,"At the *zoo*, most animals think of *insects* as just good sources of protein."
2685,蝿,"housefly",0,2025-03-18 07:23:31,"The housefly is the *insect* that buzzes as loudly as *two eels* (think electricity)."
2686,蟻,"ant",0,2021-01-21 15:29:57,"the ant is an *insect* (*{虫}*) of *righteousness* (*{義}*), putting the group before its individual concerns"
2687,蜂,"bee",0,2025-02-15 16:19:55,"A #bee# is an *insect* with a *pointy* (see {峰}) stinger."
2689,蝦,"shrimp",0,2023-08-25 15:36:49,"Shrimp are the only “*insects*” (*{虫}*) that I can eat in my *spare time* (*{叚}*): anything else requires way too much willpower."
2691,螺,"screw",0,2024-03-09 19:13:48,"螺　(にし) is a fresh water mollusk with a shell like a screw. When the mollusk has died the shell is used by *insects* (*{虫}*) like a house. Thus, *insects* (*{虫}*) *accumulate* (*{累}*) in the screw shell."
2692,蝉,"cicada",0,2017-12-01 04:09:05,"#Cicadas# are anything but *insects* (*{虫}*) that are *simple* (*{単}*)! Their long life cycles of 13 or 17 years are prime numbers, which ensures that the intervals between years in which any shorter life cycle of a predator match up are as long as possible.

Traditional form: ← {蟬}"
2693,蛙,"frog",0,2014-10-06 10:26:30,"A frog catches an *{517}* by hiding in the *ivy*."
2698,罫,"ruled lines",0,2025-03-20 18:41:27,"Keeping my *eye* (*{罒}*) fixed directly over the paper, I hold down the *ivy* (*{圭}*) and melt the strands with my *magic wand* (*{卜}*).  Viola, ruled lines are created!"
2699,罵,"insult",0,2020-11-14 15:38:14,"In ancient Japan, the most grievous insult was to poke a rival's *horse* (*{馬}*) in the *eye* (*{罒}*) (consider how rare an expensive a steed was in those days).  It was the final step in preparation for a duel to the death."
2705,詢,"counsel",0,2025-03-15 19:24:40,"In order to provide superior counsel, I *spoke* (*{言}*) to him for *ten days* (*{旬}*)."
2706,諄,"polite",0,2016-10-23 06:34:15,"How about #tedious# instead of polite?

Think of all those #tedious# things you have to *say* (*{言}*) when you *receive* (*{享}*)  something."
2707,讐,"vendetta",0,2024-10-04 16:24:41,"A vendetta was started between the two *turkeys* (*{隹}*) over just a few *words* (*{言}*). Vendetta: a *turkey* (*{隹}*) for a *turkey*."
2708,諌,"remonstrate",0,2025-03-18 07:24:02,"*Words* in the *East* remonstrate those who stand out"
2709,謎,"riddle",0,2020-11-06 17:05:40,"A riddle is something you *say* (*{言}*) to lead someone *astray* (*{迷}*)."
2711,讃,"compliment",0,2025-03-18 07:37:55,"Compliments are *words* of *approval*."
2712,誰,"who?",0,2016-10-05 00:39:25,"Have you ever heard words spoken by a Turkey? they make this funny sound that really sounds like: whoooo, whoo, whooo!"
2713,訊,"query",0,2025-08-06 16:56:38,"Did you know that when you run a search query in Google, they probe web sites for your *words* (*{言}*) using *needles* (*{十}*) and *fish hooks* (⺄)? True story!"
2716,諦,"renunciation",0,2019-04-04 17:30:13,"The RENUNCIATION of Britain from the European Union shouldn't be a surprise. The people *SAY* (*{言}*) how they want to be their own *SOVEREIGN* (*{帝}*) nation again."
2720,謬,"fallible",0,2025-03-18 07:38:37,"I started growing *feathers*, so I went in for a *check-up* and they told me I had chicken pox. I guess even physicians are fallible"
2721,詫,"beg another’s pardon",0,2015-04-19 15:54:50,"I #beg your pardon#, but please don't say such *words* in my *home*!"
2724,誹,"slander",0,2025-03-18 07:39:03,"If you slander someone with your *words*, you could end up in *jail* - Jeffrey Archer"
2726,諜,"secret agent",0,2025-05-11 13:48:58,"Secret agents use *words* (*{言}*) for *generations* (*{世}*) by *trees* (*{木}*)."
2729,轟,"rumble",0,2025-07-30 16:01:33,"A *car* (*{車}*) driving over other *cars* (*{車}*) will produce a serious rumble!"
2730,輔,"reinforce",0,2025-03-14 12:31:08,"Two kinds of reinforcement the army needs: military *cars* (*{車}*) (tanks) and, of course, *dog tags* (*{甫}*): more soldiers."
2732,輯,"assemble",0,2025-03-18 07:39:34,"When people *assemble* or *gather*, they first get in their *vehicle* and drive to the meeting point. Then, they open their *mouths* and their *ears* and share their thoughts and feelings."
2733,貌,"countenance",0,2025-07-14 14:40:45,"*Pepe LePew's* (*{豸}*) countenance isn't so bad; it's the smell that makes everyone turn *white* (*{白}*) and dash off on their *human legs* (*{儿}*)! (See also *snowman* (*{皃}*)."
2737,貰,"get",0,2025-03-01 10:47:38,"You get *money* (*{貝}*) from the *generation* (*{世}*) above you"
2738,賂,"graft",0,2025-04-08 14:21:16,"It might sound simple to bribe someone, but then you have to graft the guy above him and the guy below him, and soon you're just giving *shells* (*{貝}*) to *each* (*{各}*) and everyone!"
2739,賑,"bustling",0,2025-07-30 12:42:27,"The *money* (*{貝}*) was earned by *Bruce Lee* (*{辰}*) in the bustling city of Hong Kong."
2742,蹴,"kick",0,2024-10-28 18:03:58,"Don't ask questions *concerning*  (*{就}*) his *wooden leg* (*{足}*) or he'll kick you with it."
2746,醤,"soy sauce",0,2015-01-05 11:16:47,"the *leader*'s (*{将}*) *whiskey bottle* is filled with soy sauce since he doesn't drink alcohol but likes to pretend he's one of the boys by making a strained face when he takes a swig"
2747,醍,"whey",0,2025-08-24 18:09:11,"When filling a *whiskey bottle* (*{酉}*) with a whey mixture, you've got to get the proportions *just so* (*{是}*) or it will just taste like curdled milk."
2748,酎,"hooch",0,2025-03-18 07:40:05,"I combined WHISKEY and GLUE to make HOOCH"
2749,醐,"ghee",0,2025-08-24 18:10:19,"Drinking ghee out of a *whiskey* (*{酉}*) bottle is rather *uncivilised* (*{胡}*)."
2750,醒,"awakening",0,2025-07-10 08:06:44,"You'll need an awakening after the *whiskey bottle* (*{酉}*) makes you see *stars* (*{星}*)."
2752,麺,"noodles",0,2025-03-11 17:46:02,"I always eat *barley* (*{麦}*) noodles with a *mask* (*{面}*) on - it stops them splashing in your face."
2757,鍋,"pot",0,2025-07-05 09:47:47,"A gruesome kind of cauldron that Snape might have used is a *metal* pot in the shape of a *skull*A *metal* (*{金}*) pot with *jawbones* (*{咼}*) for handles."
2759,鋸,"hand saw",0,2025-04-22 17:50:05,"a handsaw is a piece of *metal* (*{金}*) that helps you fix up the place in which  you *reside* (*{居}*)."
2761,鍵,"key",0,2025-04-24 10:04:48,"The *metal* (*{金}*) thing you need in order to enter rooms you *build* (*{建}*), is a key"
2762,鍬,"hoe",0,2015-01-25 16:14:06,"The #hoe# is a *metal* tool used in preparation for the *autumn* harvest."
2763,鋲,"rivet",0,2023-10-24 03:30:00,"In medieval times, *soldiers* (*{兵}*) used *gold* (*{金}*) #rivets# to build their suits of armour"
2764,錫,"tin",0,2025-03-16 14:10:35,"Tin is soft, bends easily, and melts at a low temperature. Hence tin is written as the *metal* that is *easy* to work with."
2765,錨,"anchor",0,2025-03-15 19:32:49,"An anchor is *metal* (*{金}*) planted like a *seedling* (*{苗}*)."
2767,鑓,"javelin",0,2025-03-18 07:40:36,"A javelin is a piece of *metal* used for  *dispatching* enemies – or athletics judges if they’re not careful."
2768,鋒,"sword’s point",0,2025-02-15 16:20:14,"A *pointy* (see my explanation in  峰 {峰}) bit of *metal* is a #sword's point#."
2769,鎚,"hammer",0,2025-02-27 05:15:48,"The hammer is the same as the  (*{槌}*), except it's made out of *metal* (*{金}*)."
2770,鉦,"carillion",0,2025-03-14 11:00:36,"The church carillion was composed of *metal* bells that informed when it was the *correct* time to go to church."
2771,錆,"rust",0,2020-10-21 15:51:00,"The easiest place to spot rust is when it grows on *gold* (*{金}*) that is *blue* (*{青}*).  All of my cars have been *blue*, and as soon as the first red rust appears, its off to the scrapheap."
2773,鋏,"scissors",0,2025-06-20 07:25:43,"At the grand opening, they had *gold* (*{金}*) scissors so *large* (*{大}*) that it required *two people* (*{人}*) to cut the ribbon and let the first batch of customers in."
2777,闇,"pitch dark",0,2025-03-04 00:56:30,"Through the *gates* (*{門}*) of hell there is no *sound* (*{音}*), no light, its all pitch dark.

When it is pitch dark you must navigate through the *gates* (*{門}*) by *sound* (*{音}*) alone."
2779,霞,"haze",0,2025-02-15 18:09:51,"My *hobby* (*{叚}*) is landscape photography so I don't like it when the *rain* (*{雨}*) is #hazy#. 

Note: {暇} 暇 - 日 = 叚 so I suppose *hobby* is a diminutive of *spare time*. [叚 = {叚}]"
2781,斡,"auspices",0,2025-07-24 16:38:46,"Under the auspices of the local observatory, on a *misty* (龺) night, huddled under an *umbrella*, we looked at the *Big Dipper* (*{斗}*)."
2783,鞭,"whip",0,2017-10-30 11:14:01,"The reason to use a piece of *leather* (*{革}*) to whip a horse into running faster is *convenience* (*{便}*) ."
2785,鞄,"briefcase",0,2020-10-17 15:44:30,"the first briefcase was a piece of *leather* (*{革}*) used to *wrap* (*{包}*) documents."
2787,鞠,"terminate",0,2025-03-18 07:42:35,"To terminate the #Terminator#, we *bound-up* his *rice* with some *leather* and watched him starve to death."
2788,頓,"immediate",0,2022-03-10 17:50:28,"When playing *Earthworm Jim* (*{屯}*), remember that the weak point of the boss is his *head* (*{頁}*). Don't bother attacking anywhere else, it will just waste time. Attack the *head* (*{頁}*) immediately! 道#頓#堀　どう#とん#ぼり, the main nightlife street in Osaka."
2792,頬,"cheek",0,2025-05-31 02:47:18,"Your #cheeks# contain your jawbones, which are known as the ""*scissors* (*{鋏}*) of the *head* (*{頁}*)."""
2795,顎,"jaw",0,2025-07-18 17:07:09,"Your chin is the part of your *head* (*{頁}*) under your *nostrils* that forms the *double snare* (*{丂}*) that is your jaw."
2796,頚,"neck and throat",0,2025-03-18 07:43:03,"Homeless in Shinjuku, February: I keep my #neck & throat# warm by wrapping *toilet paper* around it, but my *head* is still cold."
2797,餌,"feed",0,2015-01-28 07:13:12,"*eat* (*{食}*) feed made of an *ear* (*{耳}*)."
2798,餐,"repast",0,2025-06-02 16:55:47,"What *dazzling food*! This shall be the most splendid repast yet!

*vicious* (*{歺}*)
*eat* (*{食}*)"
2799,饗,"feast",0,2025-03-18 07:54:57,"Hometown food"
2801,飴,"sweets",0,2015-10-31 16:55:13,"Of all the things that they *eat* (*{食}*), sweets are definitely the ones kids put on a *pedestal* (*{台}*)."
2802,餅,"mochi",0,2025-07-21 23:50:55,"Mochi is so difficult to *eat* (⻟), it's a *puzzle* (*{并}*) to me why people do so."
2805,馳,"rush",0,2025-07-19 05:29:43,"Rush a *horse* (*{馬}*) by using a *scorpion* (*{也}*)."
2806,騙,"cheat",0,2022-10-04 03:16:15,"I first read about the Greeks being #cheat#ed by the Trojan *Horse* (*{馬}*) in a *comic* (*{扁}*)."
2807,馴,"tame",0,2015-09-15 16:56:39,"The guy who said that you can take a *horse* (*{馬}*) to a *stream* (*{川}*) , but you can't make it drink obviously has never encountered a tame one."
2809,駈,"gallop",0,2025-09-01 12:47:06,"The team of *horses* (*{馬}*) slowed to a gallop as they started up the *hill* (*{窯}*)."
2811,鰻,"eel",0,2025-08-08 13:50:32,"A *fish* (*{魚}*) meditates on a *mandala* (*{鰻}*) to gain the electric power of an eel."
2813,鰯,"sardine",0,2017-11-04 14:29:40,"This is a *fish* (*{魚}*) that is *weak* (*{弱}*)  -- you just open a can of sardines and there they are, weak and defenceless, ready to be eaten."
2815,鮭,"salmon",0,2017-09-14 07:31:39,"SALMON are *fish* (*{魚}*) that swim upstream to higher ground (*soil* (*{土}*) piled on soil) to spawn."
2824,鰐,"alligator",0,2025-08-01 18:01:57,"A *fish* (*{魚}*) lands in the jaws of the outspoken alligator (*{咢}*)."
2825,鮒,"crucian carp",0,2017-09-14 07:27:11,"Crucian carp (ふな) is a freshwater fish most well known for its  use in 鮒鮓 (ふなずし) which is an ancient forerunner to modern sushi.The fish is salted and allowed to ferment over a period of months. STORY: The crucian chefs prepare the *fish* for funazushi by *adhering* to the ancient ways. Note: This old way of preserving fish, known generally as なれずし (馴れ鮓 or 熟れ鮓), uses a rare kanji for すし - {鮓} 鮓"
2827,鰭,"fish fin",0,2025-04-13 08:19:09,"the *old man* (*{老}*) thinks *fish* (*{魚}*) fin sushi is *delicious* (*{旨}*)."
2828,鴎,"seagull",0,2025-05-11 14:04:18,"Inland to the *wards* (*{区}*) is where the *bird* (*{鳥}*) that is the seagull goes for food."
2834,鷲,"eagle",0,2025-09-04 05:26:10,"There is much *concern* (*{就}*) over the *bird* (*{鳥}*)) known as the eagle, for it is close to extinction."
2836,鳶,"black kite",0,2015-02-17 14:39:33,"The kite falcon is a majestic *bird* that flies in the sky as fast as an *arrow*. So much so that its feathers are often used to make arrows."
2839,麓,"foot of a mountain",0,2025-02-28 16:18:32,"In the *grove* (*{林}*) at the #foot of the mountain#, there's lots of *deer* (*{鹿}*)"
2841,冥,"Hades",0,2025-08-01 15:59:37,"The beast of Hades one *day* (*{日}*) will wear a *crown* (*{冖}*), and the number of the beast is *666* (*{六}*)(*{六}*)(*{六}*)."
2842,瞑,"close the eyes",0,2025-09-06 02:25:48,"When you wake up in *Hades* (*{冥}*), you close the *eyes* (*{目}*) and try to pretend it isn't happening."
2843,暝,"murky",0,2025-03-18 07:45:27,"*Hades* (*{冥}*) is normally very dark, and even when the *sun* (*{日}*) shines in it is still murky."
2844,坐,"sitting in meditation",0,2025-06-22 09:59:32,"2 *people* (*{人}*) sitting in mediation on the *soil* (*{土}*)."
2845,挫,"sprain",0,2025-06-22 07:50:05,"I sprain my *finger* (*{扌}*) while *sitting in meditation* (*{坐}*)."
2846,朔,"first day of the month",0,2012-08-05 03:21:40,"On the first day of the month a mountain goat lets out a ""Baah"" as it jumps over the moon."
2847,遡,"go upstream",0,2025-06-20 07:30:33,"The mountain goats invert 逆 their course on the first day of the lunar 月 month. They follow the road 辶 and go upstream."
2849,洩,"dribble out",0,2025-03-18 07:46:21,"(re: Katsuo) If you *tow water* in a wheelbarrow, some of it is sure to dribble out"
2850,彗,"comet",0,2016-01-12 15:02:44,"Having *2 Bushes* for president hurt like a comet hitting the planet and it'll take more than a *broom* to clean it up."
2851,慧,"astute",0,2025-03-18 07:46:57,"The astute astral observer Edmond Halley put his heart into his work.  And in return, we named a comet for him."
2855,爽,"bracing",0,2025-03-18 07:47:30,"a *large* airship drops parachuting *Wolverine* clones into the bracing night air"
2856,欝,"depressed",0,2025-03-14 10:14:32,"The *baron* crashed his plane across enemy lines.  Pulling himself out of the wreck, he looked up to see a nearby *grove of trees*.  However he turned depressed as he realized the two flashes of light were actually reflections from the steel as *Wolverine* deployed *both* of his razors for action. Out of the frying pan..."
2861,巽,"southeast",0,2025-08-12 18:15:34,"The *two snakes* Noah elected (1804) for his Ark came from the southeast."
2862,歪,"warped",0,2017-11-22 04:26:33,"In the debate, your political opponent's has such a #warped# sense of perspective, that he believes the *negative* (*{不}*) is actually *correct* (*{正}*)."
2863,翠,"jade green",0,2025-03-18 07:48:00,"you're so jaded by the time you *graduate* that when you finally spread your wings, your *feathers* are all jade green"
2866,鹵,"rocksalt",0,2013-12-07 14:41:04,"The *fortune teller* gives more acurate results if you stuff a *sheaf* and four drops of rocksalt in her mouth."
2867,鹸,"lye",0,2025-07-26 17:14:57,"Lye is white like *rocksalt* (*{鹵}*) and can be broken up with an *ice pick* (㑒)."
2868,虔,"reserved",0,2021-02-25 05:11:25,"That *tiger* (*{虎}*)at the zoo was so reserved. He didn't say so much as one *sentence* (*{文}*)."
2872,孟,"start",0,2025-03-18 07:48:52,"""Hey *kid*, I suggest you start cleaning that *dish* before the {猛} dogs show up"""
2873,牌,"mahjong tiles",0,2025-03-14 10:47:29,"Mahjong tiles, to the best of my understanding have only *one side* and are considered a *lowly* use of time."
2874,骸,"remains",0,2025-05-29 12:54:33,"Here lie the *skeletal* (*{骨}*) remains of my poor old *Acorn* (*{亥}*) computer... (sob)"
2875,覗,"peek",0,2025-08-26 15:01:40,"if a *director* (*{司}*) lets anyone *see* (*{見}*) his film before it's finished, it's only a sneak peek"
2876,彪,"mottled",0,2025-08-18 17:37:57,"Nobody else notice this is a drawing of tiger stripes?"
2877,秦,"Manchu dynasty",0,2025-08-18 17:37:43,"(thx Katsuo) The so-called 'mighty' #Qin dynasty# died a nasty death from starvation because they focused on growing *bonsai* instead of *wheat*."
2878,雀,"sparrow",0,2024-03-26 15:36:13,"there are relatively *few* (*{少}*) *turkeys* (*{隹}*) compared to the widely familiar sparrow"
2879,隼,"peregrine falcon",0,2025-08-18 17:37:18,"The peregrine falcon is the fastest animal in the world. It can reach speeds of over 322 km/h in a dive  - over *ten* times as fast as a *turkey*!"
2880,耀,"shimmering",0,2025-03-18 07:49:18,"shimmering *rays* of light awaken me as I lay on my *turkey feather futon*"
2881,夷,"ebisu",0,2025-03-15 19:35:16,"Ebisu: a *person* considered to be a barbarian, holding an *arrow* and a *bow*."
2882,戚,"relatives",0,2025-03-12 18:22:25,"All my relatives from out of town are visiting so we go check out the *parade* (*{戊}*). I hold the *little* (*{小}*) ones up *above* (*{上}*) on my shoulders so they can see."
2883,嚢,"cyst",0,2025-08-18 17:36:56,"grass skirt, middle, crown: The girl wearing the *grass skirt* had a  cyst growing in the *middle* of her head, seeming like a *crown*. A sign she will be the new village elder, I heard later."
2884,丼,"donburi",0,2025-03-11 17:42:59,"I *drop* (*{丶}*) a domburi down into the *well* (*{井}*) for the goblin living there"
2885,暢,"carefree",0,2020-12-27 15:18:50,"The *monkey* (*{申}*) is carefree with his *piggy bank* (*{昜}*), tossing it at whatever financial opportunity he stumbles upon."
2886,廻,"circling",0,2025-03-18 07:49:45,"A dishonest taxi driver is circling to increase the fare -- trying to *stretch out* the ride, going around the block many *times*."
2887,畿,"capital suburbs",0,2021-02-11 17:15:24,"*fiesta* (*{戈}*)
*cocoon* (*{幺}*)
*rice field* (*{田}*)"
2888,欣,"elation",0,2025-08-18 17:36:26,"I feel elation when I realize the *axe* murderer is *lacking* his axe."
2889,毅,"stalwart",0,2025-08-05 17:45:27,"A stalwart *sow* (*{豕}*) *stands up* (*{立}*) against a *missile* (*{殳}*).

See also *Porky*: (*{豙}*)."
2890,斯,"this",0,2025-08-18 17:35:50,"Tip: Learn ""this"" 斯 and ""that"" 其 at the same time. (""that"", 其 , is not in Heisig, but is probably more common than 斯). Stories: This *bushel basket* comes with an *axe* to open it, but #that# one doesn't."
2891,匙,"wooden spoon",0,2017-09-18 07:11:00,"After you get the wooden spoon in the ""egg & spoon"" race another competitor explains that you need to hold the *spoon* (*{匕}*) ""*just so* (*{是}*)""."
2892,匡,"set straight",0,2025-03-14 10:52:29,"After the revolution, the *king* was put into a *box* so that the government could be set straight."
2893,肇,"founding",0,2025-03-14 10:52:08,"Founding of a nation is usually done by the taskmasters in charge behind closed doors.  They sign some papers with their writing brushes and voila.."
2894,麿,"Utamaro",0,2025-03-14 10:51:42,"Bending over constantly to cut all those woodblocks has given Utamaro a bad back. Now he smokes *hemp* while he works to ease the pain in in his *spine*."
2895,叢,"conglomerate",0,2025-08-18 17:35:20,"I have a huge conglomerate (collection) of old books I'm looking to get rid of. They're not in any particular order... some are *upside down in a row*, some are *soiled*... just look through them and *take* whatever you want."
2896,肴,"entreat",0,2025-08-18 17:34:55,"*Wolverine* *possess*es his own #snacks# when he goes out drinking"
2897,斐,"symmetrically patterned",0,2025-08-18 17:34:40,"The murderer who carved #symmetrical patterns# into all his victims was *sentenced* life in a *jailcell*."
2898,卿,"magistrate",0,2025-03-14 10:51:15,"British magistrates wear wigs made of silver hair. But picture an eccentric magistrate who instead wears a *silver hare* on his head."
2899,翫,"fiddle with",0,2025-03-14 10:50:38,"in the *beginning* you *learn* by #fiddling with# things"
2900,於,"within",0,2025-03-25 20:13:15,"Image: An Arctic explorer frozen within *ice*, within his hands are an *umbrella* and a *compass*."
2901,套,"hackneyed",0,2025-03-25 20:13:03,"The #hackneyed# hangover cure is to have ""some *hair* of the *dog* that bit you."""
2902,叛,"rebellion",0,2025-07-10 08:10:47,"The *half* (*{半}*) that was *anti-* (*{反}*) started a rebellion."
2903,尖,"sharp point",0,2025-07-14 14:59:30,"a *little* (*{小}*) tip on something *large* (*{大}*) creates a sharp point"
2904,壷,"crock",0,2025-07-28 09:12:37,"the *samurai*'s (*{士}*) crock was so old it was a *crowned* (*{冖}*) a heritage item of *Asia* (*{亜}*), and he wouldn't sell it"
2906,酋,"chieftain",0,2025-03-25 20:12:29,"The *horned* *alcohol bottle* is reserved for the chieftain."
2907,鴬,"nightingale",0,2025-03-25 20:12:14,"the nightingale is a *bird* that goes to a *schoolhouse* at night to learn to sing"
2908,赫,"incandescent",0,2025-03-25 20:12:08,"Incandescent red is naturally twice as bright as ordinary red (赤). Alternatively, this is a picture of spreading (already doubled), incandescent red fire. Note: This is used by far most commonly to write 赫(あか)い, although dictionaries do not recognize such a reading (except for kanji dictionaries)."
2909,臥,"supinate",0,2025-06-14 17:07:37,"Given sufficient *retainers* (*{臣}*), then a *person* (*{人}*) can spend his life supinate (i.e. lying on his back doing nothing)."
2910,甥,"nephew",0,2016-07-17 04:25:02,"A nephew is someone you can watch over his *life*time (*{生}*) as he grows into a *man* (*{男}*)."
2911,瓢,"gourd",0,2025-03-25 20:11:58,"I enter a *ballot* to try to win a *melon*, but end up with a gourd."
2912,琵,"biwa",0,2020-11-19 14:55:59,"The *two kings* (*{王}*) play their biwa, *comparing* (*{比}*) each other's skill."
2913,琶,"lute",0,2020-11-19 14:57:11,"The *mosaic* (*{巴}*) pictures *two kings* (*{王}*) playing the lute."
2915,舜,"rose of Sharon",0,2025-03-25 20:11:22,"You can't 瞬 {瞬} if you're minus an *eye*, but you can still hand out a #rose of Sharon# to get attention from the ladies."
2916,畠,"dry field",0,2025-03-25 20:11:08,"The dry field is the *rice field* that has dried up into *white* dust."
2917,拳,"fist",0,2021-12-06 07:56:24,"His fist is a QUARTER the  size of his open *hand* (*{手}*)"
2918,圃,"vegetable patch",0,2025-03-14 10:50:05,"My *offspring* is supposed to be weeding my vegetable patch, but he keeps running off to play. So I put an electric fence around the veggie patch to *pent him in*. Now he's hard at work in there!"
2919,丞,"helping hand",0,2025-03-14 10:49:43,"if *water completely* covers the *floor*, you will need a helping hand to clean it up"
2920,亮,"translucent",0,2025-03-25 20:10:58,"the only way a tall crown with human legs would go unnoticed is if it was translucent!!!"
2921,胤,"blood relative",0,2025-03-25 20:10:21,"Although they didn't know it at first, Luke and Leia were #blood relatives#, both *flesh* from the same *cocoon*. Here we can see a ""J"" on the left symbolizing how Luke becomes a Jedi, and an ""L"" on the right symbolizing how Leia becomes... Leia."
2922,疏,"transcription",0,2025-03-18 09:26:38,"the *zoo* needed a transcription of the accident report involving the *infant* caught in the *flood*"
2923,膏,"ointment",0,2025-03-14 10:42:59,"tall, flesh: The druid had made a special ointment that made the warriors grow *tall* when they rubbed it over their *flesh*."
2924,魁,"pioneer",0,2025-03-25 20:09:35,"The *Ghost*busters were pioneers, being the first people ever to capture a *ghost* in a *measuring cup*."
2925,馨,"ambrosial",0,2025-08-05 17:39:37,"voice, missile, incense: Before they were going to launch the *missile* (*{殳}*), they were having a service to beg favor of the Gods. Then, when they lit the *incense*, a booming *voice* came out of nowhere: ""Hmmm... this smell is great, no, ambrosial. Really worthy of the Gods..."""
2926,牒,"label",0,2025-03-14 10:47:21,"Tip: New primitive: Let *Tarzan* = *generation* + *tree* -- because *Tarzan* lives with several *generation*s of his family at the top of a *tree*. (This combination appears five times: {葉}, {蝶}, {喋}, {諜}, label (FRAME 2926)). Story: You notice *Tarzan* is wearing his shirt inside-out and explain to him that clothes are *one-sided* and that he can tell by looking at the label."
2927,瞥,"glimpse",0,2020-11-04 09:10:26,"My sharp *eye* (*{目}*) caught a glimpse of the confidential information before it went through the *shredder* (*{敝}*)."
2928,阜,"large hill",0,2021-03-04 17:41:38,"(Thanks to kapalama. Since this kanji is pretty much exclusive to Gifu 岐阜, that's what this story shall centre around) Gifu is dominated by a large hill upon which Oda Nobunaga, the *maestro* of unifying Japan, made his stronghold. Below him was the *cross*roads of Japan: control Gifu, control the country."
2930,巫,"sorceress",0,2025-03-25 20:09:02,"The sorceress bewitches *two people* to carry an *I-beam* for her so she can build a new evil castle."
2931,敦,"empathetic",0,2025-03-25 20:08:54,"a *taskmaster* can be empathetic if she *receives* something"
2932,奎,"Andromeda",0,2025-03-14 10:46:46,"Andromeda is a *large* constellation that represents the god of literature thought to inhabit *Ivy* League schools"
2933,翔,"soar",0,2020-09-25 16:15:26,"if a *sheep* (*{羊}*) had *feathers* (*{羽}*), it could soar"
2934,皓,"beaming",0,2025-03-14 10:46:20,"a beaming *white* (*{白}*) light offers a life-changing *revelation* (*{告}*)."
2935,黎,"tenebrous",0,2025-03-14 10:45:29,"""tenebrous"" = ""dark"" or ""obscure.""  In tenebrous nights, *millet* is found tied in *slipknots*, in crop circles."
2936,赳,"bold",0,2025-03-25 20:08:41,"a marathon *runner* bold enough to race the *Fantastic Four*"
2937,已,"stop short",0,2025-03-25 20:08:34,"this character would be the *sign of the snake* if the last stroke didn't stop short"
2938,棘,"thornbush",0,2025-03-12 18:17:05,"The *belt* (*{冂}*) of thorns around a *tree* (*{木}*) is doubled in a thornbush. This is two *thorn trees* (*{朿}*) side by side."
2939,聚,"crowd",0,2025-03-23 16:27:08,"*Take* 取 a *group of people* 乑 (simplified from 㐺 = three persons) and you've got a crowd."
2940,甦,"resuscitate",0,2019-06-13 03:28:46,"It'll probably grow late (*{更}*) by the time you're done, but once  #resuscitated#, the man had his *life* (*{生}*) back."
2941,剪,"pruning",0,2025-03-25 20:08:22,"Lazy guide to pruning: Grab a *dagger* and slash everything *in front*."
2942,躾,"upbringing",0,2025-03-14 10:44:35,"With the right upbringing, you might become *somebody* (*{身}*) *beautiful* (*{美}*)."
2943,夥,"plentiful",0,2025-03-14 10:42:27,"When *fruits* (*{果}*) are *many* (*{多}*), they are plentiful."
2944,鼾,"snore",0,2025-03-25 20:08:12,"If you snore, your *nose*  becomes *dry*. I try to remember the slightly different bottom part by wanting to hit the snoring nose with two hands but can't quite reach. KUN yomi reading いびき"
2945,祟,"haunt",0,2015-02-07 16:14:17,"beings *exit* (*{出}*) the spirit world through the *altar* when you cast a spell"
2946,粁,"kilometer",0,2025-03-25 20:08:01,"a kilometer is made of *one thousand meters*"
2947,糎,"centimeter",0,2025-03-25 20:07:56,"Centimeter is spelt the *American* way. As mantixen says, it is  a *rin* of a meter."
2948,粍,"millimeter",0,2025-03-25 20:07:47,"RICE and cheap FUR are about 1 MILLIMETER thick."
2949,噸,"ton",0,2025-03-25 20:07:41,"a *mouth* that says things *immediately* without thinking gets into a ton of trouble"
2950,哩,"mile",0,2025-03-25 20:07:31,"mouth, computer: The *mouth* on my navigation *computer* tells me it's only a mile left to my destination."
2951,浬,"nautical mile",0,2025-03-25 20:07:24,"a *ri* on *water* is about a nautical mile"
2952,吋,"inch",0,2025-03-25 20:07:17,"If you GLUE your MOUTH shut, you can't open it one INCH."
2953,呎,"foot",0,2025-03-25 20:07:11,"The distance in feet from your mouth to the end of the shakuhachi is about one foot."
2954,梵,"brahman",0,2025-03-25 20:06:44,"#Brahman# who are *mediocre* don't get the sweet meditation spots on the beach. Instead, they have to settle for a *grove* of trees."
2955,陀,"steeply inclined",0,2025-03-25 20:06:39,"At the *pinnacle* of enlightenment, Shakyamuni Buddha had the ability to bend common *household spoons*."
2956,薩,"bodhisattva",0,2025-03-14 10:40:52,"A bodhisattva visits *The Pinnacle* to provide *flowers* and meditation *products* to the unenlightened."
2957,菩,"bo tree",0,2025-03-25 20:06:31,"The *flower shop* has put a *muzzle* on Bo Derek and is selling her as a bo tree."
2958,唖,"babble",0,2025-03-25 20:06:21,"If you're not a native speaker, you can only hear babbles coming from the *mouth* (*{口}*) of foreigners."
2959,迦,"Sanskrit ka",0,2025-03-25 20:05:33,"you wanna drive a Sanskrit ka? Just *add* it to the *road*"
2960,那,"interrogative",0,2025-05-25 09:29:53,"If you arrive with *two swords* (*{冄}*)at the *city walls*  (*{阝}*), expect  some interrogatives before they'll let you in."
2961,牟,"moo",0,2025-03-25 20:05:17,"If you elbow a cow it's will moo. (or alternatively, a cow mooing, the sound being somewhat like ム)"
2962,珈,"jeweled hairpin",0,2025-03-25 20:05:05,"to cut down on カロries, the *king* *adds* a jeweled hairpin to his coffee rather than sugar"
2963,琲,"beaded hairpin",0,2025-03-25 20:04:59,"The *king* is in the *jail cell* and is trying to escape by picking the lock with his beaded hairpin."
2964,檜,"Japanese cypress (old)",0,2025-03-14 10:40:12,"it used to be that for a meeting [old] you'd *meet* for a *day* to get the *small* details *pent in*. Even then such meetings were still held under the Japanese cypress [old]"
2965,轡,"tinkling bell",0,2025-03-14 10:40:05,"This is a picture of a horse cart (*{車}*) from which the reins (*{糸}*) go to the mouth (*{口}*) of the horse, in which is the #tinkling bell#."
2966,淵,"abyss (old)",0,2025-03-14 10:39:05,"the abyss [old] used to be the *water* you were pushed into if you lost in the arm wrestling match. (the primitive to the right screams two guys arm wrestling on a table, any one else see it?)"
2967,伍,"V",0,2025-07-04 08:28:49,"*Mr T* (*{亻}*) knows that the Roman Numeral for *five* (*{五}*) is V."
2968,什,"X",0,2025-03-14 10:38:34,"*Mr T* (*{亻}*) also knows that the Roman Numeral for *ten* (*{十}*) is #X#."
2969,萬,"ten thousand (old)",0,2025-05-25 16:45:05,"Your *flowers* will not be safe if #ten thousand [old]# *Jiminy Crickets* (*{禺}*) come to town."
2970,邁,"pass through",0,2025-03-14 10:37:21,"I wonder if I can pass through this *old road*, it looks *10000* (*{萬}*) years old."
2971,逞,"tough",0,2015-10-31 04:05:16,"Tough guys like to *display* (*{呈}*) their force on the *road*."
2972,燈,"lamp (old)",0,2025-03-25 20:04:41,"In #old# style street lamps, to light the *fire* you had to *ascend* them."
2973,裡,"back (old)",0,2025-03-25 20:04:35,"For some reason this makes me think of Inspector Gadget, who inside his *cloak* like trenchcoat, hid a huge array of *computer* type gadgets."
2974,薗,"park (alternate)",0,2025-03-14 10:35:26,"Parks in Japan are designed around water, rocks and trees. A *park* with *flowers* is considered to be an #alternate park#."
2975,鋪,"shop (alternate)",0,2025-03-14 10:35:00,"At an #alternative shop# you can buy strange items like *metal dogtags* from wars, active grenades, torture sets, etc."
2976,嶋,"island (alternate)",0,2025-03-14 10:27:46,"The *bird* got tired of the *mountain* (*{山}*) he lived on, so now he's flying away searching for an #alternative island#."
2977,峯,"summit (alternate)",0,2025-03-25 20:04:18,"Logically, an #alternate# way to arrange the primitives for  峰 {峰} is to have 山 on top where it rightfully belongs."
2978,巌,"boulder (old)",0,2025-03-25 20:04:08,"a *stern* *mountain* ready to send [old] boulders down at climbers"
2979,埜,"plains (old)",0,2025-03-25 20:04:02,"a *grove* now grows on the *soil* of [old] plains"
2980,舘,"Bldg. (old)",0,2025-03-25 20:03:55,"In the #old building# there used to be no water fountains, so the *bureaucrats* would lick water off their *umbrellas* with their *tongues*. Thankfully, water fountains are now installed."
2981,龍,"dragon (old)",0,2025-03-14 10:24:38,"The #old dragon# places a *vase* on top of the *moon* for target practice and then tries to hit it using his special *slingshot* made from a *snake*. It takes him *three* shots: ""Missed... missed... Got it!"" (Note *slingshot* & *snake* share one stroke)"
2982,寵,"patronage",0,2025-03-25 20:03:47,"An *old dragon*'s *house* enjoys a lot of patronage as a modern tourist attraction."
2983,聾,"deafness",0,2025-03-25 20:03:35,"a Chinese *dragon* flying overhead can cause deafness to your *ears*"
2984,慾,"longing (old)",0,2025-03-25 20:03:29,"as you get old, you develop a *longing* for a new *heart*"
2985,亙,"span (old)",0,2025-03-14 10:24:05,"I *drop two five* cent pieces on the ground, and a span of #old# homeless men coming diving in my direction."
2986,躯,"body (old)",0,2025-03-14 10:23:14,"I may have an #old body#, but I am *somebody* (*{身}*) in this *ward* (*{区}*) (in this ward I am somebody)."
2987,嶽,"Point (old)",0,2025-03-14 10:26:55,"A long time ago the Monkey King was kept in *prison* (*{獄}*) under a *mountain* (*{山}*) Point"
2988,國,"country (old)",0,2025-03-14 10:21:01,"Russia, an #old country#, has everyone *pent-in* and drinking vodka saying ""aaaaaaaaa"". See mantixen's story, {或}"
2989,脛,"shin",0,2025-03-14 10:20:11,"the *body part* (*{月}*) that gets wet when you wade through the *sewers* (*{巠}*) is your shin."
2990,勁,"formidable",0,2025-03-25 20:03:05,"the *powerful* stench coming from the *sewers* is formidable"
2991,箋,"stationery",0,2025-03-25 20:02:58,"The *two fiestas* communicated to each other on their respective floats by using *bamboo* #stationery#."
2992,祀,"enshrine",0,2021-04-05 19:10:24,"an *altar* (*{示}*) with the *sign of the snake* (*{巳}*) etched into it enshrines a serpent god"
2993,祓,"exorcism",0,2025-03-25 20:02:37,"your *friend*, barking like a *dog*, is put on the *altar* for an exorcism"
2994,躇,"dither",0,2025-08-06 18:43:48,"Those with *wooden legs* (⻊) are *renowned* (*{著}*) for dithering over whether to decorate them with a *drop* (*{丶}*) of paint or not."
2995,壽,"longevity (old)",0,2025-03-14 10:15:20,"a *samurai* wearing a *broken crown* *crafted* an *inch*-thick *floor* under which to hide with his *mouth glued*, giving him longevity as his enemies failed to find him"
2996,躊,"hesitate",0,2025-08-06 18:44:27,"I hesitate at buying that *wooden leg* (⻊) because of the *longevity* (*{壽}*) may not match up to that metal leg."
2997,彙,"glossary",0,2025-03-25 20:01:54,"PIG's HEAD {彑} comes before PINEAPPLE in the glossary.

Primitive: #Pig's head# radical {彑}
Primitive: #Pineapple# is CROWNED {冖} FRUIT {果}"
2998,饅,"bean jam",0,2025-04-14 04:15:02,"steamed bean jam dumplings were invented as a form of *Chinese take-out* that could be eaten while meditating on a *mandala* (*{曼}*)."
2999,嘔,"retch",0,2025-03-25 20:00:28,"In my grandmother's attic, I found a *box* (*{匚}*) of *goods* (*{品}*) from WWII. I put some in my *mouth* (*{口}*) and started to retch"
3000,鼈,"snapping turtle",0,2025-05-05 17:13:48,"*Shredder*, being unable to catch the TMNTs, satisfies his thirst by ordering snapping turtle for lunch, with a side of *old eel*."
3001,亨,"go smoothly",0,2025-02-24 06:41:51,"It's a *tall* order, but we can *complete* (*{了}*) it if things go smoothly."
3002,侑,"condone",0,2025-02-24 06:43:38,"*Mr T* (*{亻}*) doesn't condone *possession* (*{有}*) of drugs."
3003,梧,"parasol tree",0,2025-02-24 09:11:12,"If a *tree* (*{木}*) *I* (*{吾}*) could be, I'd be a parasol tree to give others shade."
3004,欽,"circumspect",0,2025-02-24 09:12:08,"The Golden Rule:  ""He who has the *gold* (*{金}*), makes the rules.""  Those who *lack* (*{脂}*) *gold* (*{金}*) must remain circumspect."
3005,煕,"cheer",0,2025-02-24 09:13:50,"The *deformed retainer* cheers himself up by roasting a *sign of the snake* (*{巳}*) over a *fire* (*{灬}*)."
3006,而,"and then",0,2023-01-16 07:02:49,"first it was a mask, and then it became a *comb*"
3007,掟,"mandate",0,2025-02-24 09:15:15,"mandate: an official statement that something must happen.

The official announces a #decree# waving a *finger* {扌} to show he is *determined* {定}."
3008,嗅,"sniff",0,2025-02-24 09:17:53,"*mouth* (*{口}*) to *oneself* (*{自}*) about the *dog* (*{犬}*) #sniffing#."
3009,喩,"metaphor",0,2025-02-24 09:18:47,"Metaphorically speaking, all the equipment in your *mouth* (*{口}*) is basically just a *meeting of butchers* (*{俞}*), designed to pulverise whatever meat you put in there."
3010,訃,"obituary",0,2025-02-24 09:19:54,"The *words* (*{言}*) of the obituary were like a *magic wand* (*{卜}*): removing all blemishes."
3011,楷,"block letters",0,2025-02-25 05:07:10,"Block letters (as opposed to cursive) are rigid and lifeless like *wood* (*{木}*; they're *all* (*{皆}*) the same size so that *all* (*{皆}*) can read them."
3012,諧,"orderliness",0,2020-11-30 09:27:09,"To have orderliness, your *words* (*{言}*) must be in *all* (*{皆}*) the right places."
3013,錮,"weld",0,2025-05-03 12:28:02,"*Metal* (*{金}*) is *hard*ened (*{固}*) by welding."
3014,恣,"selfish",0,2025-05-03 12:28:45,"A selfish person doesn't care about the *next* (*{次}*) person's *heart* (*{心}*), only their own."
3015,惧,"disquieting",0,2025-05-04 15:55:39,"Your *state of mind* (*{忄}*) is very #disquieted#  when you see all the *tools* (*{具}*) stretched out in front of you before an operation."
3016,憬,"hanker",0,2025-05-04 15:56:15,"My *state of mind* (*{忄}*) hankers for Japanese *scenery* (*{景}*)."
3017,拉,"yank",0,2025-05-04 15:56:55,"He quickly yanked his *finger*s (*{扌}*) out of the *vase* (*{立}*). Maybe no one noticed the attempt to steal the cookies..."
3018,傲,"arrogance",0,2025-06-28 12:22:47,"*Mr.T* (*{亻}*), taskmaster full of arrogance that he is, assures the group he’s leading them in the right *direction* (*{方}*). Until he realises his compass is filled with *dirt* (*{土}*)."
3019,踪,"trail",0,2025-05-04 15:58:06,"The trail of the *wooden leg* (*{足}*) *religion* (*{宗}*) was very easy to follow, since all its followers have wooden legs."
3020,緻,"fine",0,2022-01-25 02:40:11,"Fine *threads* (*{糸}*) *doth* (*{致}*) make fine clothes for the chief. (""chief"" implies the reading チ. Other reading: こまか・い.) 細緻 (さいち) minute."
3021,璧,"holed gem",0,2025-05-03 17:39:14,"Take a *jewel* (*{玉}*). On top, put a blob of highly corrosive *ketchup* (*{辟}*). Wait for the ketchup to melt a hole through the jewel. You now have a holed gem."
3022,摯,"clasp",0,2025-05-03 17:37:54,"*Tenaciously* (*{執}*) #clasping# something with your *hand* (*{手}*)."
3023,貪,"covet",0,2025-05-05 17:04:10,"""Gimme all your *money* (*{貝}*) *now* (*{今}*)!"" said the covetous criminal."
3024,慄,"shudder",0,2022-06-06 04:06:17,"You shudder in your *state of mind* (*{忄}*) as you imagine swallowing the chestnut *({栗}*) shell."
3025,辣,"bitter",0,2025-02-25 13:08:59,"The bitter taste was so awful that I put whole *bundle* of *spice* in my mouth to get rid of it."
3026,瘍,"carbuncle",0,2025-08-05 06:26:37,"The *caveman* (*{疒}*) has to open up his *piggy bank* (*{昜}* to receive treatment for his monstrous carbuncle."
3027,哺,"suckle",0,2025-02-25 13:07:48,"The scaredy-cat soldier puts his *dog tags* in his *mouth* and suckles them nervously. It sounds like he's a #suckling# infant."
3028,籠,"cage (Joyo version)",0,2025-02-25 13:04:25,"#cage [old]#: A bamboo cage can’t  even hold an old, aging dragon."
3029,羞,"humiliate",0,2025-05-03 17:36:58,"The *sheep* is #ashamed# of it's sheepish nature, and *dons* (*{着}*) the *sign of the cow* (*{丑}*) as a disguise."
3030,鬱,"gloom",0,2015-08-19 17:00:55,"A popular mnemonic device for this character is:
リンカーンはアメリカンコーヒーを３杯飲んだ. Here's how it works:

リンカーンは⇒林＋缶＋ワ　
アメリカンコーヒーを⇒米＋コ＋ヒ
３杯飲んだ⇒ノ＋ノ＋ノ"
19970,丂,"slingshot",0,2025-03-06 17:50:31,"Looking for #snare#? Check under the *floor* (*{一}*). That's where it's *bound* (*{勹}*) to be hidden."
19989,丕,"glorious",0,2025-03-06 17:53:40,"#glorious#: The glorious knock the negative to the ground"
19991,丗,"thirty",0,2025-02-26 07:04:27,"[(*{十}*)] is 10.
[(*{十}*)] + [(*{十}*)] = [(*{廿}*)]
[(*{十}*)] + [(*{十}*)] + [(*{十}*)] = 丗"
19994,业,"Viking",0,2025-06-26 16:13:40,"Vikings were industrious people, but they also liked warfare. 

This is a pictograph of their helmet: || = two spikes, 丷 = two horns, 一 = where the head goes."
20008,丨,"walking stick",0,2025-03-23 19:25:33,"A stick standing #vertically#."
20009,丩,"cornucopia",0,2025-03-18 18:09:26,"*4* #join#ed together to form ""FANTASTIC FOUR"" or ""THE BEATLES""."
20012,丬,"turtle",0,2025-03-25 19:58:16,"Simplification of {爿} (radical no. 90). 

Could be seen as *ice* (*{冫}*) plus *stick* ( |) leading to *icy stick*."
20016,丰,"bushes",0,2025-03-15 17:20:30,"*Growing plants* (龶) with long roots (|): the lush vegetation, or bushes, produced a great hideout."
20017,丱,"cactus",0,2025-09-09 07:09:22,"A pictograph of a #cactus#.  Among the RTK kanji, appears only in *strung together* (*{聯}*)."
20022,丶,"drop primitive",0,2025-03-01 10:17:33,"[ #a drop of# (primitive) ] - radical 3: dot  (てん, 点)"
20023,丷,"horns",0,2025-03-01 15:38:12,"[ #horns# (primitive) ] - first seen in ""neck"" {首}; often appears as “䒑“"
20029,丽,"crocodile eyes",0,2025-07-17 04:51:08,"Looks like a crocodile's eyes (and eyebrows) peeking out from the water."
20039,乇,"lock of hair",0,2025-02-24 06:20:48,"A combination of *thousand* (*{千}*) and *seven* (*{七}*)."
20045,乍,"saw",0,2025-04-19 09:46:59,"Pictograph of a #saw# (woodworking tool)."
20058,乚,"hook",0,2025-02-24 10:15:29,"#hook# I'm calling this ""L"" (from Death Note) or ""Loser"", it looks like an L after all. Variant of Variant of 乙 (#71) radical 5."
20065,乡,"cocoon variant",0,2025-05-11 13:58:51,"Cocoon variant is a variant of radical 52 (*{幺}*)."
20101,亅,"barb",0,2025-03-23 19:26:18,"feathered stick, #hook / barb radical# (no. 6)"
20110,于,"potato primitive",0,2025-03-09 11:02:23,"This is a rare character meaning ""#going#"", ""#from#"". By extension we can reach origin, and then root. In (*{芋}*) we have the *flowers* (*{艹}*) and *root* (*{于}*) of a POTATO . As Murjab there points out, when we think of POTATO we only think of the root, already *dry* (*{干}*) and outside of the ground. Thus why we can make (*{于}*) mean POTATO by itself."
20128,亠,"top hat",0,2025-02-20 07:41:38,"TOP HAT primitive. NB: actually it's a pictograph of a kettle lid. But you will be able to make much better stories with a hat than with a lid."
20130,亢,"whirlwind",0,2025-02-23 16:07:27,"Meaning: #high spirits#. Primitive name: WHIRLWIND . A WHIRLWIND is made by a magician from his *top hat*  (*{亠}*), he holds it down and a ferocious *wind* (*{几}*) whirls out of it."
20134,亦,"apple",0,2024-10-04 16:30:59,"#again and again#: Plant an apple tree and you'll have *apples* #again and again#!"
20155,亻,"Mr. T",0,2025-05-09 08:26:43,"Pictograph of a paerson with large brimmed hat facing to the right. This is a variant of radical No. 9 (*{人}*) meaning person. *Mr. T*."
20156,亼,"meeting primitive",0,2025-02-19 12:50:49,"MEET/MEETING primitive."
20174,从,"two people",0,2025-08-12 18:13:36,"To manage the assembly line, you need at least two people. One *person*  (*{人}*) on each side."
20358,來,"come [old]",0,2021-04-09 04:23:03,"#The old kanji for 'come'# looks a lot like the new one (*{来}*), just a bit 'older' somehow. This probably because it was put together on using outdated technology: a *wooden assembly line* (*{木}*), to be exact."
20374,侖,"academic conference",0,2025-06-12 08:36:40,"An *academic conference* is a *meeting* (*{亼}*) of *tome* (*{冊}*) enthusiasts."
20376,侘,"alone",0,2025-02-28 15:27:06,"#alone#: Mr. T (*{亻}*), alone in his home (*{宅}*), every night after a tough day at work. He really does have a sad life away from the A. Team."
20446,俞,"meeting of butchers",0,2025-02-19 12:51:18,"A meeting (*{亼}*) of butchers (*{刖}*)."
20760,儘,"as it is",0,2025-02-24 16:52:22,"For *Mr T*  he must have done his utmost.

*Mr T* (*{亻}*) is *exhausted* (*{盡}*). ""I will leave these fools as it is"".

[Variant of *as is* (*{侭}*).]"
20762,儚,"fleeting",0,2025-03-01 10:36:59,"I finally got to team up with *Mr T* (*{亻}*) and take on the bad guys, but alas, it was nothing but a  #fleeting# *dream* (*{夢}*) of mine."
20799,儿,"human legs",0,2025-03-01 15:30:07,"YOUNGSTERs today are so skinny, nothing but pairs of human legs..."
20800,兀,"pi",0,2025-07-14 16:45:42,"Resembles Greek pi: π."
20817,兑,"devil",0,2020-10-20 12:58:56,"The *elder brother* (*{兄}*) with *horns* (*{丷}*) was a #devil#."
20842,兪,"convey",0,2025-03-14 17:53:09,"#convey#: At the *meeting of mad butchers*, the accountant tries to #convey# to them the importance of good book-keeping, only to be met with a steak in the face.

As a primitive, I'm using the image of a *meeting of mad butchers*,  from thecite's observation in 喩{喩} that the bottom-right ""くく"" sounds like ""Cuckoo""."
20851,关,"golden calf",0,2025-07-16 17:27:30,"The golden calf was the idol the Hebrews built when they got tired of waiting for Moses. Here we see its horns (丷) and the *heavens* (*{天}*), indicating the false god it was."
20852,兴,"owl primitive",0,2025-05-10 12:40:33,"Owl primitive"
20854,其,"rook",0,2025-06-23 08:06:53,"This kanji is the one used for ""that"" - 其れ (それ). However, for the kanji it appears in it's easier if you view it as a pictograph of a CHESS ROOK: ♖.

The CHESS ROOK is the sweetest 甘 of tools 六 in chess, because its horizontal and vertical move maneuvers are the easiest to grasp for newcomers."
20866,冂,"belt",0,2025-02-26 07:06:13,"Upside-down box can be used as a #hood#. This is radical number 13 with the meaning inverted box.

 {匚} is *cubby hole*. 冂 is *hood*. {凵} is *open box*. {囗} is *box*. (コ is katakana ""ko"")."
20868,冄,"two swords",0,2025-05-25 09:28:01,"Looks like  *two* (*{二}*) *swords* (*{刀}*).

Really means ""long and dangling"" like hair."
20878,冎,"hollow bone",0,2025-02-26 17:55:39,"This means hollow or scoop out. As a primitive I call this #hollow bone# to distinguish it from *bones* (*{歹}*)."
20883,冓,"funnel",0,2025-04-01 18:19:33,"The truth is that in rainy days the farmer brings a giant FUNNEL and places it on the *well* (*{井}*), funnelling all the rain water into the *well* *funnel* and allowing others to use it *again* (*{再}*)."
20886,冖,"crown radical",0,2025-02-23 15:09:40,"crown radical. (think spongebob in protective headgear )"
20888,冘,"garter",0,2025-06-25 03:40:19,"A garter is like a *crown* (*{冖}*) on your *legs* (*{儿}*)."
20907,冫,"ice",0,2025-02-27 14:59:21,"#Ice# RTK ＃426.9

Radical name: にすい, the Ice Radical #15"
20960,几,"wind primitive",0,2025-02-26 07:01:12,"wi几d"
20981,凵,"shovel",0,2023-10-24 03:32:50,"[ #shovel# (primitive) ] - open box enclosure, open box radical 17; first use as ""shovel"" primitive in {両} or {画}; ; cf {匚}, {凵}, {冂}, {囗} : (*shovel*)

Pictograph of a *bucket* or *shovel*."
20994,刂,"sabre",0,2025-02-26 07:06:52,"#Saber# primitive. Sometimes it can be extended to mean #Lightsaber#."
21014,刖,"butcher",0,2025-02-19 12:49:45,"Butcher cuts *flesh* (*{月}*) with a SABRE (*{刂}*)"
21085,剝,"peels off [old]",0,2025-07-16 18:45:58,"TODO: (*{彔}*)"
21241,勹,"bound up",0,2023-06-30 06:24:49,"[ #bound up# (primitive) ] - appears as  ""勹"", usually an enclosure, or as ""⺈"" when on top; introduced in lesson 4 intro; first appears in {負}"
21274,匚,"cardboard box",0,2025-03-09 08:26:42,"匚 is radical number 22 with the meaning ""cardboard box""."
21312,區,"ward [old]",0,2025-04-02 15:15:24,"#Ward [old]# is variant of {区}. The modern form 区, as a primitive, is replaced by 區 in old kanji. STORY: Administratively, wards are a means of subdividing a city (*box*) into smaller boxes (*goods*)."
21314,卂,"flying rapidly",0,2025-08-07 01:47:50,"#Fly rapidly# away, before I prick you with a *fish hook* (⺄) or a *needle* (*{十}*)."
21321,卉,"haystack",0,2020-11-04 09:47:14,"It's just as difficult to find a *needle* (*{十}*} in a #haystack#, even if you use *two hands* (*{廾}*)."
21353,卩,"postage stamp",0,2025-03-02 12:22:25,"A pictograph of a 卩ostage stam卩"
21367,卷,"scroll [old]",0,2025-05-10 12:48:23,"#scroll [old]#: The #[old] scroll# is *dog-eared* and covered in *fingerprints* (㔾)."
21378,厂,"cliff",0,2025-03-03 11:11:42,"It looks like the edge of a cliff."
21430,厶,"elbow primitive",0,2025-03-08 05:47:59,"Radical #28 meaning private. (See also {私} *private*.) Also it resembles the katakana mu (ム). elbow primitive."
21431,厷,"forearm",0,2025-08-11 19:30:35,"Your forearm can be found by your side ナ, below the *elbow* (*{厶}*)."
21461,叕,"concatenate",0,2025-03-14 18:16:43,"Meaning: concatenate, connect, compose, covered in gauze like a net.
Etymology: pictogram of a net.
Keyword: concatenate.
Composition: pair + pair (*{双}*)."
21466,叚,"hobby",0,2025-07-04 17:10:43,"*Hobby primitive* seen in {暇}, {蝦} and {霞}. Actual meaning is #provisional/fictitious#.

 imagine a shell con game: ""come all, here under this *flag* (*{尸}*), *two* (*{二}*) of us will play, look at this *box* (コ) (left flick of wrist), oops you lost, try *again* (*{又}*)!"""
21471,叟,"respectable old man",0,2025-07-21 11:43:37,"Outstretched #hand grabbing a torch#. Originally {叟} {又}, an outstretched hand {又} carrying a torch {申}, in which the stroke {丨} represents the torch handle and the element depicts the flames of a flaring fire."
21509,吅,"argue",0,2025-09-09 07:13:00,"It takes two *mouths* (*{口}*) to argue."
21599,呟,"to mutter",0,2017-10-05 18:27:37,"#to mutter#: When you #mutter# something, whatever comes out of your *mouth* (*{口}*) is *mysterious* (*{玄}*) to everyone nearby."
21637,咅,"muzzle",0,2025-03-01 15:23:03,"By law I need to put a #muzzle# on my dog, but I can't afford one. So I drill a hole in a *vase* (*{立}*) for breathing and put it on my dog's *mouth* (*{口}*)."
21666,咢,"alligator primitive",0,2025-08-01 15:32:25,"Two nostrils peek ABOVE the surface of the water. BENEATH are the jaws, waiting to snare the prey."
21692,咼,"jawbone",0,2020-12-26 17:45:59,"*bone* (*{冎}*) + *mouth* (*{口}*)."
21831,啇,"antique",0,2025-02-27 15:08:45,"*vase* (*{立}*) + *glass case* (*{冂}*) + *old* (*{古}*)= antique"
21934,單,"old simple",0,2025-07-15 17:20:58,"The TWO MOUTHS 吅 are arguing over the *rice field* (*{田}*), looking for a *needle* (*{十}*). One says it's complex task, other that it's quite old simple.

(NB: 吅 is a ""Chinese-only"" character meaning ""to sue/to argue/to engage in polemics"".) It's very SIMPLE: you can either ARGUE (吅) about it all day, or you can be wise like an OWL and accept that 單 and 単 単 (#1928) mean the same thing."
21951,喿,"furniture",0,2024-03-18 17:47:42,"Furniture is a sort of *good* (*{品}*) that is *wooden* (*{木}*)."
22094,噎,"choke up",0,2025-02-24 09:34:42,"Open your *mouth* (*{口}*) properly, before eating the OLD I (one) (*{壹}*), or you'll #choke up#."
22231,囗,"pent in",0,2025-03-05 16:42:17,"[ #pent in (primitive)# ] - radical 31, enclosure; contrast *mouth* {口}; cf box {匚}, shovel {凵}, hood {冂}, pent in {囗} : (*pent in*, introduced in {曰})"
22307,圣,"spool",0,2025-03-19 15:40:01,"Soil 土 that is used again 又 to bury the dead is holy, sacred."
22309,圥,"rice seedling",0,2025-03-01 10:01:51,"Rare kanji meaning mushroom. Since there's already a kanji for mushroom {茸}, we'll preempt confusion by naming this primitive '#Goomba#' from the Mario series. This character serves as a convenient pictograph, the *body* 土 and *legs* 儿.

Group: Goomba {圥}, Mushroom Kingdom {坴}, Mario {埶}, Toad {夌}.

Goomba (primitive) {圥} appears in Mushroom Kingdom (primitive) {坴}, Toad (primitive) {夌}."
22388,坴,"mushroom kingdom",0,2025-06-20 07:28:46,"Means clod of earth, land. Since there's already clod 塊 (#2024), we'll preempt confusion by naming this primitive the 'Mushroom Kingdom' from the Mario series. Story: Goombas 圥 seemingly pop up from the soil 土 at various places in the Mushroom Kingdom."
22467,埃,"dusty",0,2025-04-16 12:52:20,"Walking along a dusty hallway with *soil* (*{土}*) underfoot, in a pyramid in Egypt, you accidentally set off a booby trap with your *elbow* (*{厶}*), sending poison *darts* (*{矢}*) flying in your direction.

This is the kanji used for ほこり (dust)."
22518,埶,"Mario",0,2025-06-20 07:27:21,"Rare kanji meaning art. We already have art 術 (#1525), so to preempt confusion we'll name this primitive 'Mario' from the Nintendo series. Story: It was a terrible time in the Mushroom Kingdom 坴, until a *round* (*{丸}*) man named Mario showed up."
22535,堇,"piranha plant",0,2025-06-14 14:22:49,"The piranha plant is a *flower* (*{艹}*) with a *mouth* (*{口}*) that *grows up* (龶) out of a pipe! Its teeth are *poison/cyanide* (龶) to Mario."
22764,壬,"porter",0,2024-05-01 01:58:54,"There has to be a *drop* (*{丶}*) of *samurai* (*{士}*) in every porter."
22772,壴,"drumhead",0,2025-05-11 13:51:48,"He broke wind like a rat-a-tat drumhead after eating *ten* (*{十}*) cans of *beans* (*{豆}*)."
22777,壹,"I [old]",0,2025-05-11 14:12:15,"#I [old]#: The samurai leaves his crown on the table to warn everyone that he is the one and only ruler of the round table"
22786,夂,"walking legs",0,2025-02-19 12:52:44,"Walking legs sitting cross legged."
22790,夆,"pointy",0,2020-11-06 17:10:12,"While *walking* (*{夂}*) through the bushes (*{丰}*), something pointy stings you."
22795,夋,"dawdle",0,2025-05-09 12:35:50,"The *licensed* (*{允}*) Private Investigator stretched his *walking legs* (*{夂}*), #dawdling# away time as he waited for a case."
22796,夌,"diamond",0,2025-06-20 07:29:27,"Means to dawdle, name of the father of the Emperor Yao. We'll use Toad from the Mario series as our primitive. Toad is a particularly busy mushroom 圥. With his walking legs 夂, he leads others by example, usually being the first to act."
22797,复,"double back",0,2020-10-28 17:59:25,"#Double back# to the nearest inn to *lie down* after a long *day* (*{日}*) on your *walking legs* (*{夂}*)."
22807,夗,"mailbox",0,2025-06-11 15:00:17,"Last *evening* (*{夕}*), a thief left his *fingerprints* (*㔾*) all over the mailbox."
22828,夬,"guillotine",0,2025-04-19 09:41:22,"It is decided then. *key* ユ *person* (*{人}*) of the rebellion ends up on the guillotine."
22829,夭,"sapling",0,2025-02-23 15:35:50,"#early death#: If you don’t attend to your *saplings*, giving them water, sunlight etc, they’ll die an #early death#."
22841,夹,"scissors primitive",0,2025-05-10 12:38:21,"Imagine a paper chain of *husbands* (*{夫}*). The two extra strokes represent the last few snips of the #scissors#."
22882,奢,"treat",0,2020-11-05 03:47:46,"#treat#: StBernard, lovedoll: I #treated# my *lovedoll* (*{者}*) on the local speciality, namely cooked *StBernard*. However, my #treat# was not met with any reaction at all!"
22887,奧,"core [old]",0,2025-07-15 02:31:24,"core [old]: The St. Bernard is still working at the nuclear plant. To control the core he has to continue cool down the reactor by splashing drops of water on the glass case. The tracks of when the core overheated still remain."
23044,娄,"constellation",0,2025-08-11 19:37:23,"A pictograph of the *rice* (*{米}*) -kanji constellation in the sky, and a *woman* (*{女}*) below looking up at it."
23194,媚,"flirt",0,2025-02-27 17:49:04,"You're supposed to flutter your lashes to #flirt#, but this *woman* (*{女}*) flutters her *eyebrows* (*{眉}*)."
23386,孚,"fledgling",0,2020-10-27 13:07:16,"(*{爫}*) (*{子}*)"
23408,孰,"sooner or later",0,2025-05-09 10:35:33,"Sooner or later  you will *receive* (*{享}*) (#308) something *round* (*{丸}*)."
23413,孵,"hatch",0,2025-02-26 17:43:26,"What #hatches# out of an *egg* (*{卵}*) is a *fledgling* (*{孚}*)."
23424,宀,"house primitive",0,2025-03-03 03:21:01,"ROOF OF A HOUSE primitive."
23564,尌,"stand something up",0,2025-05-11 13:53:49,"The *drumhead* (*{壴}*) is stood up before the performance with some *glue* (*{寸}*) so it will stay in position."
23571,尓,"thou",0,2025-04-01 14:57:59,"Character that refers to the ancient Chinese form of ""you"". Hence, I'm calling it ""thou"".

An alternative form is {尔}. This last form is preferred by the Chinese, whereas the form here is preferred by the Japanese. Traditional form: {爾}"
23582,尞,"pup tent",0,2025-03-02 13:38:24,"*kagaribi* - 尞 - *fuel used for sacrifices*.  I would use *sacred bonfire* as a primitive . (Mnemonic: Top is a merged image of *big* and *fire* - *big sacred bonfire* that looks like *little sun*)."
23608,尸,"flag",0,2025-02-26 18:43:58,"#Corpse# radical. Or a flag marking the location of a #corpse#.

Pronounced as death - *シ*."
23609,尹,"mop",0,2025-03-23 19:27:00,"A pictograph of the swish-swash of the mop, a special type of *broom* {彐}."
23662,屮,"baby mountain goat",0,2025-02-25 16:16:57,"A mountain goat without horns is a baby mountain goat"
23664,屰,"mountain goat",0,2025-05-09 12:37:52,"Think *horns* (䒑) + *mountain* (*{山}*) = mountain goat."
23769,峙,"towering",0,2020-10-18 16:59:59,"Next to this #towering# *MOUNTAIN* (*{山}*) lies a famous *TEMPLE* (*{寺}*)."
24027,巛,"flood",0,2025-03-14 10:17:59,"Old form of (*{川}*)."
24032,巠,"sewer",0,2025-03-14 10:18:14,"#Sewers# are the *craft* (*{工}*)  of allowing a *flood* (*{巛}*) of water to flow *underground*."
24090,帚,"housemaid",0,2025-05-10 13:00:33,"Since you had no #broom# at hand, you made do with and old *rake* and a dirty *apron* to sweep up the house."
24182,并,"puzzle",0,2025-03-05 17:26:10,"She uses two hands (*{开}*) and wears horns (*{丷}*) to show she is a puzzle  solving demon."
24186,幺,"cocoon primitive",0,2025-04-11 02:12:02,"A cocoon is a short *thread* (*{糸}*)."
24191,广,"cave",0,2025-03-03 11:12:20,"Cave. This is the dotted *cliff* (*{厂}*) radical No. 53. 
It also has the meaning canopy."
24308,廴,"stretch primitive",0,2025-02-21 15:34:38,"#stretch radical#: #Stretch radical#/primitive."
24318,廾,"two hands",0,2025-03-01 17:37:57,"Pictograph of two extended hands with the little fingers touching, the thumbs extended to the sides, and the the middle fingers pointing out. It is also radical no. 55."
24320,开,"both hands",0,2025-03-05 17:26:24,"In Chinese this kanji means *open*. It is an image of two hands (廾) lifting a bolting bar. This is a remnant of the original Chinese character 開: *opening* a door (門)."
24331,弋,"arrow",0,2025-02-21 15:29:21,"Arrow primitive. It looks like an arrow. The horizontal line is the bow string, and the vertical line is the arrow. The dot is where your arm goes."
24343,弗,"dollar",0,2025-03-07 16:38:50,"This originally meant ""not"" in Chinese but was adopted to mean dollar in Japanese because it vaguely looks like the #dollar sign#. 

Because its reading フツ was similar to the Dutch fluor meaning fluorine, it also came to mean fluorine."
24400,彐,"broom primitive",0,2025-02-21 15:22:41,"bristles of a broom"
24401,彑,"broom primitive (old)",0,2025-05-09 16:05:34,"Meaning is ""pig's head"". Old form of 彐 (broom primitive), so broom primitive (old)."
24404,彔,"old videotape",0,2025-07-16 18:45:35,"After you *CARVE WOOD*, you need an *old broom* (*{彑}*) and some *water* (*{氵}*) to clean your atelier.

TODO"
24405,录,"dustpan",0,2025-04-22 16:59:08,"A *broom* (*{彐}*) sweeping up *grains of rice* (*{氺}*) brings up the image of a dustpan."
24417,彡,"hair primitive",0,2025-04-02 15:27:11,"This is radical number 59 meaning hair primitive, bristle, stubble, beard."
24435,彳,"to go",0,2025-03-01 17:44:55,"This is radical No. 60 meaning step. It appears in {行} *going*.  My primitive name is *to go*."
24516,忄,"state of mind",0,2025-05-12 11:15:50,"#Standing heart radical#. Always appears on the left. State of mind."
24853,愕,"astonishment",0,2025-08-01 15:33:53,"Astonishment is the *state of mind* (*{忄}*) you have when an *alligator* (*{咢}*) bites you."
24986,憚,"reluctant",0,2025-09-08 15:05:05,"If you had two *mouths* (*{口}*), then something as simple as going out in public would put you in a reluctant *state of mind* (*{忄}*)."
25003,憫,"compassion",0,2025-05-25 17:22:26,"Beyond the *gates* (*{門}*) of Hell, there's a *Scotsman* (*{文}*) eternally playing a windpipe - your *state of mind* (*{忄}*) is to #feel sorry# for anyone condemned to endure such torture."
25096,戈,"fiesta",0,2025-02-21 15:30:32,"The radical is spear. Heisig named it fiesta."
25098,戊,"parade",0,2025-02-21 15:31:56,"Means 5th in rank, fifth sign of the Chinese calendar. It is composed of an extra stroke on top of spear {戈}; the extra stroke acts as a guide. We'll take the guided spear to mean #scythe#."
25100,戌,"march",0,2025-03-02 13:44:16,"Means eleventh sign of Chinese zodiac (The Dog, 7pm-9pm, west-northwest, September). Here we see the Grim Reaper, the *one* 一 wielding a *scythe* {戊}."
25119,戟,"ancient halberd",0,2025-03-14 18:04:45,"#Ancient halberds# were used in ancient times to attack people under the cover of *mist* (龺) during *fiestas* (*{戈}*)."
25120,戠,"kazoo/uproar",0,2025-03-01 15:29:07,"The #uproar# is the *(sound)*  (*{音}*) of people preparing for the *fiesta* (*{戈}*)."
25153,扁,"comic book",0,2025-05-11 13:41:43,"To slide under the *door* (*{戸}*), you need a small, flat  *tome* (*{冊}*): a comic book."
25164,扌,"finger primitive",0,2025-03-01 15:42:32,"This is a variant of (*{手}*) which is the #hand# radical No. 64. (*{扌}*) is called *fingers* by Heisig to distinguish it from (*{手}*)."
25235,抓,"grab",0,2025-03-05 17:30:37,"Big birds use their *fingers* (*{扌}*) and *claws* (*{爪}*) to grab small animals."
25458,捲,"roll up",0,2025-03-19 17:24:55,"I use my *fingers* (*{扌}*) to #roll up# a *scroll* (*{巻}*)."
25545,揉,"massage",0,2025-02-19 15:41:00,"When performing a massage, the *fingers* (*{扌}*) should be *tender* (*{柔}*)."
25623,搗,"pound rice",0,2025-05-07 11:40:22,"It is common practice to use bare fists and *fingers* (*{扌}*)   to pound rice on the *islands* (*{島}*) of Ryukyu, as opposed to the pestle and mortar used on the mainland."
25909,攵,"taskmaster",0,2025-02-21 15:25:08,"[ #taskmaster# (primitive) ] - introduced as *taskmaster* primitive; contrast with *walking legs* (*{夂}*), ""or again"" (*{又}*), father (*{父}*)"
25942,敖,"leisurely",0,2025-05-03 18:10:30,"A #leisurely# day lost in the jungle: The *compass* becomes filled with *soil* (*{土}*) and *taskmaster* (*{攵}*) is unable to find the *direction* (*{方}*) home."
25949,敝,"shredder",0,2025-03-20 17:23:03,"The *little* (*{小}*) *belt* (*{冂}*) was a *little* (*{小}*) bit worn out, so the *taskmaster* (*{攵}*) threw it in the #shredder#."
26081,旡,"waitress",0,2025-05-01 10:44:03,"#choke#: The Waitress chokes on the bit of apple pie she steals from the front counter"
26140,昜,"piggy bank",0,2021-04-26 05:00:09,"Heisig suggests that the lower half of this primitive means ""piglets"". ""piglets"" never appears outside of this particular combination. In other words, it's enough to remember this as a #piggy bank#. 

Pictographic representation of a sun that rises and expands over the horizon like a balloon and casts shadows. *nightbreak* (*{旦}*), *not* (*{勿}*)."
26174,显,"Thor",0,2025-06-26 09:12:19,"Thor is the greatest *Viking* (*{业}*) god under the *sun* (*{日}*)."
26224,晰,"clearly",0,2025-03-02 12:07:24,"You will see the *sun*  (*{日}*)  more clearly if the *trees* (*{木}*) are chopped down with an *axe* (*{斤}*)."
26359,曷,"siesta",0,2025-02-28 13:03:14,"The quintessential siesta: a muchacho (*{人}*) is *sitting*  (*{匕}*)) against a wall (the L-shape), *bound up*  (*{勹}*)  in his serape and covered by his gigantic mariachi hat that covers his entire face under the scorching *sun* (*{日}*).

Note: *aroma*  (*{匂}*)"
26407,朧,"hazy",0,2025-05-25 17:20:07,"The *moon* (*{月}*) was hazy due to all the dust the  *old dragon* (*{龍}*) was stirring up."
26415,术,"resin",0,2025-04-22 16:04:09,"The tree (*{木}*) is *dropping* (*{丶}*) resin all around it."
26431,朿,"thorn tree",0,2025-03-12 18:16:37,"#Thorn tree# is a *tree* (*{木}*) with belt (*{冂}*) full of thorns."
26604,柬,"pick out",0,2020-10-24 16:32:45,"From a *bundle* (*{束}*), I #pick out# *two drops* (丶) as a selection of our best products"
27138,樂,"music [old]",0,2025-07-14 14:48:17,"The most amazing new bird has been found! it's pure *white* (*{白}*) and produces the most beautiful #old music#. It makes its nest in dead *trees* (*{木}*) and eats moth *cocoons* (*{幺}*)."
27410,欒,"happy families",0,2025-06-25 16:16:58,"This kanji is used in 団欒, which means ""happy circle"" or ""sit together in a circle"", which in turns in 家族団欒, means a ""happy family get-together"".

*thread*-like links connect the *words* of all members of the Happy family when they sit together in a circle around the #chinaberry tree#()

Let the top primitive = hushed (a hushed mouth threaded shut to prevent their words) A happy family is never hushed; they’re always singing sing-along tunes while building a tree house at the top of the tree."
27513,歹,"bone primitive",0,2021-12-14 14:48:52,"*One* (*{一}*) *evening*(*{夕}*) was all it took for my #bones# to set."
27514,歺,"vicious",0,2025-06-02 16:53:48,"Killing someone with a *wand* (*{卜}*) before the *evening* (*{夕}*? How vicious...

Alternative form of (*{歹}*) *bone* radical."
27571,殳,"missile",0,2025-03-11 17:54:36,"#Missile# Primitive: Don't think of a missile as a modern rocket. Think of a slingshot firing a rock. The stone rests in the *crotch* of the elastic that is released to send the #missile# projectile flying into/like the *wind*"
27595,毋,"mother radical",0,2025-05-09 08:23:18,"#Mother radical#: Looks like *mama* (*{母}*) but is simplified because the two dots blend together into one line."
27596,毌,"silage",0,2025-05-11 13:57:07,"Heisig calls this silage. This is a variant of radical number 80 {毋}, the mother radical."
27631,毯,"carpet",0,2020-11-17 16:18:32,"Rubbing the carpet against the *fur* (*{毛}*) leads to *inflammation* (*{炎}*)."
27664,氐,"business card",0,2025-03-18 18:02:53,"For the sake of clarity, I have my *family name* (*{氏}*) *underlined* on my business card."
27668,气,"steam",0,2025-02-19 15:45:36,"This is radical 84 meaning steam."
27701,氵,"water primitive",0,2025-05-09 12:32:55,"Radical 85 means #water# and has the variations 水, 氵, and 氺."
27706,氺,"rice grains primitive",0,2025-05-01 10:59:07,"Rice Grains Primitive#
...
note: Heisig calls this rice grains; Historically it is 'Bottom Water'. Can have the middle stroke replaced.  Compare to sparkle."
27777,沁,"permeate",0,2020-12-08 18:00:36,"#permeate#:  This heartache #permeates# like *water* (*{氵}*) into my *heart* (*{心}*)."
27837,沽,"public esteem",0,2025-04-24 09:53:06,"The store's #public esteem# dropped when the truth came out: they had been selling recycled *water* (*{氵}*) that was *old* (*{古}*) but in new bottles."
28335,溯,"go upstream (alternate)",0,2021-01-11 05:53:42,"On the *first day of the month*, all the salmon #go upstream# against the flow of *water* (*{氵}*) to the mating grounds. {溯}\t{遡}  *{屰}* 

You decide to go salmon fishing, so you ride a *mountain goat* (*{朔}*) to the top of the road. Under the light of the moon (*{月}*), as it's illegal, you catch the salmon going upstream."
28580,澤,"bog",0,2020-11-30 07:29:35,"Frodo is travelling through the #bog#. He looks down and casts his *eyes* (*{罒}*) down and sees various phantasms and ghosts promising him *happiness* (*{幸}*), trying to convince him to enter the *water* (*{氵}*}."
28780,灬,"fire below",0,2025-07-09 16:16:07,"[ #fire below# (primitive) ] - variant of ""fire"" (*{火}*) radical 86 when used at bottom of kanji."
28818,炒,"stir-fry",0,2025-06-17 03:33:13,"Only when the *fire* (*{火}*) is *few* (*{少}*), can you #stir-fry# in your pan. 

If the *fire* is too high, the oil will spatter all around and catch *fire*."
28825,炙,"cauterize",0,2025-06-10 18:28:38,"To cauterize, place your *flesh* (*{月}*) over the *fire* (*{火}*)."
29211,爛,"fester",0,2025-08-08 15:05:46,"The dead bodies had begun to fester after the battle: they had to put *fire* (*{火}*) to the *gates* (*{門}*) until the flames *rose high* (*{闌}*)."
29227,爫,"vulture (old)",0,2025-02-24 10:39:00,"[ #vulture# (primitive) ] - introduced at ""claw"" {爪}, appearing in text as ""爫""; however, it usually appears within a kanji as ""⺤""; note: perhaps font-dependent, it can look like ""#⺤#"" or ""⺥"" or ""爫""; note *birdhouse*, introduced in {受} as ⺤/{冖}"
29228,爬,"reptile",0,2020-10-30 19:25:01,"#reptile#: Reptiles are much hunted; their *claws* (*{爪}*) are wanted for making valuable *mosaics* (*{巴}*)."
29232,爰,"migrating ducks",0,2025-02-26 13:25:01,"Migrating ducks stick together like the best of friends, flying together as one (fifth stroke), they are not easy prey for the vultures.

Parts: ⺤ , (*{一}*), (*{友}*)"
29247,爿,"split wood",0,2025-03-01 09:50:13,"This is radical 90 with the meaning split wood.  Its variant is *turtle* (*{丬}*)

(left-side kata radical (no. 90))"
29357,犭,"wild dog",0,2025-02-24 10:22:24,"A dog lying down with its arms,legs, and tail showing."
29519,獏,"baku",0,2025-05-03 11:51:49,"Old hyougai kanji that refers to a tarpir, and also to the mythological #baku# (on which the Pokémon Drowzee is based, incidentally). Built out of *wild dog* (*{犭}*) and *graveyard* (*{莫}*)."
29996,甬,"pogo stick",0,2025-02-28 16:08:46,"Device was approved by a CHOP-SEAL マ to be *utilised* (*{用}*) as a #pogo stick#."
30005,电,"eel",0,2025-03-03 03:17:50,"Shocked when I caught an electric eel in a *rice field* (*{田}*) with a *hook* (*{乚}*)."
30032,畐,"wealth",0,2024-02-23 14:31:40,"#WEALTH# in Japan is interpreted as having a whole *rice field* 田 for just *one* 一 *mouth* 口. cf {富}"
30078,畾,"three fields",0,2025-07-16 19:05:59,"""Fields separated by dikes""

TODO"
30092,疌,"promptly",0,2025-08-18 03:48:06,"*10*  (*{十}*) *rakes* will allow you to promptly finish cleaning to get to your other chores such as *mending* clothes."
30098,疒,"caveman",0,2025-03-25 19:56:44,"The *icy* (*{冫}*) cold *cave* (*{广}*) made me #sick#. Radical number 104 meaning #sickness#. My primitive names are *sickness* and *sick*."
30339,皃,"snowman",0,2025-07-14 14:38:20,"#Snowman# has a *white* (*{白}*) appearance and *human legs8 (*{儿}*).  Also (*{兀}*)."
30433,盡,"exhausted",0,2025-05-11 14:08:43,"I'm so exhausted, I tried to dip my writing brush in an inkpot, but I accidentally but it in a boiling casserole dish! Now my brush is ruined..."
30552,睘,"round primitive",0,2025-06-09 03:39:22,"#Round# like a *ring* (*{環}*), but without the *king* (*{王}*).

(The *ring* (*{環}*) kanji minus the *king* (*{王}*) primitive)."
30738,砒,"arsenic",0,2025-03-07 16:41:34,"If you get arsenic poisoning, your hands can be *compared* (*{比}*) to a *stone* (*{石}*)."
30836,硴,"oyster shell",0,2017-09-14 07:28:42,"#oyster shell#: People used to think that #oyster shells# on the shore were petals of *stone* (*{石}*) *flower* (*{花}*) from the deep."
30844,硼,"boron",0,2025-03-07 16:43:33,"#boron# is an element found in *stones* (*{石}*) that has 5 pairs of protons and electrons as *companions* (*{朋}*)."
31035,礻,"altar",0,2025-02-26 14:54:25,"""ね, do you believe in gods?"" (katakana ネ ""Ne"")."
31160,禸,"rump",0,2025-07-20 16:54:35,"Rump was attached to the *belt* (*{冂}*) and steadied with an *elbow* (*{厶}*)."
31162,禺,"Jiminy Cricket",0,2025-04-16 12:47:03,"Jiminy Cricket: a brainy insect, with a belt sort of sash to hold his ""conscience"" badge ... see (*{偶}*).
The kanji is  Long Tailed Monkey."
31163,离,"sheik",0,2025-07-20 16:56:20,"Sheik with a *top hat* (*{亠}*), known *villain* (*{凶}*) to all, was eating a *rump* (*{禸}*) from a rare beast.

(The kanji actually means ""rare beast"")."
31166,禾,"wheat",0,2025-03-08 05:40:04,"Wheat

Not actually a stand alone 漢字, this is a standard radical given the name のぎ, because it is a Katakana ノ written above *tree* (*{木}*)."
31453,竝,"row (alternate)",0,2025-06-12 15:57:05,"Two people *standing* (*{立}*) in a #row#"
31455,竟,"endpoint",0,2025-03-01 15:33:23,"*Sound* (*{音}*) travels with its *legs* (*{儿}*) until it hits an endpoint, like a wall or mirror."
31605,筵,"straw-mat",0,2025-08-18 16:33:38,"#Straw mats# with interlaced *bamboo* (⺮)have a *prolonged* (*{延}*) life-span."
31744,簀,"bamboo mat",0,2025-07-05 09:52:13,"Bamboo mat.  When you *blame* (*{責}*) someone for a crime, you wrap them up in a *bamboo* (⺮) mat to throw them in the river.  So bamboo blame = bamboo mat."
31910,粦,"Tom Cruise",0,2025-08-02 15:56:54,"Tom Cruise is probably the most famous American (*{米}*) with sunglasses (*{舛}*)."
31933,粽,"bamboo wrapped dumpling",0,2021-01-28 16:33:48,"#bamboo wrapped dumpling#: The *religion* (*{宗}*) dedicated to the humble bamboo wrapped dumpling banned the consumption of all *rice* (*{米}*) and subsequent grain produce"
32006,紆,"complication",0,2025-06-10 16:06:52,"If *thread* (*{糸}*) *dries* (*{干}*) too much in the production process, this can present many #complications#, such as snapping upon first use."
32266,縊,"hanging",0,2025-07-13 15:11:16,"*Eight* (*{八}*) *dishes* (*{皿}*)  hanging from *eight* (*{八}*) and *one* (*{一}*) *threads* (*{糸}*)."
32594,罒,"eyes",0,2025-03-25 12:34:06,"This is radical no. 122 with the meaning net. In addition, 目 and 罒 are both considered forms of radical no. 109 with the meaning eye."
32596,罔,"net trap",0,2025-06-11 15:05:20,"The net trap caught the horned (䒑) animal and soon it was *deceased* (*{亡}*)"
32608,罠,"trap",0,2024-11-05 06:51:05,"#trap#: *Eyes* (*{罒}*) watch over the *people* (*{民}*) as they wait for them to walk straight into the trap they’ve set."
32735,翟,"futon",0,2020-10-30 17:18:53,"Meaning: #surname, kind of pheasant#. But Katsuo's primitive name ""FUTON"" is much better for stories - Your FUTON is made of *turkey* (*{隹}*) *feathers* (*{羽}*). See {曜}; {濯}; {躍}; {燿}; {耀}..."
32770,耂,"old man primitive",0,2025-04-22 04:52:20,"The staff (ノ) on the *soil* (*{土}*) belongs to the dirty old man."
32786,耒,"christmas tree",0,2025-05-08 13:55:31,"A *tree* with many *bushes* makes a good Christmas tree."
32852,联,"unite",0,2025-09-09 13:54:35,"If you say something nice in the *ears* (*{耳}*) of the *golden calf* (*{关}*) maybe you can unit with it?"
32895,聿,"brush",0,2025-02-21 15:23:03,"Radical number 129 meaning #brush#. It is a pictograph of *fingers* (*{彐}*) holding a brush."
32896,肀,"rake",0,2025-03-23 19:25:15,"肀 is rake. Its elements are (*{彐}*) and (*{丨}*)."
32915,肓,"diaphragm",0,2025-08-18 16:39:39,"The *body* (*{月}*) part that is so deep it cannot be reached until we are *deceased* (*{亡}*).

The body parts where we would die if pierced by a needle are those that acupuncture cannot reach."
32921,肙,"small worm",0,2025-03-12 18:08:28,"#Small worm# is just hungry *mouth* (*{口}*) and a bit of a *flesh* (*{月}*)."
33284,舄,"magpie",0,2025-07-20 17:24:58,"Means magpie/clogs.

http://zhongwen.com/d/219/x87.htm

Not used in Japanese.

The character is bird but drawn oddly.

The #magpie# is going to be punished. This thieving *bird* has had its *tail feathers* *bound* (*{勹}*) so that it can't fly away and they're going to grind its head in a *mortar* (*{臼}*)!"
33307,舛,"dancing legs",0,2025-03-13 18:14:35,"The dancing radical, number 136. It evolved in Chinese from a picture of a left foot and a right foot."
33390,艮,"bright-silver",0,2025-04-03 11:44:07,"[ #silver (primitive)# ] - RHS of full silver {銀} kanji; note unusual drawing order: ‘彐‘ first, then long vertical line; when on LHS, last two strokes may be omitted; don’t confuse with good {良}"
33400,艸,"grass radical full",0,2025-05-10 12:42:19,"Full form of the grass radical (*{艹}*)."
33401,艹,"flower primitive",0,2025-03-02 18:11:00,"This is radical number 140 meaning #grass#. It is an abbreviated form of {艸} which means grass. It is used in {草} (くさ) which is #grass#.  I call it #grass# in my stories. Since #grass# can also mean marijuana, calling this primitive #grass# is sometimes more useful than calling it flower as Heisig does. #Grass# is also closer to the traditional meaning"
33593,茹,"boil up",0,2025-07-30 16:31:43,"Stuffing *flowers* (*{艹}*) in a *woman's* (*{女}*) *mouth* (*{口}*) will cause her to boil up."
34297,藹,"noble",0,2025-06-10 18:21:29,"Remember to bring *flowers* (*{艹}*) before seeking an *old audience* with the noble folk.

Old audience is using*old siesta* (*{曷}*) instead of the regular one."
34381,虍,"tiger radical",0,2025-03-15 19:23:14,"Lucky for you, you are standing *above* (*{上}*) the *cliff* (*{厂}*) because below is where *seven* (*{七}*) *tigers* (*{虍}*) are waiting."
34796,蟬,"cicada [old]",0,2025-02-24 16:55:48,"#cicada [old]#: Old form of 蝉, using 單 instead of 単."
34851,蠣,"oyster [old]",0,2025-04-10 14:06:33,"Like a swarm of *insects* (*{虫}*), #oyster#s can be found under *cliffs* (*{厂}*) by clusters of *(old) ten thousand* (*{萬}*)."
34916,衤,"cloak",0,2025-02-26 14:53:30,"The altar (*{礻}*) has a *hook* to hang your cloak."
34945,袁,"long kimono",0,2025-05-09 08:24:51,"Long kimono - a *scarf* reaching from your *mouth* (*{口}*) to the *soil* (*{土}*) over your head."
35200,覀,"old west",0,2025-03-10 06:57:13,"This primitive (old west)  is a variation of *west* (*{西}*), and normally comes on top of other components. (*{価}*) is an exception."
35355,訛,"accent",0,2025-06-02 17:23:15,"Accents are nothing but *words* (*{言}*) that have *changed* (*{化}*)."
35473,誑,"deceive",0,2022-05-10 03:01:16,"#deceive#: The *words* (*{言}*) of a *lunatic* (*{狂}*) are #deceiving# whether they’re trying or not."
35522,諂,"flatter",0,2025-08-25 18:28:04,"To suck up to your boss, who enjoys cooking, you buy him a *bound up* (*{勹}*) *mortar* (*{臼}*), wrap it up and write *words* (*{言}*) of flattery on the card."
35925,豕,"sow (female pig)",0,2025-03-02 18:13:07,"For me I instantly saw this as a pictograph; the middle and right side of the character are the #sow# laying on her side and the three strokes on the left are piglets in a row suckling."
35929,豙,"Porky",0,2025-08-05 17:44:55,"Porky is just a  *sow* (*{豕}*) *standing up* (*{立}*)."
35942,豦,"wild boar",0,2022-12-11 16:51:04,"A #wild boar# is a *sow* (*{豕}*) with the temper of a *tiger* (*{虎}*) (and *{虍}*)."
35960,豸,"skunk",0,2025-02-26 13:59:34,"This is radical No. 153: the badger (むじな) radical, but Heisig calls it #skunk#."
36101,贅,"excess",0,2025-05-03 18:06:21,"A *leisurely* (*{敖}*) life of using *money* (*{貝}*) in excess."
36555,軋,"squeek",0,2024-02-29 11:40:03,"#squeak#: The *car* (*{車}*) that had a *hook* (*{乚}*) shoved under the hood squeaked a lot."
36706,轢,"run over",0,2025-07-24 18:35:37,"Sad *old music* (*{樂}*) music plays as the *car* (*{車}*) slams on its brakes, but the road is wet and the person crossing is run over.

The right primitive is the old form of music (*{樂}*)."
36767,辟,"ketchup",0,2025-03-25 19:55:21,"Ketchup sends warning *flags* (*{尸}*) to your *mouth* (*{口}*). Too *spicy* (*{辛}*)!!!"
36790,辶,"road primitive",0,2025-02-26 13:10:14,"Road primitive"
36953,遙,"far off [old]",0,2025-02-28 17:00:12,"Story for *old condor*: In the olden days, *condors* were poached for the *tin can* (*{缶}*) *flesh* (*{月}*) trade on the *road* (*{辶}*).

 #far off [old]#: On the long long *road* (*{辶}*) through the desert, #far off# you can see a *condor* flying..."
36989,遽,"haste",0,2025-03-25 19:54:16,"Make #haste#! *wild boar* (*{豦}*) detected on the *road* (*{辶}*)!"
37318,釆,"animal tracks",0,2025-05-28 07:42:02,"Hansel and Gretel were walking through the woods, placing drops (*{丶}*) of rice (*{米}*) to mark their path. But when they turned back, all they saw were animal tracks."
38264,镸,"long (variant)",0,2025-05-11 14:05:57,"Variant of *long* (*{長}*)."
38271,长,"hairpin",0,2025-05-10 12:51:54,"This is actually a variant of (*{長}*)"
38287,閏,"leap year",0,2020-10-27 19:21:08,"Every #leap year#, Bill *Gates* (*{門}*) tries to become a KING (*{王}*)."
38348,闌,"rise high",0,2025-08-08 13:47:00,"After a long journey through mountains and valleys, the *gates* (*{門}*)  to the royal city finally appear. At these *gates* (*{門}*) they *pick out* (*{柬}*) those who have *risen high* and let them enter."
38429,阝,"The Pinnacle",0,2025-04-30 14:08:57,"This looks like the Greek letter beta β. When it appears on the LEFT it's a simplification of {阜}, and we will then call it The Pinnacle.

When it appears on the RIGHT it's a simplification of {邑}, and we will then call it *city walls*."
38475,陋,"undesirable",0,2025-06-27 15:17:24,"Compared to *The Pinnacle* (*{阝}*), my house is *third class* (*{丙}*) and truly undesirable."
38582,隶,"sieve",0,2025-04-18 03:15:33,"Hey, don't use *rake* (*{肀}*) to filter the *underwater* (*{氺}*), that's what #sieve# is for."
38585,隹,"turkey",0,2025-04-28 05:35:41,"隹 #Turkey# {隹}......

Radical:  172
bird, old bird radical (no. 172)
サイ、 スイ、 とり
部首名 ふるとり"
38859,韋,"locket",0,2025-05-12 11:25:00,"*#LOCKET#* primitive. The teacher was *missing one* of her *five* lockets. A search of the students uncovered that it was in the *mouth* (*{口}*) of that weird girl who always wears *novelty sunglasses* (ヰ). (Using *five* {五}  missing stroke number one for ""missing one of five"".)"
38893,韭,"green onion",0,2025-05-11 13:37:13,"#Green onion#. Uncommon kanji which appears to have the same meaning as *leek* (*{韮}*)."
38897,韱,"wild onions",0,2025-08-11 03:17:24,"This kanji means leek or wild scallion. Compare {韮} and {韭}.
Let's call 㦰 as speed dating event. A fiesta {戈} where two people meet {从}.
Story: At the speed dating event, I was worried my breath smells like the WILD SCALLION that I ate prior"
38967,頷,"nod",0,2025-06-04 13:54:52,"A nod does *include* (*{含}*) a movement of the *head* (*{頁}*)."
39136,飠,"eat primitive",0,2025-04-12 08:31:07,"Variation of radical 184 meaning food or to #eat#. Simplified form of (*{食} *) *eat*."
39171,餃,"gyoza",0,2016-11-04 12:01:16,"I usually MINGLE  at the old-style FOOD shop where I eat GYOZA

When I eat #gyoza# I go to the old-style food shop and *mingle* (*{交}*)."
39647,髟,"mane",0,2025-03-31 07:23:14,"A mane is *long* (*{長}*) *shape* (*{彡}*) hair.

Note: *{髟}* is long hair radical (no. 190)

[*{長}* == *{镸}*]"
39671,髷,"topknot",0,2020-12-26 15:46:24,"a #topknot# is a *mane* (*{髟}*) that is *bent* (*{曲}*) together."
39788,魬,"hamachi",0,2025-03-25 19:51:45,"Hamachi is a *fish* (*{魚}*) that is quite *anti* (*{反}*) likable."
39827,鮓,"preserved sushi",0,2025-05-11 13:44:05,"#Preserved sushi#: Refers to a *fish* (*{魚}*) served with rice that is covered in *vinegar*. Refer to (*{酢}*) for the *saw* (*{乍}*) primitive."
40407,鷗,"seagull [old]",0,2025-03-25 19:50:24,"Considering the #seagull# is a *bird* (*{鳥}*) that will eat almost anything you throw at it, I'm surprised they don't *vomit* (*{區}*) more often.

New form: → {鴎}."
40778,齊,"adjusted [old]",0,2025-05-22 15:27:00,"A special kilt, with DAGGER {刀} on the left and RECEIPTS on the right, had to be #old adjusted#.

Note: 齊 is even radical (no. 210)."
40782,齎,"bring about",0,2025-05-22 15:23:25,"This will #bring about# changes to our contract. If you really want it to be *adjusted [old]* (*{齊}*), you have to dole out more *shells* (*{貝}*)."
